#公安部对30人发出A级通缉令# 一个人贩子判死刑前说出的话，让人目瞪口呆！ 问：你为什么要贩卖儿童？答：钱来得快又比较简单。   问：你不知道是犯罪吗？答：不就是一个小孩吗？他们可以再生呗！   问：你参与过多少次贩卖儿童的犯罪行为？最多一次拐了几个？答：记不清了，每个月都卖好几个。最多一次好像拐了3-4个，记不清了。   问：你知道被贩卖儿童的去向吗？答：全国各地都有，有专门的人卖，我就负责拐。上面人不允许我知道孩子下落，说是怕警察查到他们。   问：你的作案手法？答：哄得听的就骗，太机灵的就抢，不听话的就打晕带走，大人不留神就下手了。   问：你是不是瞄准了一些儿童作案的？答：看着健康的就留意一下，穿着漂亮的也留意，质量好的才能卖个好价钱。   问：拐卖过程中你是否曾杀害儿童？答：（沉默了一会，点头）那娃哭声太大，差点把人招来，和我一伙的怕事，就把娃丢河里了。这是他干的，不是我！   面对他回答的每一句，我们的心都在滴血。让我们心惊的是他已经不记得贩卖了多少的儿童，让多少家庭破碎，光是一想就恨得牙痒痒！ 有媒体称，中国每年失踪儿童有20万，而找回率仅有0.1%。这也就意味着剩下99.9%的家庭，都在破碎的边缘。孩子的被拐，改写的不仅是孩子的人生，同样是父母的人生。对这些拐卖人口的犯罪团伙要严厉打击。                ,严惩不贷！;买孩子的、卖孩子的都得拉出去枪毙五分钟;也许他们在面对枪毙的那一刻还在纳闷“不就是一个小孩吗？至于吗？”;,2019/12/26 23:55,rumor
#人贩子梅姨落网，在湖南郴州已落网 深圳·中信城市广场,,2019/11/17 11:05,rumor
现在的人贩子也太猖狂了吧？抓到必须严惩啊！  我的损友是个极品的微博视频,牵着的另外那个孩子会不会是被拐的？;换我，绝对报警！;家长一点都不担心，干嘛让她跑，店主还比她们俩操心。;,2019/9/28 13:00,rumor
湖北的朋友们，有个被拐儿童在广东汕头派出所，口音像湖北的，转发一下希望早点找到他爸妈！爱心接力🙏🙏🙏看到这种消息，非常痛恨人贩子，非常心疼孩子，愿他们一家早日团聚🙏🙏 童颜永在--心理医生的微博视频,,2019/7/18 8:55,rumor
【震怒：这伙人贩子太猖獗了】如今的人贩子越来越猖獗了，竟敢一路开车一路偷盗小孩，还随车携带匕首等作案凶器，幸好警察当场抓获了这伙全副武装的人贩子......善意提醒：如今的人贩子真的无孔不入，希望家长们务必看好自己的孩子！#这伙人贩子太猖獗了# 西子丹聊斋的微博视频,,2019/7/19 22:38,rumor
合肥市交警在包河大道抓到一个人贩子！带小孩子外出要注意安全！感谢人民警察！@合肥110  @合肥交警   合肥 合肥豁牙巴的微博视频,不是合肥本地，别传谣;这是温州的;合肥警方已经辟谣了;,2019/7/11 20:23,rumor
愿天下人贩子都能如畜生对待。#红人的诞生# 快来看啊的秒拍视频,人贩子就tm应该抓到一个枪毙一个;人贩子之所以贩卖小孩儿，是因为有利可图，如果我们每个人都拒绝买小孩的话，这种情况就会减少。不过说真的，你要是真缺孩子，就不能去领养一个么，孤儿院的孤儿那么多，领养还不犯法。;还是古代连坐的法律好，一个人犯罪杀一家。针对人贩子;,2018/12/31 0:35,rumor
网传一个推拿私人诊所，从人贩子手里买了一个小孩子做活体示范。请大家转发 ，找找这几个畜生！为这个小孩子找到父母亲，转发就等于做件善事！ http,,2018/8/9 20:48,rumor
网传一个推拿私人诊所，从人贩子手里买了一个小孩子做活体示范，先把孩子脖子扭歪，然后再校正，请大家转发 ，人肉那牲口，找找这几个畜生！为这个小孩子找到父母亲，转发就等于做件善事！ 南通·世贸广场 http,,2018/8/9 19:37,rumor
建昌营北关的孩子、被外地批发冰棍的人塞进了冷冻车里、幸亏发现的及时、孩子得救了、偷孩子的人正在被挨打、提醒大家、一定要看好自己的孩子、路过的请转发 秦皇岛·安山镇 愛吥解释520LI的微博视频,谣言止于智者、不造谣不传谣、;辟谣了！！！;辟谣;,2018/7/11 21:15,rumor
昨天甘肃金昌，武威被偷了三个孩子，兰州也丢了两个孩子～有一个陌生人刚把孩子迷晕，幸好被人及时发现，偷孩子的两个人被抓了起来，现关在武威东关派出所。根据他们交代，这一次他们这个团伙派了一千多人，专偷七岁以上的孩子，可能是要人体器官，比如肾脏什么的。今天古浪县偷了5个孩子，最小4岁，最大12岁，现已全城戒严。在微信圈发一下，提醒各位父母，孩子贪玩，时时关注玩耍去向。莫一时大意，丢了孩子。请看管好自己的宝贝儿！ 昨天晚饭时，永昌一中旁一妇女一个1岁多的小孩被3疑犯抢走 注意了 ，甘A68815奥迪车，在各学校门口抢小孩！！！110已经证实！！全市通缉！！不求点,回复@流水潺潺_18077:这个我也不知道咋么弄上去的，账号我已经很久没登过了;再别传谣造谣了，这是谣言。;,2018/6/28 19:40,rumor
太嚣张了，爷爷接小孩放学，被黄衣服人贩子当街抢走要拐掉卖了，被识破后还要抢小孩。。太可怕了，请家长们多加注意防范秒拍视频 三明·火烈鸟自助KTV,,2018/6/26 0:18,rumor
罗甸县公安局， 紧急通知。请所有家长注意，罗甸县昨日在罗捆被偷了止跳动三个孩子，罗妥也丢了两个孩子，有一个陌生人刚把孩子迷晕，幸好被人及时发现，偷孩子的两人以被公安机关抓获，关押在龙评派出所。根据他们交代，这一次他们这个团伙派了500多人，专偷三岁以上的孩子，可能是要人体器官，比如肾脏什么的。前天安底偷了5个孩子，最小4岁，最大12岁，现已全城戒严。在微信圈发一下，提醒各位父母，孩子贪玩，时时关注玩耍去向。莫一时大意，丢了孩子。请看管好自己的宝贝儿！ 昨天晚饭时，虎口乡妇女一个1岁多的小孩被3疑犯抢走 注意了 ，贵AA4983黑色越野车，在各学校门口抢小孩！！！110已经证实！！不求点,您好，我是罗甸县公安局网上公开巡查执法网警。经初步核查，您的账号发布含有不实的信息内容，请自行将其删除。警方提示：根据《治安管理处罚法》，散布谣言，谎报险情、疫情、警情或者以其他方法故意扰乱公共秩序的行为，公安机关将依法予以处理。;博主您好，你所反映的问题已经转罗甸县公安局网安大队核实！请不要信谣传谣！;传谣造谣要负法律责任的。我是罗甸的，没有听到你所说的内容！;,2018/4/26 10:55,rumor
请所有朋友注意了，挨千刀的狼又来了，昨天六堰被偷了三个孩子，郧县也丢了两个孩子有一个陌生人刚把孩子迷晕，幸好被路过人及时发现，偷孩子的两个人被抓了起来，根据他们交代，这一次他们这个团伙派了一百多人，专偷四岁以上的孩子，可能是要人体器官，比如肾脏什么的。前天重庆偷了25个孩子，最小4岁，最大12岁，现已全城戒严。在微信圈发一下，提醒各位父母，孩子贪玩，时时关注玩耍去向。莫一时大意，丢了孩子。请看管好自己的宝贝儿！ 昨天晚饭时，城关一妇女一个1岁多的小孩被3疑犯抢走 注意了 ，皖M.68815奥迪车，在十堰各学校门口抢小孩！！！110已经证实！！湖北省全市通缉！！不求点,,2018/4/19 22:15,rumor
注意了，武汉江夏洪山附近人贩子当街抢人，三个女大学生被拉上面包车，女孩子以后晚上还是不要出门了，出门带刀保护自己，不要给人贩子机会 武汉·和平街区 用户5231408953的秒拍视频,这样了都还不实？;博主太闲了，没事做？;,2018/3/28 0:00,rumor
请所有家长注意了，挨千刀的狼又来了，昨天贵阳被偷了三个孩子，普定也丢了两个孩子～有一个陌生人刚把孩子迷晕，幸好被人及时发现，偷孩子的两个人被抓了起来，现关在贵阳市派出所。根据他们交代，这一次他们这个团伙派了一百多人，专偷七岁以上的孩子，可能是要人体器官，比如肾脏什么的。今天惠水县偷了5个孩子，最小4岁，最大12岁，现已全城戒严。在微信圈发一下，提醒各位父母，孩子贪玩，时时关注玩耍去向。莫一时大意，丢了孩子。请看管好自己的宝贝儿！ 昨天晚饭时，安顺一妇女一个1岁多的小孩被3疑犯抢走 注意了 ，皖M.68815奥迪车，在各学校门口抢小孩！！！110已经证实！！全市通缉！！不求点,经核实，此为不实消息，请勿造谣勿传谣，尽快删除。;,2018/1/2 9:32,rumor
人贩子太可恶了！大家帮忙转发吧！本人：王国军18637060228今天上午的5岁女儿在燕郊，102国道东，新锐时代东侧，新时代双语幼儿园门口附近被人拐走了，女儿能说出她妈妈的手机号码 从监控上看是被一个三十多岁女人抱走了现我们家老爷爷都急疯了 有知情者请告之 万分感谢 看到信息的兄弟姐妹留意一下 联系人 王国军18637060228如果看一眼懒得转的冷漠人也请你伸出手指按3秒 看到就转转吧 我们都会有孩子 谢谢你必有重谢  50万元整  谁的群多大家帮忙转发一下！好 人一生平安。 三河·燕郊       ,,2017/11/20 23:13,rumor
昨天成都被偷了三个孩子，崇州也丢了两个孩子～有一个陌生人刚把孩子迷晕，幸好被人及时发现，偷孩子的两个人被抓了起来，现关在东关派出所。根据他们交代，这一次他们这个团伙派了一千多人，专偷七岁以上的孩子，可能是要人体器官，比如肾脏什么的。今天茌平县偷了5个孩子，最小4岁，最大12岁，现已全城戒严。在微信圈发一下，提醒各位父母，孩子贪玩，时时关注玩耍去向。莫一时大意，丢了孩子。请看管好自己的宝贝儿！ 昨天晚饭时，大丰一妇女一个1岁多的小孩被3疑犯抢走 注意了 ，川j68815奥迪车，在各学校门口抢小孩！！！110已经证实！！全市通缉！！不求点,这个已经多次辟谣了，还发？？？;,2017/11/14 8:56,rumor
🍂为这个爸爸的机智👏！一个丢孩子的真事，我觉得应该广泛宣传一下，家长在商场发现孩子丢了，跟保安反映，保安无动于衷，孩子爸抄起灭火器就把周大福柜台给砸了，然后警铃大作，保安全体出动，商场所有门都关了，然后他们说孩子丢了，最后在一个厕所里找到了孩子，孩子的头发已经被剃了，衣服也已经换了，这不是玩笑，这么短的时间小孩就换了个发型和衣服！可想人贩子有多少心思，不需点,,2017/10/11 7:50,rumor
请所有家长注意了，挨千刀的狼又来了，昨天在六枝被偷了三个孩子，开阳县也丢了两个孩子～有一个陌生人刚把孩子迷晕，幸好被人及时发现，偷孩子的两个人被抓了起来，现关在修文派出所。根据他们交代，这一次他们这个团伙派了一百多人，专偷七岁以上的孩子，可能是要人体器官，比如肾脏什么的。前天重庆偷了5个孩子，最小4岁，最大12岁，现已全城戒严。在微信圈发一下，提醒各位父母，孩子贪玩，时时关注玩耍去向。莫一时大意，丢了孩子。请看管好自己的宝贝儿！ 昨天晚饭时，城关一妇女一个1岁多的小孩被3疑犯抢走 注意了 ，皖M.68815奥迪车，在各学校门口抢小孩！！！110已经证实！！贵阳全市通缉！！不求点,,2017/10/6 23:52,rumor
今天中午发生在湖南省娄底涟源市六亩塘镇扶科村的一个真实的事件，7个人贩子团伙来到扶珂村，开着白色现代越野车已卖被子为由见小孩就抱，在抱小孩上车的瞬间被村民看到，村民们努力追捕救出了小孩，幸好没酿成悲剧，🙏🙏🙏7个人已被抓了2个，警察的到来，在他们身上搜出了地图上画了好多圈圈，所有提醒广大市民看好自家的小孩，千万要警惕。这种人就算枪毙也是太便宜了[发怒][发怒]@红网 @长沙头条 @红网 娄底·涟源汽车站,回复@i鹿晗是我男神啊:不是 公安应该只是安抚群众的心 确实是抢了孩子;回复@曦妤ii:恩，人家微信公安都澄清了，麻烦你看下再来回话;回复@i鹿晗是我男神啊:说是卖棉被的，但是你有见过大夏天的还开着那么好的车，一个团伙来山沟沟里卖棉被的么？你信？;,2017/6/28 19:04,rumor
昨天郯城县被偷了三个孩子，李庄也丢了两个孩子～有一个陌生人刚把孩子迷晕，幸好被人及时发现，偷孩子的两个人被抓了起来，现关在东关派出所。根据他们交代，这一次他们这个团伙派了一百多人，专偷七岁以上的孩子，可能是要人体器官，比如肾脏什么的。今天丰县偷了5个孩子，最小4岁，最大12岁，现已全城戒严。在微信圈发一下，提醒各位父母，孩子贪玩，时时关注玩耍去向。莫一时大意，丢了孩子。请看管好自己的宝贝儿！ 昨天晚饭时，河东太平一妇女一个1岁多的小孩被3疑犯抢走 注意了 ，冀j68815奥迪车，在各学校门口抢小孩！！！110已经证实！！临沂全市通缉！！不求点,,2017/4/20 21:19,rumor
中国公民在澳洲闯红灯被击毙！？行人闯红灯，这在中国是多么平常的不能再平常的事情了。难道是澳洲警察执法过于严格了？！在中国别说行人闯红灯，自行车、电动车等等根本无视交通信号的存在。这一切皆归功于咱们所谓的“人性化”交通法规，非机动车、行人与机动车发生事故，无论谁的责任机动车都得赔偿前者。中国这特殊的法规就产生了特殊的职业“碰瓷”。笔者没去过国外，但是听国外旅游回来的人讲，国外行人和机动车各行其道，各自严格遵守交通信号，街上根本看不到警察，也听不到汽车喇叭声。据说法律责任分的很清楚，即使是行人违规被机动车撞到，不仅机动车无责，而且由此对机动车造成的损坏行人也得承担赔偿责任。笔者没有那么高的学识关心政治，不是笔者崇洋媚外，贬低咱自己的同胞。说实话，咱国人的确宠不得，但凡能钻一点空子就绝不放过。据说是“猫论”毁了这几代人，，自上而下都没有信仰，不讲道德。。。。高官是卖官、卖资源、卖土地、卖项目，小官吃、拿、卡、占、要，有点头脑胆量的就造假、诈骗、偷孩子，甚至偷尸体。，剩下的普通百姓也能偷就偷点，能占就占点，能讹就讹点，就连老头老太太摔倒都会去讹诈扶起他的人。“乱世须用重典”，在这种大环境下，制定这种所谓的“人性化”交通管理赔偿法，无形中助长了人们的交通恶习，更加淡漠了交通法规，片面地加重机动车管理处罚并不能杜绝事故的发生。那名外国警察击毙了闯红灯者，只不过是提前了若干时间结束了她的生命，因为她这种无视交通安全的行为早晚会被葬身车轮之下，如果在中国，她不仅害了自己，更害了其他的驾驶人。说这些只是自己的一些看法，不是我冷血，更谈不上反动。我真心地希望咱们的国家繁荣昌盛，真正文明，和谐，不再听回来的人用羡慕的口吻大,,2017/3/17 10:31,rumor
请所有家长注意了，挨千刀的狼又来了，昨天富宁县被偷了三个孩子，归朝也丢了两个孩子～有一个陌生人刚把孩子迷晕，幸好被人及时发现，偷孩子的两个人被抓了起来，现关在开远派出所。根据他们交代，这一次他们这个团伙派了一百多人，专偷七岁以上的孩子，可能是要人体器官，比如肾脏什么的。今天个旧偷了5个孩子，最小4岁，最大12岁，现已全城戒严。在微信圈发一下，提醒各位父母，孩子贪玩，时时关注玩耍去向。莫一时大意，丢了孩子。请看管好自己的宝贝儿！ 昨天晚饭时，南关一妇女一个1岁多的小孩被3疑犯抢走 注意了 ，皖M.68815奥迪车，在各学校门口抢小孩！！！110已经证实！！全市通缉！！不求点,,2017/3/23 17:38,rumor
。昨天平南县大安镇被偷了三个孩子，桂平市木乐镇四合村也丢了两个孩子～有一个陌生人刚把孩子迷晕，幸好被人及时发现，偷孩子的两个人被抓了起来，现关在桂平市公安局（打拐办处）根据他们交代，这一次他们这个团伙派了一百单八条好汉，专偷七岁以上的孩子，可能是要人体器官，比如肾脏什么的。今天张晓清偷了5个孩子，最小4岁，最大12岁，现已全城戒严。在微信圈发一下，提醒各位父母，孩子贪玩，时时关注玩耍去向。莫一时大意，丢了孩子。请看管好自己的宝贝儿！ 昨天晚饭时，三合一妇女一个1岁多的小孩被3疑犯抢走 注意了 ，桂A （6W059）奥迪车，在各学校门口抢小孩！！！110已经证实！！贵港市全市通缉！！不求点,你好，我们已关注你发的贴文。根据《计算机信息网络国际联网安全保护管理办法》（公安部令第33号）第五条的规定，不得制作、复制和传播捏造或者歪曲事实、散布谣言、扰乱社会秩序的信息，构成违法的将予以追究法律责任。请你自行删除相关信息。;,2017/2/23 11:06,rumor
昨天尉氏黄家村被偷了三个孩子，王家也丢了两个孩子～有一个陌生人刚把孩子迷晕，幸好被王云田及时发现，偷孩子的两个人被抓了起来，现关在派出所。根据他们交代，这一次他们这个团伙派佬龙一百多人，专偷七岁以上的孩子，可能是要人体器官，比如肾脏什么的。今天桑村偷了5个孩子，最小4岁，最大12岁，现已全城戒严。在朋友圈发一下，提醒各位父母，孩子贪玩，时时关注玩耍去向。莫一时大意，丢了孩子。请看管好自己的宝贝儿！ 昨天晚饭时，城南一妇女一个1岁多的小孩被3疑犯抢走 注意了 ，冀j68815奥迪车，在各学校门口抢小孩！！！110已经证实！！全市通缉！！不求点,,2017/2/19 14:59,rumor
请所有家长注意了，挨千刀的狼又来了，昨天丰都县被偷了三个孩子，开县也丢了两个孩子～有一个陌生人刚把孩子迷晕，幸好被人及时发现，偷孩子的两个人被抓了起来，现关在荔枝派出所。根据他们交代，这一次他们这个团伙派了一百多人，专偷七岁以上的孩子，可能是要人体器官，比如肾脏什么的。今天重庆偷了5个孩子，最小4岁，最大12岁，现已全城戒严。在微信圈发一下，提醒各位父母，孩子贪玩，时时关注玩耍去向。莫一时大意，丢了孩子。请看管好自己的宝贝儿！ 昨天晚饭时，南关一妇女一个1岁多的小孩被3疑犯抢走 注意了 ，皖M.68815奥迪车，在各学校门口抢小孩！！！110已经证实！！重庆全市通缉！！不求点,请求删帖。;你好，经核查你所发布的“丰都县被偷了三个孩子，开县也丢了两个孩子”的信息系谣言，网警已辟谣，请立即将该微博删除。;你这样发谣言，要被抓的;,2017/2/18 7:59,rumor
昨天浚县被偷了三个孩子八里庄也丢了两个孩子～有一个陌生人刚把孩子迷晕，幸好被有一个老人及时看见偷孩子的两个人被抓了起来，现关在派出所。根据他们交代，这一次他们这个团伙派佬龙一百多人，专偷七岁以上的孩子，可能是要人体器官，比如肾脏什么的。今天聂渡村偷了5个孩子，最小4岁，最大12岁，现已全城戒严。在朋友圈发一下，提醒各位父母，孩子贪玩，时时关注玩耍去向。莫一时大意，丢了孩子。请看管好自己的宝贝儿！ 昨天晚饭时，浚县一妇女一个1岁多的小孩被3疑犯抢走 注意了 ，冀j68815奥迪车，在各学校门口抢小孩！！！110已经证实！！全市通缉！！不求点,回复@鹤壁代表哥:知道了，谢谢;2016年年底有人传播此消息，1人被拘留，1人被罚款，都是微信传播的;,2017/2/17 13:45,rumor
： 幼儿园的老师们，各位己作父母的人注意了，如果你不看，你肯定会后悔一辈子：昨天贵阳市被偷了三个孩子，安顺也丢了两个孩子～有一个陌生人刚把孩子迷晕，幸好被老师及时发现，偷孩子的两个人被抓了起来，现关在贵阳派出所。根据他们交代，这一次他们这个团伙派菏泽一百多人，专偷七岁以上的孩子，可能是要人体器官，比如肾脏什么的。今天普定县丢了5个孩子，最小4岁，最大12岁，现已全城戒严。 微信圈发一下，提醒各位父母，暑假将至，时间很长，孩子贪玩，时时关注玩耍去向。莫一时大意，丢了孩子。暑假期间请看管好自己的宝贝儿！为了可以怜天下父母心，人人看了一定要转发呵，转发一次可添寿一岁，,与照片为实，以凭证为依据，但是看了你会后悔。;,2017/1/12 16:13,rumor
昨天固镇县任桥镇被偷了三个孩子，李黄庄也丢了两个孩子～有一个陌生人刚把孩子迷晕，幸好被人及时发现，偷孩子的两个人被抓了起来，现关在当地派出所。根据他们交代，这一次他们这个团伙派了一百多人，专偷七岁以上的孩子，可能是要人体器官，比如肾脏什么的。今天丰县偷了5个孩子，最小4岁，最大12岁，现已全城戒严。在微信圈发一下，提醒各位父母，孩子贪玩，时时关注玩耍去向。莫一时大意，丢了孩子。请看管好自己的宝贝儿！ 昨天晚饭时，一妇女一个1岁多的小孩被3疑犯抢走 注意了 ，冀j68815奥迪车，在各学校门口抢小孩！！！110已经证实！！蚌埠全市通缉！！不求点,,2016/12/14 22:56,rumor
偷小孩2016.12.3日下午，蠡县后留史村惊现偷小孩的，视频中可以看到，村民非常愤怒，偷小孩的人开的轿车被推翻，村民已经报警，小编提醒大家，一定要看好自己的孩子，别让人贩子钻了空子！ 河北蠡县后留史村人贩子偷小孩 抓到被砸车并报警 后留史偷小孩,今天这视频转疯了;@追逐迷惑渴望 你老家刚刚发生的偷小孩;,2016/12/3 21:25,rumor
昨天冠县被偷了三个孩子，田庄也丢了两个孩子～有一个陌生人刚把孩子迷晕，幸好被人及时发现，偷孩子的两个人被抓了起来，现关在清泉派出所。根据他们交代，这一次他们这个团伙派了一百多人，专偷七岁以上的孩子，可能是要人体器官，比如肾脏什么的。今天冠县偷了5个孩子，最小4岁，最大12岁，现已全城戒严。在微信圈发一下，提醒各位父母，孩子贪玩，时时关注玩耍去向。莫一时大意，丢了孩子。请看管好自己的宝贝儿！ 昨天晚饭时，东关一妇女一个1岁多的小孩被3疑犯抢走 注意了 ，冀j68815奥迪车，在各学校门口抢小孩！！！110已经证实！！全县通缉！！不求点,回复@深圳网警:给深圳网警点赞！！;回复@深圳网警:我之所以转发微博是让有能力的人能杜绝源头。我们看到了很多，在微信里转发，这个只是其中一条，每天能的人心惶惶的;您好，我们是深圳网警。您发布的该微博信息存在不实之处，该信息已被多地警方公开辟谣。为避免不实信息的扩散，请你将微博自行删除。警方提示：根据《计算机信息网络国际联网安全保护管理办法》，利用互联网制作、复制、传播不实信息等扰乱社会秩序的，都属于违法行为。;,2016/10/26 20:15,rumor
昨天菏泽市牡丹区，开发区佃户屯乡，被偷了三个孩子，张堂也丢了两个孩子～有一个陌生人刚把孩子迷晕，幸好被人及时发现，偷孩子的两个人被抓了起来，现关在佃户屯派出所。根据他们交代，这一次他们这个团伙派了一百多人，专偷七岁以上的孩子，可能是要人体器官，比如肾脏什么的。今天牡丹区偷了5个孩子，最小4岁，最大12岁，现已全城戒严。在微信圈发一下，提醒各位父母，孩子贪玩，时时关注玩耍去向。莫一时大意，丢了孩子。请看管好自己的宝贝儿！ 昨天晚饭时，南关一妇女一个1岁多的小孩被3疑犯抢走 注意了 ，冀j68815奥迪车，在各学校门口抢小孩！！！110已经证实！！全市通缉！！不求点,您好，我们是深圳网警。您发布的该微博信息存在不实之处，该信息已被多地警方公开辟谣。助人为乐是中华民族的传统美德，感谢您对社会公益事业的关心，但为避免不实信息的扩散，请您及时删除相关信息。;不是谣言   是真的   求转发;谣言，还是删了吧;,2016/9/26 19:50,rumor
转一下帮一下孩子)这个孩子在被人贩子运送途中掉下了车，村民把他从麻袋中救出来的，有一键转发的都转发一下吧，也许可以帮到他🙏🙏🙏@八卦星文 秒拍视频 .,您好，我们是梅州网警。您发布的该微博信息存在不实之处，该信息已被多地警方公开辟谣。为避免不实信息的扩散，请你将微博自行删除。警方提示：根据《计算机信息网络国际联网安全保护管理办法》，利用互联网制作、复制、传播不实信息等扰乱社会秩序的，都属于违法行为。;回复@小蝌蚪要勇敢7087:真希望他家人可以看到，可惜我们帮不上什么忙;回复@-Jessica学姐啊i:好像不是;,2016/8/18 0:16,rumor
昨天济南平阴被偷了三个孩子，田庄也丢了两个孩子～有一个陌生人刚把孩子迷晕，幸好被人及时发现，偷孩子的两个人被抓了起来，现关在东关派出所。根据他们交代，这一次他们这个团伙派了一百多人，专偷七岁以上的孩子，可能是要人体器官，比如肾脏什么的。今天平阴县偷了5个孩子，最小4岁，最大12岁。,您好，我们是深圳网警。您发布的该微博信息存在不实之处，该信息已被多地警方公开辟谣。为避免不实信息的扩散，请你将微博自行删除。警方提示：根据《计算机信息网络国际联网安全保护管理办法》，利用互联网制作、复制、传播不实信息等扰乱社会秩序的，都属于违法行为。;,2016/11/1 19:13,rumor
今天遂宁新桥小学被偷了三个孩子，太平也丢了一个孩子～有十个陌生人刚把孩子迷晕，幸好被人及时发现，偷孩子的十个人被抓了起来，现关在太平派出所。根据他们交代，这一次他们这个团伙派了一百多人，专偷七岁以上的孩子，可能是要人体器官，比如肾脏什么的。今天黄岗偷了三个孩子，最小4岁，最大12岁，现已全城戒严。在QQ发一下，提醒各位同学和家长，孩子贪玩，时时关注玩耍去向。莫一时大意，丢了孩子。请看管好自己的宝贝儿！ 今天晚饭时，南头一妇女一个1岁多的小孩被十个疑犯抢走 注意了 ，冀j68815奥迪车，在各学校门口抢小孩！！！110已经证实！！全县通缉！！不求点,您好，我是东莞网警。您发布的微博信息存在不实之处。为避免不实信息的扩散，建议您将该微博自行删除。警方提示：根据《计算机信息网络国际联网安全保护管理办法》，利用互联网制作、复制、传播不实信息等扰乱社会秩序的，都属于违法行为。;,2016/10/22 21:40,rumor
前天潼阳被偷了三个孩子，戴庄也丢了两个孩子～有一个陌生人刚把孩子迷晕，幸好被人及时发现，偷孩子的两个人被抓了起来，现关在潼阳派出所。根据他们交代，这一次他们这个团伙派了一百多人，专偷七岁以上的孩子，可能是要人体器官，比如肾脏什么的。昨天沭阳也被偷了5个孩子，最小4岁，最大12岁，现已全城戒严。在微信圈发一下，提醒各位父母，孩子贪玩，时时关注玩耍去向。莫一时大意，丢了孩子。请看管好自己的宝贝儿！ 前天晚饭时，扎下一妇女一个1岁多的小孩被3疑犯抢走 注意了 ，冀j68815奥迪车，在各学校门口抢小孩！！！110已经证实！！全市通缉！！不求点,您好，我是宿迁网警。您的发布的内容存在不实之处。经我局核查，并无此警情，为避免不实信息的扩散，建议您将该帖文自行删除。警方提示：根据《计算机信息网络国际联网安全保护管理办法》，利用互联网制作、复制、传播不实信息等扰乱社会秩序的，都属于违法行为。;回复@严屹宽兴趣部落:说的对;回复@沭阳老徐:宁愿相信它是假的。没有人愿意看到这样的事发生的。;,2016/10/22 8:19,rumor
请所有家长注意了，挨千刀的狼又来了，昨天建水县被偷了三个孩子，开远也丢了两个孩子～有一个陌生人刚把孩子迷晕，幸好被人及时发现，偷孩子的两个人被抓了起来，现关在开远派出所。根据他们交代，这一次他们这个团伙派了一百多人，专偷七岁以上的孩子，可能是要人体器官，比如肾脏,,2016/10/21 8:27,rumor
昨天平凉市被偷了三个孩子，静宁县郭田镇也丢了两个孩子～有一个陌生人刚把孩子迷晕，幸好被老师及时发现，偷孩子的两个人被抓了起来，现关在柳湖派出所。根据他们交代，这一次他们这个团伙派佬龙一百多人，专偷七岁以上的孩子，可能是要人体器官，比如肾脏什么的。今天郭田镇丢了5个孩子，最小4岁，最大12岁，现已全城戒严。在微信圈发一下，提醒各位父母，孩子贪玩，时时关注玩耍去向。莫一时大意，丢了孩子。请看管好自己的宝贝儿！ 昨天晚饭时，还郭田新街 一妇女一个1岁多的小孩被2疑犯抢走 注意了 ，粤MNN918.大众朗逸车，在各学校门口抢小孩！！！110已经证实！！全市通缉！！不求点,,2016/9/25 8:12,rumor
💞      人贩子太可恶    💞 孩子才失踪2个小时，心肝肺都让人挖了，孩子妈当场疯了，孩子爸爸跪在哪里说不上话来，提醒有小孩的家长，出门时必须看好小孩，确保在自己的视线以内[难过]，好恐怖！别人那转的。有软件的，转走吧，宝妈们，一定要看好自己的宝贝[大哭] 秒拍视频 .,被车压死了 我看过完整的 心好痛 她妈妈除了叫已经说不上话了;还不删？;回复@Jinger靖:事实是车祸还是什么？你写的文字是事实嘛？;,2016/9/25 20:38,rumor
求转发山东聊城的车上掉下一个麻袋，打开一看是这男孩，有认识的吗？谁有一键转发的群多的求转发！！！估计是拐卖的儿童～人贩子太可恶了！帮帮孩子找找家人太可怜了……,;;假的;,2016/8/18 2:22,rumor
昨天定河西偷了三个孩子，焦河也丢了两个孩子～有一个陌生人刚把孩子迷晕，幸好被胡云田及时发现，偷孩子的两个人被抓了起来，现关在派出所。根据他们交代，这一次他们这个团伙派佬龙一百多人，专偷七岁以上的孩子，可能是要人体器官，比如肾脏什么的。今天定兴县偷了5个孩子，最小4岁，最大12岁，现已全城戒严。在微信圈发一下，提醒各位父母，孩子贪玩，时时北关注玩耍去向。莫一时大意，丢了孩子。请看管好自己的宝贝儿！ 昨天晚饭时，城南一妇女一个1岁多的小孩被3疑犯抢走 注意了 ，冀j68815奥迪车，在各学校门口抢小孩！！！110已经r证实！！全市通缉！！不求点,,2016/5/28 19:23,rumor
四川省达州市宣汉县，昨天胡家被偷了三个孩子，悦来也丢了两个孩子～有一个陌生人刚把孩子迷晕，幸好被胡云田及时发现，偷孩子的两个人被抓了起来，现关在派出所。根据他们交代，这一次他们这个团伙派佬龙一百多人，专偷七岁以上的孩子,,2016/5/17 11:18,rumor
一昨天定兴被偷了三个孩子，小朱庄也丢了两个孩子～有一个陌生人刚把孩子迷晕，幸好被胡云田及时发现，偷孩子的两个人被抓了起来，现关在派出所。根据他们交代，这一次他们这个团伙派佬龙一百多人，专偷七岁以上的孩子，可能是要人体器官，比如肾脏什么的。今天定兴县偷了5个孩子，最小4岁，最大12岁，,您好，我是东莞网警，您所发布的此条微博存在不实之处，该信息目前已被辟谣。为避免不实信息的扩散，建议您将该微博自行删除。根据《计算机信息网络国际联网安全保护管理办法》，利用互联网制作、复制、传播不实信息等扰乱社会秩序的，都属于违法行为。;,2016/5/14 8:11,rumor
#兖州抢孩子#这就是人贩子的下场,http://t.cn/R5icEqE;就是那女的为什么不打死？？？？？;👏🏻;,2016/6/9 11:52,rumor
#兖州抢孩子# 这是我昨天得到的两段视频人贩子是可恨。我觉得可恨的是天朝的犯罪成本太低！整的这群人屡教不改。就应该在警察来以前揍的她痛改前非。这个女的最可气。从头到尾一脸我很屌不怕进局子的嘴脸，提倡大家不要拍群众的样子视频也不要拍 兖州市 秒拍视频 .,,2016/6/9 10:34,rumor
听家里带学生的家长强烈反应，重庆市云阳县票草乡，票草小学，有很多外来人员来偷孩子抢孩子！希望有孩子的要提警惕。也希望票草警察叔叔早日把那些偷孩子抢孩子早日抓住。给孩子们学生们一个安全的天空！,,2016/6/11 6:28,rumor
#兖州抢孩子# 昨晚兖州人民好好的给人贩子上了一课，山东人是能动手的不会去BB，先把你打趴下再说，当然，我认为也好好给当地公安上了一课，接警40分钟到现场，是个爱心人士都会愤怒的。抢孩子警察还那么不积极，不推翻你警车才怪！今早看媒体报道，全部不提出警时间。媒体已经不是我认为的媒体了。,呵呵，现在的媒体，支持抢孩子马上死刑;回复@小林子_40999:;回复@小林子_40999:步行五分钟就到的距离！！！！！！！你还说别出问题！;,2016/6/9 8:11,rumor
#兖州抢孩子#刚回家知道了这件事   好像大家的关注点都在四十分钟出警上   我比较关心伤人的人会不会负法律责任    反正 我是真心觉得人贩子被打死那是他活该  不管其它  真心给我大兖州人民点,不管被打者是不是人贩子，警方都应该不惜一切代价，抓到打人的暴徒并严惩。否则类似事件会越来越多，这些暴徒并不是有正义感，而是平时比较憋屈，趁机发泄。;我是兖州人，我骄傲;我特么现在也给你点个赞;,2016/6/9 14:22,rumor
#兖州抢孩子# 警察给了40分钟时间让你们揍人贩子，竟然没打死，太让警察失望了。,什么鬼？不实？;什么鬼？不实？;图片评论 评论配图;,2016/6/9 9:45,rumor
#兖州抢孩子#打的好，人贩子打死也不亏，人贩子就应该判死刑。,,2016/6/9 7:50,rumor
#兖州抢孩子# 如果不是人贩子，怎么会挨打不解释？又不是上来就揍，况且态度蛮横拽的要死。看视频不姐微信里有。俺就是兖州人。@澎湃新闻 @人民日报 @新浪新闻 @中国新闻网 @央视新闻,回复@用户5439424093:你确定你听到那个成字了么;回复@小栋栋00:说孩子我也没有偷成 不是人贩子 只是小偷没偷成东西是吗;回复@用户5439424093:视频已经看过，完全没看出是人贩子;,2016/6/9 23:38,rumor
#兖州抢孩子#有种别删评论！JC40分钟才到！！！40分钟！！！人贩子要是抢到了开个车没准都出市区了！什么不明群众！群众从来不傻！                 ,回复@温恭朝夕执事有恪:要淡定啊，别老动怒发火，气多伤身的哦;回复@不许动-动次打次动次打次:唉。。。;回复@不许动-动次打次动次打次:虽说中国公民可以扭送。但是这种群情激奋的事还是很难控制啊，这种事就像雷洋，不好说啊;,2016/6/9 10:15,rumor
#兖州抢孩子#我大济宁人办事就是这么简单利落，能动手的事绝不瞎bb😂😂😂兖州上热搜了，人贩子太可恶，不过就是老爷们们把女人衣服扒光了的事不太好吧，😂是你仗着行侠仗义这个借口光明正大想看女性赤裸吧😂😂,,2016/6/9 7:41,rumor
#兖州抢孩子#此次事件是众多偷孩子之一，相比于这次，很多孩子至今找不回来。看到群众会罪犯的暴力，我一点也不反感，那种“事不关己高高挂起”才是社会病态。罪犯如果没有相当大的惩罚，犯罪率只会上升。如果贩卖孩子枪毙，强奸犯化学阉割，恶心的事岂不是会少好多！群众请敢于发出你的声音@人民微博,@微博客服;人贩子打死就好;回复@Weirdo_secret:我并没有事不关己的心态;,2016/6/9 9:20,rumor
#兖州抢孩子# 救她让她说出同伙我理解。说应该保护人贩子人权的excuse me？他们的人权就是用什么精神病史的证明被放出来然后继续毁灭那些无辜的家庭吗？那那些被开膛被砍断手脚乞讨的孩子们的人权呢？我就是恶毒我用最最恶毒的诅咒祝人贩子们全都不得好死,回复@网优蜀黍:可是视频很打脸啊…那个女的说我又没偷成;回复@海龙哥:可是打脸视频里那个女的的还在说我又没偷成;官方辟谣了，是一场误会 女的是被冤枉的。现场太多人起哄 都失去理智了。;,2016/6/9 10:16,rumor
#兖州抢孩子# 新浪你删我微博什么意思？有人说觉得打死人贩子有点过分了可是我想说的是  如果孩子被偷走好运的可能被卖到偏远农村  大部分情况下被偷走抢走很有可能被致残上街乞讨卖艺  一辈子生活在恐惧当中生不如死  甚至有的被贩卖人体器官我只想说  这个人贩子死的太轻松  太便宜她做人你可以冷漠可以不善良但一定要有良心  共勉！       ,我不会打死他的，我会把他肉割开，撒盐洒辣椒，折磨死他;我不会打死他的，我会把他肉割开，撒盐洒辣椒，折磨死他;回复@世外高人-ing:好像人没死哦  只是我发微博的时候 我当地的朋友告诉我人死了  而且我说人贩子该死 没说随便一个人就该死  官方都没有出来吱声 你好像知道具体情况哦？ 来给大家讲讲故事听听;,2016/6/9 1:48,rumor
#兖州抢孩子#几百人出动，感动满满。原来社会温情还没有泯灭。比起老人摔倒不扶类似事件的冷眼，这事透着满满的温暖。虽说几百人叫喊着要打死人贩子，‘围攻’一个小时后，人贩子身上未见一伤还依然有力气摆出一副你能拿我怎样的表情。这就是正气满满的齐鲁人！,被删了微博了 呵呵;昨天最多的时候有上万人。。。不夸张;中华民族的血液从来都是热的，是xx党的权贵们把人心弄凉了，但你放心，这片土地永远存在，他们只是华夏历史的一小段，起不了什么作用，人民已经开始觉醒啦;,2016/6/9 10:13,rumor
#山东兖州抢孩子事件#现在的人贩子真的太猖狂了，将心比心，如果你自己的孩子被人偷被人抢了，你着急吗？谁家孩子不是宝，偷别人的孩子去卖良心过得去吗？童👍装🍃🌀批👠🚺发,,2016/6/10 2:12,rumor
#兖州抢孩子#对于这个老娘们，只想说俩字作死！对于兖州交警的不作为，只想说丢人！对于广大市民的翻车行为，只能说漂亮！对于拽下人贩子一绺头发的东哥，只能说帅呆了！对于往里挤的120只想说白费劲了，回家歇着去吧，救下来再让她偷孩子去么！齐心的力量真心不要太震撼！ 兖州市,回复@希灵审查官荆棘丛:这位朋友你现在在国外吗？;回复@你啊怕米:怎么打不开？;回复@鲁北壹哥:政府打脸了吧！央视调查山东兖州“抢孩子”事件，开启相互打脸模式，真相成迷吗？;,2016/6/9 1:06,rumor
#兖州抢孩子#@新浪新闻 @新浪山东 你们知道什么是真相吗？群众报警后，10分钟走路可以到达的现场警车40分钟之后才到！靠群众抓住的人贩子，你们为何都只字不提！？说什么群众阻碍抓嫌疑人？人民警察要脸不！别问我怎么知道的，看图片！当然，大家行为确实欠妥！不过，也说明了对人贩子的愤恨！,回复@雯雯雯雯雯雯雯雯雯雯子115:这些人是新疆的汉语，非维吾尔族，看长相看不出来吗？傻，看身份证上也写着汉族啊，傻;哪里不实！;我选择相信这是真实的 评论配图;,2016/6/9 8:59,rumor
#兖州抢孩子#【偷孩子被抓现行，愤怒的群众将嫌疑人团团围住】6月8日21时17分，兖州区和馨家园西区门口有人当街抢孩子，热心群众发现后，立刻将嫌疑人控制并报警。接警后，兖州区局城郊派出所民警出警到达现场，欲将一名被群众现场抓获的犯罪嫌疑人带走，个别人鼓动一些不明真相的群众围堵警车，经公安机关现场工作，目前事态已平息，公安机关正在全力追捕其余在逃嫌疑人。,我是山东曲阜市尼山镇人 在我们镇上有一个杀人犯，他本应还在服罪期间 可人却在我们这猖狂无恶不作，拿刀威胁我们家人写下两张欠款 再以欠钱为由 强行把家中价值二十万车占为己有 ！现在家变的家不像家 一家人活在恐慌当中，我们一家人跪求   警察 政府部门立案办理  还我们一个安全 公正的合法生活;回复@肖方杰-:人贩子是政府的人是从你嘴里说出来的！跟我没关系！抢孩子当晚兖州公安局官网就已经发表声明说是正在追查抢孩子的剩下两名犯罪嫌疑人！你看到了吗？第二天还没删除这个声明！第三天政府发表声明说是产生口角不是抢孩子的！颠倒黑白！兖州公安局官网就把原来的声明给撤了！你们不在现场的人不明真相！;回复@南汐美甲美睫:什么就政府欲盖弥彰了？你说的人贩子是政府的人吗？还是这是政府指使别人去拐卖儿童？;,2016/6/9 7:32,rumor
#山东兖州抢孩子事件#明明就是因为警方出警太慢了才掀的车，官方就是在颠倒黑白，就这种偷孩子的，打死都不多，死不足惜！,怎么那么多都成不实消息被处理了;新疆人在兖州搞小动作已经不是一天两天了，新疆的大人领着小孩在超市偷东西，贩卖小孩变卖器官这种事大家都清楚;此内容为不实消息， 已处理  怎么个情况;,2016/6/9 17:35,rumor
#人贩子拐卖儿童#最近高镇不太平，我只想说生命诚可贵，人贩子到底是不是人生的，我真的替那两个拐走险逃的学生捏了把汗，希望引起重视@丰都县高家镇,图片评论 评论配图;经查证，该信息为不实信息。;高洁😂;,2016/5/29 23:16,rumor
刚刚看到新闻，丰都惊现人贩子，高镇有三个初中男孩被偷，还好孩子机灵跑出来了，瞬间觉得这个世界都没有爱了，整个世界充满了恐怖气息                 ,,2016/5/30 5:05,rumor
#重庆身边事#美丽的重庆市丰都县高家镇居然出现了人贩子，把孩子的器官拿去卖，把人们弄得人心惶惶！身边的人差点被人贩子弄走了，真是想想都后怕！希望法律能严惩他们，,图片评论 评论配图;经查证，该信息为不实信息。;,2016/5/30 13:12,rumor
各位己作父母的人注意了，昨天临沂市被偷了三个孩子枣庄也丢了两个孩子有一个陌生人刚把孩子迷晕幸好被老师及时发现偷孩子的两个人被抓了起来现关在南宁派出所。根据他们交代这一次他们这个团伙派菏泽一百多人专偷12岁以下的孩子，今天郯城县丢了5个孩子最小4岁最大12岁现已全城戒严                 ,回复@菏泽网警巡查执法:你好，怎样删掉啊，我刚才删了，怎么删不掉啊，能教教我吗;回复@兮月-西西:你好，怎样删掉啊，我刚才删了，怎么删不掉啊，能教教我吗;回复@菏泽网警巡查执法:好的，谢谢您的提醒;,2016/5/26 21:41,rumor
【虹口发生光天化日抢小孩事件 警方介入调查】昨晚今晨，一条“疑似人贩子光天化日下抢小孩”的信息在微博、微信中疯传，事发地点是上海市虹口区唐山路333号的长青学校附近。解放日报·上海观察记者向上海警方证实，这一事件竟是真的，不是谣言。来源：上海观察,这不是什么谣言，她是我们学校上一届五年级三班的;这不是什么谣言，她是我们学校上一届五年级三班的;早上新闻不是辟谣了吗～;,2016/5/25 15:30,rumor
【虹口发生光天化日抢小孩事件 这回是真的不是谣言！】昨晚今晨，一条“疑似人贩子光天化日下抢小孩”的信息在微博、微信中疯传，事发地点是上海市虹口区唐山路333号的长青学校附近。记者向上海警方证实，这一事件竟是真的，不是谣言！ 虹口发生光天化日抢小孩事件 这回是真的不是谣言！,,2016/5/25 14:28,rumor
贵州省铜仁市松桃县太平镇有一伙人贩子偷小孩穵取内脏转们偷7岁以上的小孩请大家注意了 温州·中楠广场 http,你完蛋咯 要火;回复@HU_ZHANG:照片是假事情是真;拿车祸里照片来发偷小孩？;,2016/5/21 21:50,rumor
最近我的家乡发生一件令人可怕的事情，就是偷小孩，抢小孩，然后把小孩的器官取在，想想就可怕，通过丢孩子，偷孩子，抢孩子，找孩子这个事情，我深切体会到，中国弄这监控，拍汽车违章看的一清二楚，汽车轮子压线，不系安全带，闯红灯，车架号都能清清楚楚，违章不出8小时，手机收短信，一米多的小孩失踪4天没有一个有价值的监控，拍违章技术纯属利益驱使，还谈何为人民服务，大部分的案件都石沉大海自认倒霉.但违章罚款跑遍全国也躲不了，同样都是为人民服务.差距咋就这么大呢？！不求点,回复@大姨妈的姨妈:姨妈姐;回复@龙龙果园:太残忍了;回复@大姨妈的姨妈:姨妈姐我旁边一个村子他奶奶去一下小溪洗衣服，孙女在家睡觉就把人家包走了！然后就在房子的后面山上找到身体了！器官比取了;,2016/5/21 19:53,rumor
昨天定兴被偷了三个孩子，小朱庄也丢了两个孩子～有一个陌生人刚把孩子迷晕，幸好被胡云田及时发现，偷孩子的两个人被抓了起来，现关在派出所。根据他们交代，这一次他们这个团伙派佬龙一百多人，专偷七岁以上的孩子，可能是要人体器官，比如肾脏什么的。 沧州·肃宁镇,不错呦！求关注求互动！;不属实;,2016/5/15 22:20,rumor
孩子失踪两小时，心肝肺都被挖可怜，#各种抢孩子偷孩子虐待孩子# 秒拍视频 .,真的假的;法律知识：《治安管理处罚法》第二十五条规定：散布谣言，在信息网络或者其他媒体上传播，或者明知是上述虚假信息，故意在信息网络或者其他媒体上传播，严重扰乱社会秩序的，处3年以下有期徒刑、拘役或者管制；造成严重后果的，处3年以上7年以下有期徒刑。”;,2016/5/17 22:46,rumor
昨天双桥被偷了三个孩子，龙水也丢了两个孩子～有一个陌生人刚把孩子迷晕，幸好及时发现，偷孩子的两个人被抓了起来，根据他们交代，这一次他们这个团伙一百多人，都在大足一代活动，昨天晚饭时，一妇女一个1岁多的小孩被3疑犯抢走 注意了 ，渝c36868奥迪车，在各学校门口抢小孩 重庆·安富街区,您好，我是东莞网警，您所发布的此条微博存在不实之处，该信息目前已被辟谣。为避免不实信息的扩散，建议您将该微博自行删除。根据《计算机信息网络国际联网安全保护管理办法》，利用互联网制作、复制、传播不实信息等扰乱社会秩序的，都属于违法行为。;,2016/5/17 22:21,rumor
中国这是怎么了[大哭][大哭][大哭]高碑店偷小人的，孩子才失踪2个小时，心肝肺都让人挖了，孩子妈当场疯了，孩子爸爸跪在哪里说不上话来[流泪][流泪][流泪]有宝宝的宝妈们一定要多注意自己的宝宝。[难过]人贩子！都去死，应该国家法律批准一家有人贩子全家都枪毙，看谁敢。                 ,这是交通事故 评论配图;图片评论 评论配图;这是假的，是前段时间铜山出车祸的视频，小孩被混凝土车轧了！不要疯传，这是对死者的亵渎！！！;,2016/5/14 14:08,rumor
【出门在外一定看好孩子】🍁有一键转发的转死狗日的贩子  。高碑店偷小人的，孩子才失踪2个小时，心肝肺都让人挖了，孩子妈当场疯了，孩子爸爸跪在哪里说不上话来，真事这是，提醒有小孩的家长，出门比须看好小孩，确保在自己的视线以内[难过]尼玛滴人贩子，抓到不能让他便宜死了，微信朋友圈发的！,回复@钻石完美:哦哦！我也是啊，不过还是得提醒一下有孩子的家长，不管是开车还是骑车一定要安全第一。;回复@琉凌晴:是呢！当时看完了我心里那个难受啊……我恨的呀……后来看了完整图片和新闻才知道怎么回事;回复@钻石完美:原来是这样，昨天在朋友圈看到的，心情真的很压抑;,2016/5/14 17:08,rumor
#《寻子那些事》#开县捉到人贩子，解救小孩  快来围观我的精彩微视频！>> #小影微视频# (通过#小影#创作),不是说的在拍摄营救拐卖儿童的微电影吗？你还在这里造谣生事？居心何在？？;虚假信息;,2016/5/12 12:14,rumor
#长春焦点#关注：发生在佳县的真实事情，人贩子窝被找到了，好多孩子被关在笼子里，大家出去一定一定要看好自己的宝宝,不管是真的假的，把孩子关进铁笼子里都是犯罪！;回复@y莹莹姐y:;回复@linxiang-:微电影 评论配图;,2016/5/10 16:45,rumor
所有宝妈们注意了，发生在佳县的真实事情，人贩子窝被找到了，好多孩子被关在笼子里，大家出去一定一定要看好自己的宝宝👇👇👇截图别人的视频，太可恶了，看得我一阵发麻。,回复@河西网络文明:真实的只会更残酷，比如，拐卖后打断打残手，脚，然后乞讨。去搜搜真实的新闻;回复@河西网络文明:确定以及肯定，有导演当时截图;假的大家不要信，我现在删除不了了，这个是别人拍微电影，看到的给我点下赞，让大家都看到，谢谢;,2016/5/10 15:21,rumor
昨天胡集被偷了三个孩子，悦来也丢了两个孩子～有个陌生人刚把孩子迷晕，幸好被胡云田及时发现，偷孩子的两人被抓了起来，他们交代，这次他们这个团伙派佬龙一百多人专偷七岁以上的孩子，可能是要人体器官。今天三阳镇偷了5个孩子，最小4岁最大12岁。提醒各位父母， 湘D68815奥迪车在各学校门口抢小孩,您好，我是东莞网警，您所发布的此条微博存在不实之处，该信息目前已被辟谣。为避免不实信息的扩散，建议您将该微博自行删除。根据《计算机信息网络国际联网安全保护管理办法》，利用互联网制作、复制、传播不实信息等扰乱社会秩序的，都属于违法行为。;,2016/4/30 6:43,rumor
#携手防儿童走失# 微信群中不断转发：这小女孩被人贩子拐骗到山东济南，被好心人拦住了。请专家核实，让宝贝快点回家！@奏耐天津 @平安天津                 ,图片评论 评论配图;@宝贝回家冰与火 @宝贝回家;回复@外国友人V:正在争取获得更多细节。;,2016/4/27 13:53,rumor
人贩子已经在农村拐卖儿童了 据我所知已有两个小孩失踪  一是富川县葛坡镇   二   地名不知  希望大家看好自己的孩子,,2016/4/23 10:27,rumor
：所有人都看一下                       临夏＝广河＝东乡=天水＝甘谷。。的 各位己作父母的人注意了，如果你不看，你肯定会后悔一辈子：昨天东乡县被偷了三个孩子，临夏也丢了两个孩子～有一个陌生人刚把孩子迷晕，幸好被老师及时发现，偷孩子的两个人被抓了起来，现关在兰州派出所。根据他们交代，这一次他们这个团伙派河南一百多人，专偷12岁以下的孩子，可能是要人体器官，比如肾脏什么的。今天安宁区丢了5个孩子，最小4岁，最大12岁，现已全城戒严。在微信圈发一下，提醒各位父母，暑假将至，时间很长，孩子贪玩，时时关注玩耍去向。莫一时大意，丢了孩子。暑假期间请看管好自己的宝贝儿！为了可以怜天下父母心，是真的哦，人人看了一定要转发啊！！多转发谢谢大家！ 北京                ,,2016/4/23 14:43,rumor
注意！平阴来了四个和尚，说是谁家有一分钱就换一百，这几个人是偷小孩的，千万别让她进屋！快转发告诉更多人，以免老人，家人上当受骗！他们手里东西不要看，更不要闻，是迷药！若遇到这些人把他们轰走！绝对真事！今天在华联见来.千万不要填写他给你的纸，上面有迷药，他是偷孩子的，一共四个人接力,回复@Y陈阳阳:是这样，我现正在微博做个小调查，可以邀请你做一份肌肤调查问卷吗，也就一分钟，麻烦关注一下我，可以吗？待成为互粉好友之后我会给你发过去肌肤调查问卷。谢谢啦[xkl撒花][xkl撒花];回复@薄劫奖薄:？;你好，在嘛，找你有事哦！[躁狂症];,2016/4/22 19:43,rumor
注意！！！松原地区…三井子…大林子…弓棚子…扶余来了四个和尚，说是谁家有一分钱就换一百，这几个人是偷小孩的，注意，千万别让她进屋！ 千万不要填写他给你的纸，上面有迷药，他是偷孩子的，一共四个人。快快转发告诉更多人，以免老人，家人上当受骗！！绝对真事！！！转转转转转转 大连·龙王塘街区,回复@王大灿hurry:是么，这个还真不知道真假;假的;,2016/4/22 15:09,rumor
各位己作父母的人注意了，昨天邢台市被偷了三个孩子，任县也丢了两个孩子～有一个陌生人刚把孩子迷晕，幸好被老师及时发现，偷孩子的两个人被抓了起来，现关在任县派出所。专偷七岁以上的孩子，可能是要人体器官，比如肾脏什么的。今天宁晋县丢了5个孩子，最小4岁，最大12岁， 滨州·沾化县,不信谣不传谣;回复@吃喝玩乐游邢台:你人多  帮忙转发;那个新闻;,2016/4/20 23:03,rumor
#洪洞身边事#据网友此和尚给的纸千万不要填写，上面有迷药，他是偷孩子的，一共四个人。（真实性未知，有知情者请私信，还是小心为好）,,2016/4/20 11:09,rumor
@石家庄公安网络发言人 我是元氏县南因村人，网上有人说村里来了批和尚，带着迷药，迷倒村民偷孩子！望调查一下！,回复@小雨子Smile:不知道真假！;真的假的啊，我空间都是这;,2016/4/18 23:19,rumor
不要接他手里的纸，不要让他进门，他手里有迷药。小视频里的两个背包者是偷孩子的，这是朋友发的，说是真的，偷孩子的都刷屏了，求转发，有备无患。 秒拍视频 .                 ,,2016/4/21 10:19,rumor
章丘，这个是真的……千万不要填写他给你的单子，上面有迷药，他是偷孩子的，一共四个人。为了身边人的安全，接力转起[勾引]看到他马上报警求真相,,2016/4/21 9:10,rumor
辽阳西关来了四个和尚，说是谁家有一分钱就换一百，这几个人是偷小孩的，远离陌生人！  快转发告诉更多人，以免老人，家人上当受骗！千万不要填写他给你的纸，上面有迷药，他是偷孩子的，一共四个人。辽阳这是咋的了，不敢回家了都！太可怕了，出各种事，求证实真假@辽阳那点儿事 沈阳·于洪区                 ,别传谣了;回复@王阿阿-:对呗，我感觉我幸运了;我的妈啊;,2016/4/21 9:06,rumor
💛💛 千万不要填写他给你的纸，上面有迷药，他是偷孩子的，一共四个人。谁给的都不要填写，接力一下。转起 郑州·火车站                 ,,2016/4/21 6:32,rumor
#人贩子拐骗儿童新招数# 她们是偷小孩的，不要接他手里的纸，不要让他进门，他手里有迷药，都刷屏了，大家快转转吧 贵阳·徐家冲,,2016/4/21 0:11,rumor
千万不要填写他给你的纸、上面有迷药、都小心些 ，请互相转告 ，偷孩子 偷钱财！假和尚，身边的人真的有被骗的，大家不要轻视！ 邢台·邢台市第二十一中学,,2016/4/20 23:51,rumor
广东潮阳和平镇，抓到一帮开中巴车抢抱小孩的团伙，整个团伙被当场打死，此事给人贩子一个极大震慑 ，我想说,揭阳 造谣抢小孩男子被拘留;又造谣？？这是温州城管被打事件;,2016/4/20 7:04,rumor
广东潮阳和平镇，抓到一帮开中巴车抢抱小孩的团伙，整个团伙被当场打死，此事给人贩子一个极大震慑。(备注：微信转载，内容真实性待调查)        人贩子人天共愤，但以暴制暴不妥。应扭送至公安机关处理。 http,回复@固守南京唐生智:唐将军所言极是，从情理上讲是这样，但法不容情也是事实。这样的事件还是理性处理为妥。;这样的人贩子当街打死 个人观点 非常合适;,2016/4/20 14:43,rumor
“广东潮阳和平镇，抓到一帮开中巴车抢抱小孩的团伙，整个团伙被当场打死，此事给人贩子一个极大震慑”我的秒拍作品，一起来看~听雨倾诉雨无声的秒拍视频（使用#秒拍#录制）,,2016/4/20 14:43,rumor
大家注意了！！！千万不要填写他给你的纸，上面有迷药，他们是偷孩子的，一共四个人[发怒]接力一下。都赶快转发起来！！！,,2016/4/21 9:48,rumor
人贩子在广州出租屋剖人体器官，被群众举报发现，大家出门在外不要轻信陌生人，出门需结伴同行，出行注意安全，现在这社会坏人太多，为了钱什么事都干太可怕！               （从朋友那转发的） 广州·人和镇 秒拍视频 .,判刑吧！！！杀人案被恶意改成器官移植;回复@许梅娟子:第一具尸体明明腰部肾脏位置处堵了一块毛巾，下面的脑残居然说不是卖器官的~;回复@村雨听音:什么意思;,2016/1/30 8:07,rumor
潮阳和平抓到一帮开中巴车抢抱小孩的，一车团伙当场打死，此事给人贩子一个极大威摄，原指望派出所关进去再用卖孩子的钱赎出来继续作恶的人贩子都惊了 化州·鉴江开发区 秒拍视频 .,,2016/4/14 12:56,rumor
各位朋友不管你有多忙，千万千万要把自家的孩子照顾好啊！就是前天我的家乡{湖北黄石}我家隔壁的五岁小男孩在自家楼下，被人贩子带走，可怜的是孩子已经被人贩子杀死！内脏被人贩子挖走，小孩的尸体今天在小河里找到！可怜的小孩才五岁，听到这个消息心里特别难受，可怜的孩子一路走好,挖小孩内脏卖的，农村普遍出现很多;,2016/4/12 21:37,rumor
近期有偷孩子的事屡屡发生。怎么就感动不了当地政府呢，如果一个个被抢走的孩子是政府和公安干警的孩子，是不是上面的领导才会慎重，3月26日有抢孩子的，在河南省安阳市汤阴县任固镇白龙二街村抢孩子，没有抢走，请大家不要带着孩子乱跑。请关注我，还有更多。,您好，您发布的这个消息是谣言！我们汤阴警方责成任固派出所民警对此事展开调查！通过走访双方当事人，了解到只是两名男子醉酒后逗了小孩一句，被其家长误解。“平安汤阴”微博、微信已经发布官方消息对事实还原！请不要再传播类似消息，对传谣者造成恶劣影响的，公安机关将依法追究其法律责任！;,2016/3/29 8:50,rumor
昨天平凉市被偷了三个孩子，静宁县郭田镇也丢了两个孩子～有一个陌生人刚把孩子迷晕，幸好被老师及时发现，偷孩子的两个人被抓了起来，现关在柳湖派出所。根据他们交代，这一次他们这个团伙派佬龙一百多人，专偷七岁以上的孩子，可能是要人体器官，比如肾脏什么的。全市通缉！！不求点,,2016/3/25 18:44,rumor
人贩子在广州出租屋剖人体器官，被群众举报发现，大家出门在外不要轻信陌生人，出门需结伴同行，出行注意安全，现在这社会坏人太多，为了钱什么事都干太可怕！ 永城·上河美食城 http,看着都是大人啊;请大家支持坚决对人贩子判处死刑 .;回复@cathering你:是啊！这些坏蛋都会有报应;,2016/1/31 11:31,rumor
最新消息：家里有孩子的 大人都看好了，梁山来了100多新疆人 专偷小孩抢小孩的 五里庙已丢俩个，，。这两天朋友圈都在传，不知道真假，请关注下@青岛公安，万恶的偷孩子的，抢孩子的怎么不去死,,2015/6/14 20:29,rumor
#热点#【人贩子判死刑被指婚恋网营销 回应称系个人行为】 昨日，要求“修正贩卖儿童量刑标准”的信息在社交媒体上引发热议。有人指出，部分信息下附有婚恋网推广链接，朋友圈接力转发是在帮它赚钱。今日，该婚恋网回应称，系员工个人行为，已进行严肃处理。人贩子判死刑被指婚恋网营销 竟用这种方式营销             ,//@大江苍龙:Buster callen :被珍惜的这么好，我就放心了。 陈希;,2015/6/18 18:10,rumor
爱我大响水，人人争做谣言粉碎机 - 响水城事 - 响水生活网 - Powered by Discuz! 近日，一条江苏有人偷孩子的消息在朋友圈里疯传，这条消息是这样的：紧急通知：家里有孩子的大人都看好了，江苏省来了1000多外地人，专偷小孩抢小孩的，苏州已丢20多个，...爱我大响水，人人争做 http,关注舆论热点，彰显主流媒体的社会担待@响水生活网-大宝 @平安响水 @平安盐城;,2015/6/26 2:37,rumor
110已证实不是假的！大家注意！紧急通知：家里有孩子的 大人都看好了，江苏省来了1000多外地人 专偷小孩抢小孩的 苏州已丢20多个，已解剖7个拿走器官！请大家转发！拯救每一个孩子转发一次少一个孩子被害#乞讨儿童~人贩子~拐卖~打拐~孩子回家##随手拍拯救被拐卖儿童##拐卖儿童量刑#动起手                 ,,2015/6/27 22:48,rumor
紧急通知：家里有孩子的 大人都看好了，河北省来了许多外地人 专偷小孩抢小孩的 ，龙化中午一个11岁的男孩就差点偷走，今天学校也给家长开会呢有问路的千万别停下，不要理会，社会关注一下，让人贩子都得到应有的惩罚，让更多的人知道，转一次可能就拯救了一个孩子！                 ,,2015/6/30 9:30,rumor
人贩子太多了，大家帮忙转13888033164，今天上午一个十多岁小男孩在锦绣花园小区附近被人拐走了，小男孩能说出他的名字，汪雄～从监控上看是被一个四十多岁男人抱走了现大人都急疯了 有知情者请告之 万分感谢 看到信息的兄弟姐妹留意一下 联系人汪永超～如果看一眼懒得转的冷漠的人也请，阿弥陀佛!,,2015/6/19 22:48,rumor
#新郑大小事#抓到偷孩子的千刀万剐  ，寻人启事13836689002。有线索酬金100万，今天上午一个2多岁小男孩在阳光小区附近被人拐走了，小男孩能说出他的名字……王鹤从监控上看是被一个四十多岁男人抱走了现大人都急疯了 有知情者请告之 万分感谢 看到信息的兄弟姐妹留意一下 联系人汪永超@这儿是郑州,,2015/6/24 11:19,rumor
寻人启事 18647838191。有线索酬金10万 帮忙扩散，今天上午一个三岁多小女孩在锦绣花园小区附近被人拐走了，小女孩能说出她爸爸的手机...//【拉黑“人贩子一律死刑”论者，逼格就高了？】  http,,2015/6/18 16:28,rumor
大家赶紧帮忙留意找找，人贩子在当涂了 寻人启事13836689002。有线索酬金100万帮忙扩散，昨天上午一个2多岁小男孩在阳光花园小区附近被人拐走了，小男孩能说出他的名字……王鹤从监控上看是被一个四十多岁男人抱走了现大人都急疯了 有知情者请告之 万分感谢 看到信息的兄弟姐妹留意一下 联系人汪永超                 ,回复@马鞍山当涂公安在线:不知道   现在偷小孩的太多了！都不敢带小孩出去了！亳州已经有个'小孩偷走，不得不警惕→_→;#微博辟谣#据调查，你所发博文的内容不实。对在互联网上制造传播谣言、扰乱社会公共秩序的违法犯罪行为，公安机关将坚决予以打击，依法惩处。同时，警方提醒广大网友：不要信谣、制谣、传谣，共同维护健康的网络环境和良好的社会秩序。;#微博辟谣#针对你所发的微博，据调查了解：近期当涂县公安局未接到有关报警，经民警现场走访调查，也未发现有关警情。你所发博文纯属子虚乌有。警方也希望网友不要信谣、传谣，共同维护健康的网络环境和良好的社会秩序。;,2015/7/5 21:30,rumor
香港明星应采儿今日在微博发出下列一组图片。一个面相甜美衣着干净的小女孩在一个疑似人贩子的女人怀里行乞。有网友称这个女孩很有可能是2014年12月9日下午两点，于房山区花冠天地门口被拐失踪的吴梦月小朋友！图中女孩昏昏的睡着，很有可能被喂食了安眠药！ 试想一下，如果这是你的女儿你还坐的住吗,,2015/8/3 16:57,rumor
#信阳新闻#最近这段时间，有一部分外地人贩子来到河南专门挖小孩子内脏，在河南信阳息县就丢了七个小孩子，孙庙乡的一个孩子被人挖了眼睛，现已找到三个小孩子内脏都被掏空，手段残忍，甚至还去抢，特别是几岁的孩子容易被吃的玩的骗走，在此郑重的告诉大家，不要只顾着忙自己的事，以孩子为重！,,2015/7/27 22:03,rumor
各位己作父母的人注意了，如果你不看，你肯定会后悔一辈子：昨天临沂市被偷了三个孩子，枣庄也丢了两个孩子～有一个陌生人刚把孩子迷晕，幸好被老师及时发现，偷孩子的两个人被抓了起来，现关在南宁派出所。根据他们交代，这一次他们这个团伙派菏泽一百多人，专偷12岁以下的孩子，可能是要人体器官！,@微博辟谣;,2015/7/22 10:21,rumor
一定要看好自己孩子啊[发怒]看的很心酸，人贩子你们全家不得好死。求转发： 遭天谴的，死你全家！110已证实不是假的！大家注意：家里有孩子的 大人都看好了，河南省来了100多外地人 专偷小孩抢小孩的 ，已解剖7个拿走器官！，转一次可能就拯救了一个孩子！ 非常有义务宣传一下！,,2015/7/16 12:13,rumor
今晚在师大现代花园发生了抢娃娃事件，人贩子太可恶了😡😡😡😡@直播成都,回复@Flora__HH:是真的，就在我们铺子楼下，以前王胖子上班那附近，太猖狂了;真的啊;,2015/7/15 22:45,rumor
昨天湖北省红安县被偷了三个孩子，麻城也丢了两个孩子～有一个陌生人刚把孩子迷晕，幸好被老师及时发现，偷孩子的两个人被抓了起来，现关在武汉市派出所。根据他们交代，这一次他们这个团伙派河南一百多人，专偷七岁以上的孩子，可能是要人体器官，比如肾脏什么的。今天红安县丢了5个孩子，最小4岁,请不要散布谣言！！;@平安荆楚 @红安信息网 @红安县法院 这消息是真的吗？吓死人了！;,2015/7/11 0:12,rumor
安徽砀山有人当街抢孩子，求扩散，来了100个人外地人贩子，抢了塞车里就跑了，主要是卖孩子器官，太恐怖了！,造谣的，赶紧删了吧，不然网警会查到你的。;@砀山警察;回复@阿茹阿茹阿:是真的，是真的千真万确，;,2015/6/26 16:41,rumor
玉林各个乡镇到处有人贩在偷抢孩子他们偷抢孩子不是为了卖掉而是把孩子杀掉取出里面的器官来卖，在博白县就抓到过一个女的，她说出偷孩子的目的，在兴业县高峰镇张村有几个陌生人整天开着面包车到处转悠有一个甚至进门差点把一个十一岁的女孩子抱走幸好他弟弟喊救命现在张村的大人都不许小孩子出外面玩,,2015/7/5 15:18,rumor
昨天临沂市被偷了三个孩子，枣庄也丢了两个孩子有一个陌生人刚把孩子迷晕，幸好被老师及时发现，偷孩子的两个人被抓了起来，现关在南宁派出所。根据他们交代，这一次他们这个团伙派菏泽一百多人，专偷12岁以下的孩子，可能是要人体器官，比如肾脏什么的。,,2015/7/4 17:01,rumor
求证今天朋友圈的信息：“今日四会国际玉器城。有人贩子偷小孩出到门给保安抓住。同时今日在肇庆端州区高要医院也发生偷小孩事件，110证实粤y84s06丰田凯美瑞车辆有重大作案嫌疑，小心，请各位家长看好自己小孩”@平安肇庆 @平安高要,,2015/6/27 20:34,rumor
就在两小时之前西峰365门口发生了抢劫小孩的真实事情，一个女人抱了三四岁一个小孩正在路上走突然过来三个男人先是对这个女人扇了一巴掌装做是自己家人在骂她，当她反应过来的时候可恨的人贩子已经把孩子塞到车上跑了我们庆阳最近已经有这么多丢孩子的事，请问我们庆阳警察在干什么呢孩子受苦啊！,回复@谝谝传:不是我;回复@Gon敏感:不是我，[呵呵];你火了。;,2015/6/23 13:23,rumor
#花昨天南宁市被偷了三个孩子，武鸣也丢了两个孩子一个陌生人刚把孩子迷晕，幸好被老师及时发现，偷孩子的两个人被抓了起来现关在南宁派出所根据他们交代这一次他们这个团伙派菏泽一百多人专偷七岁以上的孩子可能是要人体器官比如肾脏什么的今天恭城县丢了5个孩子最小4岁最大12岁 福清市,我县并未有小孩丢失;回复@壮乡美41008:真的 福清就发生过;假消息吧?经过核实了吗?;,2015/6/11 10:42,rumor
😱各位己作父母的人注意了，如果你不看，你肯定会后悔一辈子：偷孩子的两个人被抓了起来，根据他们交代，这一次他们这个团伙派菏泽一百多人，专偷12岁以下的孩子，可能是要人体器官，比如肾脏什么的。在微信圈发一下，提醒各位父母，暑假将至不管真的假的暑假期间请看管好自己的宝贝儿！,,2015/6/11 8:03,rumor
无锡市被偷了八个孩子，芦庄也丢了两个孩子～有一个陌生人刚把孩子迷晕，幸好被老师及时发现，偷孩子的两个人被抓了起来，现关在南长区派出所。专偷七岁以上的孩子，可能是要人体器官，比如肾脏什么的。 发一下，提醒各位父母，暑假将至，时间很长，孩子贪玩，时时关注玩耍去向。莫一时大意，丢了孩子,,2015/6/11 12:33,rumor
注意：昨天临沂市丢了三孩子，枣庄也丢了两孩子～所幸孩子刚丢不久，偷孩子的两个人被抓了起来，现关在南宁派出所。根据他们交代，这一次他们这个团伙一百多人，专偷12岁以下的孩子，提醒各位父母，暑假将至，时间很长，孩子贪玩，时时关注玩耍去向。莫一时大意，丢了孩子。看了一定要转发,回复@叶落沂蒙:多多关照;回复@666的林家土豆:;回复@叶落沂蒙:额。。那就当提醒大家防范吧！真不好意思;,2015/6/10 23:22,rumor
最近广东，广西，湖南、贵州各个小乡镇的大街小巷都有一批安徽牌照的“专修楼房漏水”的面包车，窗户黑黑的，外面看不到里面，其实是“拉娃娃”的安徽黑帮…建议大家抓住人贩子先涌上去打死，莫办法，人贩子都是法官的亲戚只有我们自己来。,,2015/5/24 7:28,rumor
求扩散！孩子是被人贩子从爷爷奶奶手中抢走！  小孩信息：赵稳超，乳名晨晨，男，两岁半，澳大利亚籍，北京口音，身高一米左右，在北京南沙滩4月29日中午被抢走！孩子至今没有下落！ 具体被抢地址是在,"@平安北京 已辟谣。男方一家故意隐瞒事实，利用网络制造恐慌，博取同情。;昨天,一条“两岁大的小朋友,4月29日在南沙滩被抢”的消息被不少网友在微信朋友圈和微博中转发,并向@平安北京 求证。经了解,此为夫妻双方因抚养权产生的纠纷,孩子被抢消息不属实。为了孩子的成长,希望家长妥善沟通解决。同时提醒大家,对于网上看到的“朋友的朋友”发布的信息,要有所鉴别。;",2015/5/2 6:17,rumor
保护好宝贝！万达广场出现偷娃娃的情况，有个女人把娃带过去丢了，万达把所有门关了，最后把娃找到厕所了，一个小女娃，在厕所头发都让剃了，换了男娃的衣服，目光呆滞，给下药了… 天热了，都爱带孩子出去晒太阳，可人贩子也出来了，大家一定要注意啊！ 东一路                 ,,2015/4/16 0:49,rumor
@谭乔 @李伯清 @成都早资讯 帮忙扩散今天上午一个三岁多小女孩在锦绣花园小区附近被人拐走了，小女孩能说出她爸爸的手机号码 从监控上看是被一个四十多岁男人抱走了现大人都急疯了 有知情者请告之 万分感谢 看到信息的兄弟姐妹留意一下 联系人宁继春13940292999，严厉打击人贩子！ 合江亭,,2015/4/19 0:29,rumor
轉 人贩子会把孩子完全变个样 寻人启事13940292999有线索酬金10万 帮忙扩散，今天上午一个三岁多小女孩在锦绣花园小区附近被人拐走了，小女孩能说出她爸爸的手机号码 从监控上看是被一个四十多岁男人抱走了现大人都急疯了 有知情者请告之 万分感谢 看到信息的兄弟姐妹留意一下 联系人宁继春13940292999                 ,,2015/4/19 1:12,rumor
#那点事儿#【求人肉两个人贩子】@刑警孔sir：专业的拐卖儿童犯罪嫌疑人，还未抓获！只求转不求,,2015/4/13 11:05,rumor
寻人启事：吴梦月，女，3岁：失踪日期：2014年12月09日下午2点左右，失踪地点：房山区花冠天地门口。帮帮这对可怜的父母吧！还有这个孩子！人贩子天诛地灭。 西单,你受骗上当了，这是虚假消息！请看辟谣网址（http://weibo.com/2805765994/CbsNWnUkJ）。尽快删除帖子，因为已被举报。;,2015/4/11 6:54,rumor
这位父亲叫刘庆峰，来自张家口蔚县，2014年10月20日下午，儿子刘浩华，在家门口玩耍时丢失，家人四处寻找至今无果。疑被人贩子拐走。为了寻找孩子刘庆峰夫妇二人辞去工作，妻子在家上网发布寻人帖子，刘先生辗转走了附近的几个城市，通过这样的方式寻找孩子。 @孙海洋寻儿子                 ,你受骗上当了，这是虚假消息！请看辟谣网址（http://weibo.com/2805765994/CcAV3CNKk）。尽快删除帖子，因为已被举报。;@直立哥: 据公安部打拐办主任陈士渠：经查，所在地查无此案，联系电话打不通，孩子照片系一童星，此信息系谣言。;,2015/3/19 14:46,rumor
#乞讨儿童~人贩子~拐卖~打拐~寻子#帮忙扩散，今天上午一个三岁多小女孩在锦绣花园小区附近被人拐走了，小女孩能说出她爸爸的手机号码 从监控上看是被一个四十多岁男人抱走了现大人都急疯了 有知情者请告之 万分感谢 看到信息的兄弟姐妹留意一下 联系人 张静杰13759695559                 ,你受骗上当了，这是虚假消息！请看辟谣网址（http://weibo.com/2805765994/C3LR17rPL）。尽快删除帖子，因为已被举报。;,2015/3/26 21:21,rumor
人贩子应被诸之急找孩子， 大连 实验小学 寻人启事 13759695559 帮忙扩散，今天上午一个三岁多小女孩在大连锦绣花园小区附近被人拐走了，小女孩能说出她爸爸的手机号码 从监控上看是被一个四十多岁男人抱走了现大人都急疯了 有知情者请告之 万分感谢 看到信息请留意一下 联系人 张静杰13759695559                 ,转发：寻人启事 13940292999。有线索酬金10万 帮忙扩散，今天上午一个三岁多小女孩在锦绣花园小区附近被人拐走了，小女孩能说出她爸爸的手机号码 从监控上看是被一个四十多岁男人抱走了现大人都急疯了 有知情者请告之 万分感谢 看到信息的兄弟姐妹留意一下 联系人宁继春13940292999 #宝贝回家#;@包子脸在看书 @变成学霸 @冇薄荷 亲们帮忙看一下，你们大连银;,2015/3/27 22:09,rumor
今天被偷了三个孩子，大润发也丢了两个孩子～有陌生人刚把孩子迷晕，幸好老师及时发现，偷孩子的两个人被抓了起来，现关在东华路派出所。这一次他们这个团伙派一百多人，专偷七岁以上孩子，是要人体器官，肾脏 各位父母，孩子贪玩莫一时大意，丢了孩子，请看管好自己的宝贝！发一发引起注意!年尾了                 ,是要注意;,2015/2/3 16:39,rumor
早安[新闻今天被偷了三个孩子，东莞厚街大润发也丢了两个孩子～有一个陌生人刚把孩子迷晕，幸好被老师及时发现，偷孩子的两个人被抓了起来，现关在东华路派出所。根据他们交代，这一次他们这个团伙派了一百多人，专偷七岁以上的孩子，是要人体 http,,2015/2/3 10:02,rumor
今天被偷了三个孩子，蚌埠大润发也丢了两个孩子～有一个陌生人刚把孩子迷晕，幸好被老师及时发现，偷孩子的两个人被抓了起来，现关在东华路派出所。根据他们交代，这一次他们这个团伙派了一百多人，专偷七岁以上的孩子，是要人体器官，肾脏什么提醒各位父母好恐怖阿！@陈士渠 是真是假，人心惶惶,http://t.cn/RwhSRn3;,2015/2/5 9:51,rumor
今天齐齐哈尔被偷了三个孩子，大润发也丢了两个孩子～有一个陌生人刚把孩子迷晕，幸好被老师及时发现，偷孩子的两个人被抓了起来，现关在东华路派出所。根据他们交代这一次他们这个团伙派了一百多人，专偷七岁以上的孩子是要人体器官肾脏什么的 在微信圈发一下提醒各位父母孩子贪玩时时关注玩耍去向。,,2015/1/28 21:59,rumor
今天被偷了三个孩子，大润发也丢了两个孩子～有一个陌生人刚把孩子迷晕，幸好被老师及时发现，偷孩子的两个人被抓了起来，现关在东华路派出所。专偷七岁以上的孩子，是要人体器官。 提醒各位父母，孩子贪玩，时时关注玩耍去向。莫一时大意，丢了孩子，请看管好自己的宝贝儿！年尾了家长多长心眼…🙏,妈的。狗日的人贩子。;太恐怖了 😱;回复@萌姐姐姐姐i:是的，;,2015/2/2 15:49,rumor
今天被偷了三个孩子，大润发也丢了两个孩子有一陌生人把孩子迷晕，幸好被老师发现，偷孩子的两个人被抓了起来，现关在东华路派出所根据他们交代，这一次他们这个团伙派了一百多人，专偷七岁以上的孩子，是要人体器官，肾脏什么的在这提醒各位父母，孩子贪玩，时时关注玩耍去向。莫一时大意，丢了孩子。                 ,,2015/2/1 17:07,rumor
今天齐齐哈尔被偷了三个孩子，大润发也丢了两个孩子～有一个陌生人刚把孩子迷晕，幸好被老师及时发现，偷孩子的两个人被抓了起来，现关在东华路派出所。根据他们交代，这一次他们这个团伙派了一百多人，专偷七岁以上的孩子，请看管好自己的宝贝儿！发一发引起注意!年尾了家长多长心眼…,,2015/1/30 23:21,rumor
今天河北被偷了三个孩子，白沟也丢了两个孩子～有一个陌生人刚把孩子迷晕，幸好被老师及时发现，偷孩子的两个人被抓了起来，现关在保定派出所。根据他们交代，这一次他们这个团伙派了一百多人，专偷七岁以上的孩子，是要人体器官，肾脏什么的。提醒各位父母，莫一时大意，丢了孩子，发一发引起注意!,说是假的，但是我也删除不了;,2015/1/29 22:14,rumor
今天廊坊被偷了三个孩子，东沽港也丢了两个孩子有一个陌生人刚把孩子迷晕，幸好被老师及时发现，偷孩子的两个人被抓了起来，根据他们交代，这一次他们这个团伙派了一百多人，专偷七岁以上的孩子，是要人体器官，肾脏什么的。提醒各位父母，请看管好自己的宝贝儿!年尾了家长多长心眼,转发微博;,2015/1/27 23:05,rumor
今廊坊被偷三个孩子，东沽港丢了两个孩～有一个陌生人刚把孩子迷晕，幸好被老师及时发现，偷孩子的两个人被抓了起来，现关在王庆坨派出所，这一次他们这个团伙派了一百多人，专偷七岁以上的孩子，是要人体器官，关注孩子玩耍去向。莫一时大意，丢了孩子，看管好孩子发一发引起注意 津淄公路,回复@茜妹妹q:现在这么多偷小孩的，怎么不造雷劈呀？可恨;年关将至，小心谨慎。;,2015/1/27 22:19,rumor
今天苏桥被偷了三个孩子，大留镇也丢了两个孩子～有一个陌生人刚把孩子迷晕，幸好被老师及时发现，偷孩子的两个人被抓了起来，现关在苏桥派出所。根据他们交代，这一次他们这个团伙派廊坊一百多人，专偷七岁以上的孩子，可能是要人体器官，比如肾脏什么的。 在微博发一下，提醒大家一下看好孩子！,谣言;太可怕了 着都什么社会啊;回复@新睿途来吧:真是。。这社会越来越可怕;,2015/1/27 21:29,rumor
今天东岭被偷了三个孩子，大汾乡也丢了两个孩子～有一个陌生人刚把孩子迷晕，幸好被老师及时发现，偷孩子的两个人被抓了起来，现关在东岭派出所。根据他们交代，这一次他们这个团伙派菏泽一百多人，专偷七岁以上的孩子，可能是要人体器官，比如肾脏什么的。,太恐怖了;,2015/1/20 22:36,rumor
国家对人贩子的处置太仁慈了！急找孩子，求转，河南省巩义市实验小，帮忙扩散，今天上午一个三岁多小女孩在锦绣花园小区被人拐走，小女孩能说出她爸爸的手机号码 从监控上看是被一个四十多岁男人抱走了现大人都急疯了 有知情者请告之 万分感谢 看到信息的兄弟姐妹留意一下 联系人 张静杰13759695559,此为虚假消息！此手机号码是陕西渭南的收费电话，拨打此号码会收取高额费用。请勿转发虚假消息！;转发微博;,2015/1/15 18:49,rumor
上海被偷了八个孩子，一个陌生人刚把孩子迷晕，幸好被老师发现，偷孩子的两个人被抓了起来，现关在宝山区署地派出所。根据他们交代，这一次他们这个团伙二百多人，专偷七岁以上的孩子，可能是要人体器官，比如肾脏什么的。 提醒各位父母，孩子贪玩，时时关注玩耍去向。暑假期间请看管好自己的宝贝儿,放暑假了，看管好自己的孩子！;,2014/7/11 5:20,rumor
这两个女婴是被人贩子带上火车，后被乘警发现解救下来的，请大家帮忙转发，帮助两个女婴寻找亲生父母。（只需动动手，孩子就多一个机会！）                 ,这不是很久的事了？;我没有在博文中涉及“领养和目前”等违规字样，以我根本没发过的内容作为处罚依据，简直是欲加之罪！站方判定：“此微博所称，这两个女婴是被人贩子带上火车，后被乘警发现解救下来的，目前在昆明附近安宁的一家医院中一事，实际发生于2012年7月3日，并非发生于目前，且打拐解救的孩子不支持领养。”;感谢转帖！//@深水地平线1: //@尚姐0082013:回复@挖挖视线:谢谢您的爱心！ //@挖挖视线:好可爱的宝宝//@尚姐0082013: //@热事辣评: //@王国富9: //@啊初步设计: 有谁丢了孩子注意了，互转啊 //@尚姐0082013: //@热事辣评: //@王国富9: //@啊初步设计: 有谁丢了孩子注意了，互转啊;,2014/2/19 14:04,rumor
这些人贩子都不是人。13947904333帮忙！ 求扩散，今天上午一个三岁多小女孩在温州华润超市附近被人拐走了，小女孩能准确说出她爸爸的手机号码，从监控上看是被一个四十多岁男人抱走了，现大人都急疯了，有知情者请告之，万分感谢！看到信息的兄弟姐妹留意一下！联系人郑春蓉13947904333,,2013/8/19 12:21,rumor
@0爱要怎样才完美 爆料： 昨天上午一个小女孩在大润发超市附近被人拐走了，小女孩三岁多，能准确说出她爸爸的手机号码，从监控上看是被一个四十多岁男人抱走了，现大人都急疯了，有知情者请告之，万分感谢！帮忙转发！ 抓住万恶的人贩子！                 ,可恶！;耍玩呢，欺骗我们的同情心，有意思吗，好歹也是面向公共微博;已经证实是假的了;,2013/7/17 22:02,rumor
转发的!希望可以快D稳返求扩散，今天上午我同学的同事的女儿在花都新华大润发超市附近被人拐走，小女孩三岁多能准确说出她爸爸的手机号码，这是我们同事女儿的照片，从监控上看是被一个四十多岁男人抱走，现大人都急疯了，有知情者请告之Ps：扑街人贩子，不得好死！                 ,刚听说这事是真的! 小孩也找到了!但不是在花都!好像信息内容一样!只改了地名!有够无聊的!但!也给了妈妈们一个警示!带 小朋友出去一定要小心;是的，上午就听朋友说找回了;回复@零下一度冰V:真的吗？;,2013/7/14 12:19,rumor
人贩子故意用刀子把他们的身体划的伤痕累累，从而换取不义之财，他们嫌刀子划的不够狠，还用硫酸烧孩子的身体，痛苦难忍的小女孩用稚嫩的童音哀求着：“叔叔求你别用硫酸了，还是用刀子割吧…”这帮畜生！拐卖妇女儿童应该直接枪毙，如果你不是人贩子你会转，同意转。                 ,;枪毙！！！！！！五马分尸！！！！凌迟处死！！！！！看谁还敢拐卖！！！！;;,2013/6/14 10:07,rumor
【今夜，三牌楼大街，亲身经历绑架事件！！！！】 PS：南京的姑娘都长点心了！！！现在人贩子太恐怖了！！！！via@宫小欣等等等等等等等 原帖地址：http,@阳光and沙滩and海;回复@傅泓皓-:勉强;回复@InKaMan:我勉强体会到个女仔当时崩溃的心;,2013/5/21 14:02,rumor
5.19日晚，南京三牌楼大街，南京网友亲身经历的绑架事件！南京的姑娘都长点心了！！！现在人贩子太恐怖了！！！！扩散周知！                 ,回覆@Oi_Yeee:这是中国公安，不是香港警察;回复@大笨瓜瓜:其实警察一査身份证，二来带回公安局核对资料，三来查户口簿，那就真相大白了。;回复@大笨瓜瓜:所以现在少出夜街，治安太不好的原因是现在太多办事不力的民警，令为非作歹的歹徒更加猖狂。;,2013/5/21 15:22,rumor
这两个女婴是被人贩子带上火车，后被乘警发现解救下来的，目前在昆明附近安宁的一家医院中，已经做过检查，身体健康，此微博有两个目的：1• 寻亲，请大家帮忙转发，帮助两个女婴寻找亲生父母。2• 如寻亲未果，寻领养。（只需动动手，孩子就多一个机会！）                 ,@马伊琍;这个是不实信息，PO主删除吧;[bm可爱];,2013/3/28 16:16,rumor
【谨防宝宝被拐】身边真实的事情，惊出我一身冷汗。天津阿姨家邻居带着3岁的儿子去超市，付账的片刻发现孩子不见了，立即找保安求助。保安很给力，马上对讲机通知关闭所有入口进行排查。最后找到了小孩，头发被剃了，衣服被换了。人贩子团伙太恐怖了，家长带小孩外出一定要非常谨慎。一定！！！                 ,为什么显示是，不实消息？;可怕！;有这种智慧干点什么正经事不好？！nnd;,2013/2/17 8:49,rumor
马连道家乐福发生突发事件，营业时间所有出入口用铁门封闭，不许进出。原因是一名女士在结账时跟在身边的孩子突然失踪，幸亏及时报警，家乐福立刻封闭所有出入口寻找孩子，后来孩子在二楼卫生间找到，头发被剃光，衣服已经被换掉，人贩子不知去向。年关将至，请大家出入公共场合务必带好孩子！！！,看好各家的千金少爷神马的吧，K//@我就是一女超人: 太恐怖了！真假？@马良GURI;这是什么世道，人怎么会变得这样？家长们务必提高警惕，带好孩子！;转发微博;,2013/1/8 13:53,rumor
【再次提醒：谨防宝宝被拐】天津阿姨家邻居带着3岁的儿子去超市，付账的片刻发现孩子不见了，立即找保安求助。保安很给力，马上对讲机通知关闭所有入口进行排查。最后找到了小孩，头发被剃了，衣服被换了。人贩子团伙太恐怖了，家长带小孩外出一定要非常谨慎，一定！！！！                 ,已经核实是虚假信息，这个所在地被天南海北的转了;@培正逗点松江中心;很无语的说- -都是N久前的谣言了~虽然可以起到提醒的作用，但是更多的是引起恐慌吧？;,2013/1/2 20:50,rumor
最近出现骗子让单独带孩子的家长帮忙照相，当家长拿着相机拍照的时候就会出现眩晕。然后孩子就被抱走了。沈阳出现两起了。请告诉周围妈妈们注意！ 深圳也有妈妈差点上当 转发让各位爸爸和妈妈们注意！人贩子要枪毙看谁贩！,,2013/1/1 18:12,rumor
#身边微提示#【 带孩子去超市注意啦！】哈尔滨太平家乐福：一名女士在结账时跟在身边的孩子突然失踪，及时报警，家乐福立刻封闭所有出入口寻找，后来在二楼卫生间找到孩子，头发被剃光，衣服已被换掉，人贩子不知去向，团伙作案手法迅速。Ps：年关至，大家出入公共场合务必带好孩子。请扩散！                 ,,2012/12/29 15:46,rumor
太平家乐福发生突发事件，营业时间所有出入口用铁门封闭，不许进不许出，一名女士在结账时跟在身边的孩子突然失踪，幸亏及时报警，商场立刻封闭所有出入口寻找孩子，后来孩子在二楼卫生间找到，头发被剃光衣服已经被换掉，人贩子不知去向，团伙作案手法迅速，年关将至请大家出入公共场合务必带好孩子,回复@鳗鱼S笑笑:就是，听起来都挺恐怖😱，还是小心为妙;介个，介个。。同一事件，不同地点，看了好几个版本了。但不管怎么样，带孩子出门一定要注意，注意，再注意。;确实有点恐怖！怀念老薄在的时候，重庆的治安是多么好啊;,2012/12/11 22:18,rumor
家乐福发生突发事件，营业时间所有出入口用铁门封闭，不许进出，原因是一女士在结账时跟在身边的孩子突然失踪，幸亏及时报警，家乐福立刻封闭所有出入口，后来孩子在二楼卫生间找到，头发被剃光，衣服被换掉，人贩子不知去向，团伙作案手法迅速，年关将至，请大家出入公共场合务必带好孩子。请转发,回复@LIJINBIN:;家乐福好苦逼。总感觉有一个团体在黑他;注意安全，年关了，小偷什么的都得搞钱过年了  //@华润置地-田磊:应急处理得当啊，大家要小心啊//@倔强小黄牛_:缺德啊？！要逆天啊？！过年缺钱把主意打到娃娃身上啊？！人渣，行事了切偷孕妇肚子头的娃娃嘛！死变态！！！[闪电][闪电][闪电];,2012/12/13 16:35,rumor
【年终了，请看好你的小孩！】年终到了，网传拐卖儿童的事件频发，令人揪心！不管真假，在此提醒朋友们，出门带小孩一定要格外小心，以免让人贩子有机可乘！请转发给身边有小孩的朋友！！                 ,像计生那样实行一票否决制，估计应该是最有效果的。 来自:http://t.cn/zj6UFC5;,2012/12/11 15:13,rumor
中国政府还有什么理由不严惩买方根源！太平虎门家乐福营业时间所有出入口用铁门封闭，原因是一名女士在结账时跟在身边的孩子突然失踪报警，家乐福立刻封闭所有出入口，孩子在二楼卫生间找到，头发被剃光衣服已被换，人贩子不知去向，团伙作案手法迅速@CDTV孔维薇 @玩艺术的布衣蔡健 @萱噜噜,被河蟹了，呵呵;回复@德新书生:原来是假消息;[可憐]严惩;,2012/12/13 13:48,rumor
带孩子逛超市要小心。。家乐福一名女士结账时孩子突然失踪，立刻报警，家乐福封闭所有出入口，后来孩子在卫生间找到，头发被剃光，衣服被换掉，人贩子不知去向，作案手法迅速。。这种手法两年前曾经在南海桂城城市广场易初莲花超市发生过，是身边认识的真人真事啊。。 @唔喺鼓佬--轩爷,平时带小朋友出街真係要好小心注意了…;回复@Bro_Wuji:有些人，道德尽失，信仰全无。。;这世道;,2012/12/11 11:31,rumor
今天【昆山家乐福】上午营业时间所有出入口用铁门封闭，不许进不许出，原因是一名女士在结账时跟在身边的孩子突然失踪，幸亏及时报警，家乐福立刻封闭所有出入口寻找孩子，后来在二楼卫生间找到，头发被剃光衣服已经被换掉，人贩子不知去向团伙作案手法迅速，年关将至请大家出入公共场合务必带好孩子。,,2012/12/12 13:49,rumor
东莞虎门太平家乐福发生突发事件，营业时间所有出入口用铁门封闭，不许进出，原因是一名女士在结账时跟在身边的孩子突然失踪，幸亏及时报警，立刻封闭所有出入口寻找孩子，后来孩子在二楼卫生间找到，头发被剃光，衣服已经被换掉，人贩子不知去向，年关将至，带好孩子！@逗逗0608,回复@骤晴骤雨:问题是谁在散播。;虎门太平有条囵家乐福啊！;,2012/12/11 13:38,rumor
【抓人贩子！】公安部A级通缉令缉拿10名拐卖儿童妇女逃犯(左起)：余昌海、王细灵、陈莲香、陈小东、安金良。下排左起：赵超超、熊建桥、刘秀清、彭家宝、化明。现在逃。对发现线索的举报人、缉捕有功的单位或个人，每抓获一名将给予人民币5万元奖励。请大家帮忙转发出去！！！                 ,转起来！;真的不实吗？//@老曲老曲: 抓//@青春榜样-全国农村创业青年典型:必须都抓起来，关到死，让他们偷孩子;//@南京有有: //@hz曾永乐:;,2012/12/5 14:26,rumor
