紧急通知：妇幼保健院通知：现在得白血病的小孩越来越多，请告诉家里有小孩的朋友，旺仔牛奶、可口可乐、爽歪歪、娃哈哈AD钙奶、未来星、QQ星、美汁源果粒奶优菠萝味的。都含有肉毒杆菌。现在紧急召回。有孩子的都转下！！ 没有孩子 的也请友情转转！！！大家行动起来，传递一份我们的爱心！健康最重要（国际妇保办宣）       ,回复@谷传建H:谢谢;回复@黄石网警巡查执法:造谣一张嘴''辟谣跑断腿''辛苦了;@旺仔俱乐部 @旺旺集团总部;,2017/4/19 12:54,rumor
【奶粉里的肉毒杆菌哪来】新西兰恒天然公司一工厂发现其乳粉检出肉毒杆菌。娃哈哈、可口可乐、多美滋等使用了其乳粉。肉毒杆菌对1岁以下婴儿存在较大威胁。毒素进入到血液以后有可能导致孩子神经痉挛或麻痹的中毒症状。                 ,,2016/9/28 7:45,rumor
现在得白血病的小孩越来越多，提醒家里的爸爸妈妈爷爷奶奶叔叔阿姨，请不要给宝宝喝爽歪歪和有添加剂的牛奶饮料，告诉家里有小孩的朋友，旺仔牛奶，可口可乐、爽歪歪、哇哈哈、AD钙奶、未来星、QQ星、美汁源果粒奶优菠萝味的，都还有肉毒杆菌，现正在紧急召回。有孩子的都转下！！！没有孩子的也请友情转一下，大家行动起来，传递一下我们的爱心,已确认是谣言，发布及转发将负法律责任。;回复@丽馨--开心果:谢谢您的点赞;回复@知北少年游:谢谢亲点赞，扩散出去吧。;,2016/4/26 14:22,rumor
宁夏妇幼保健院的通知，是真的吗？说真的，超市里的货价上这些商品还是很多的，而且也还有很多人在买……各位小编怎么看？@宁夏热线  @宁夏新闻网  @平安宁夏  @娃哈哈  @可口可乐                 ,,2016/4/19 10:46,rumor
请扩散！请不要给宝宝喝有添加剂的牛奶饮料，旺仔牛奶，可口可乐，爽歪歪，哇哈哈ad钙奶，未来星，qq星，美汁源果粒奶优菠萝味，它们有有毒肉杆菌！                 ,原来是谣言，以后没有被证实的消息，禁止转发，谢谢那位今天举报我微博的人，提醒了我没有被证实的消息是不能乱转发的 评论配图;已被证实是谣言，谣言散布者已吃官司。;,2016/4/18 9:37,rumor
紧急通知：    妇幼保健院通知、：现在得白血病的小孩越来越多，妇幼保健院提示您，请不要给宝宝喝爽歪歪和有添加剂的牛奶饮料，告诉家里有小孩的朋友，旺仔牛奶、可口可乐、爽歪歪、娃哈哈AD钙奶、未来星、QQ星、美汁源果粒奶优菠萝味的。都含有肉毒杆菌。现在紧急召回。有孩子的都转下！！！   没有孩子的也请友情转转！！！大家行动起来       ,真的吗？;,2016/4/6 23:20,rumor
中央电视台《焦点访谈》已经播出可口可乐承认旗下(果粒橙)含有美国禁用农药「多菌灵」，跟其他农药一样，对脑部影响最大，可引致局部麻痹，并会导致癌症。,回复@兽医扁鹊:是谣言吗？;回复@林嘉儁:是假的吗？;好假;,2016/3/10 20:53,rumor
家长们注意了：现在得白血病的孩子越来越多，妇幼保健院提醒家长们：不要给孩子喝爽歪歪和含有牛奶添加剂的饮料。也告诉家中有小孩的朋友，旺仔牛奶、可口可乐、爽歪歪、哇哈哈AD钙奶、未来星、QQ星、美汁源果粒奶优菠萝味、都含有肉毒杆菌，现紧急召回！大家友情转发传递爱心不要冷漠！                 ,从来不喝饮料的。谢谢老师！;,2015/12/15 12:21,rumor
紧急通知： 妇幼保健院通知、：现在得白血病的小孩越来越多，妇幼保健院提示您，请不要给宝宝喝爽歪歪和有添加剂的牛奶饮料，告诉家里有小孩的朋友，旺仔牛奶、可口可乐、爽歪歪、娃哈哈AD钙奶、未来星、Q星、美汁源果粒奶优的。都含有肉毒杆菌。现在紧急召回。有孩子的都转下！！！   没娃转转！！！                 ,;,2015/12/15 12:20,rumor
#电影真相禁区#幼儿园刚才发紧急通知：妇幼保健院提示，请不要给宝宝喝爽歪歪和有添加剂的牛奶饮料，告诉家里有小孩的朋友，旺仔牛奶、可口可乐、爽歪歪、娃哈哈AD钙奶、未来星、QQ星、美汁源果粒奶优菠萝味的。都含有肉毒杆菌。现在紧急召回。有孩子的都转下,,2015/11/3 22:45,rumor
紧急通知：妇幼保健院通知现在得白血病的小孩越来越多。妇幼保健院提示您请不要给孩子喝爽歪歪和有添加剂的牛奶饮料，告诉家里有小孩的朋友，旺仔牛奶、可口可乐、爽歪歪、娃哈哈AD钙奶、未来星、QQ星、美汁源果粒奶优菠萝味的，都含有肉毒杆菌。现在紧急召回大家行动起来传递一份我们的爱心。”                 ,,2015/12/25 21:06,rumor
妇幼保健院通知、：现在得白血病的小孩越来越多，妇幼保健院提示您，请不要给宝宝喝爽歪歪和有添加剂的牛奶饮料，告诉家里有小孩的朋友，旺仔牛奶、可口可乐、爽歪歪、娃哈哈AD钙奶、未来星、QQ星、美汁源果粒奶优菠萝味的。都含有肉毒杆菌。 大家行动起来，传递一份爱心！ 宝鸡·马营镇,,2015/9/8 20:30,rumor
紧急通知： 妇幼保健院通知：现在得白血病的小孩越来越多，妇幼保健院提示您，请不要给孩子喝爽歪歪和有添加剂的牛奶饮料，告诉家里有小孩的朋友，旺仔牛奶、可口可乐、爽歪歪、娃哈哈AD钙奶、未来星、QQ星、美汁源果粒奶优菠萝味的。都含有肉毒杆菌。现在紧急召回！   （国际妇保办宣）@keneehuskek,,2015/10/18 22:04,rumor
📢📢妇幼保健院通知、：现在得白血病的小孩越来越多，妇幼保健院提示您，请不要给宝宝喝爽歪歪和有添加剂的牛奶饮料，告诉家里有小孩的朋友，旺仔牛奶、可口可乐、爽歪歪、娃哈哈AD钙奶、未来星、QQ星、美汁源果粒奶优菠萝味的。都含有肉毒杆菌。现在紧急召回。有孩子的都注意啦，为了孩子的健康，                 ,,2015/9/11 13:34,rumor
妇幼保健院通知：现在得白血病的小孩越来越多，妇幼保健院提示您，请不要给宝宝喝爽歪歪和有添加剂的牛奶饮料，告诉家里有小孩的朋友，旺仔牛奶、可口可乐、爽歪歪、娃哈哈AD钙奶、未来星、QQ星、美汁源果粒奶优菠萝味的。都含有肉毒杆菌。现在紧急召回。@张思莱医师 这是真的吗,,2015/9/9 17:27,rumor
📣📢现在得白血病的小朋友越来越多，请不要给小朋友喝爽歪歪和有添加剂的牛奶饮料，旺仔牛奶、可口可乐、爽歪歪、娃哈哈AD钙奶、未来星、QQ星、美汁源果粒奶优菠萝味的。都含有肉毒杆菌。,,2015/10/13 11:38,rumor
转发 张老师的微信。 紧急通知：     妇幼保健院通知、：现在得白血病的小孩越来越多，妇幼保健院提示您，请不要给宝宝喝爽歪歪和有添加剂的牛奶饮料，告诉家里有小孩的朋友，旺仔牛奶、可口可乐、爽歪歪、娃哈哈AD钙奶、未来星、QQ星、美汁源果粒奶优菠萝味的。都含有肉毒杆菌,,2015/9/19 10:15,rumor
现在得白血病的小孩越来越多妇幼保健院提示您请不要给宝宝喝爽歪歪和有添加剂的牛奶饮料告诉家里有小孩的朋友旺仔牛奶可口可乐爽歪歪娃哈哈AD钙奶未来星QQ星美汁源果粒奶优菠萝味的都含有肉毒杆菌现在紧急召回有孩子的都转下没有孩子 也请友情转转大家行动起来传递一份我们的爱心 池州·池阳街区,,2015/10/15 10:05,rumor
通知：      现在得白血病的小孩越来越多，请不要给孩子喝爽歪歪和有添加剂的牛奶饮料，告诉家里有小孩的朋友，旺仔牛奶、可口可乐、爽歪歪、娃哈哈AD钙奶、未来星、QQ星、美汁源果的。都含有肉毒杆菌。大家都转下！@揭西信息网 @揭西在线网 @揭西万事通 @魅力揭西 @直播揭阳 揭阳·河婆街区                 ,可口可乐都有？那百事呢;,2015/10/15 20:19,rumor
紧急通请不要给宝宝喝爽歪歪和有添加剂的牛奶饮料，告诉家里有小孩的朋友，旺仔牛奶、可口可乐、爽歪歪、娃哈哈AD钙奶、未来星、QQ星、美汁源果粒奶优菠萝味的。都含有肉毒杆菌。现在紧急召回。有孩子的都转下！！！   没有孩子的也请友情转转！！！大家行动起来，传递一份我们的爱心！,,2015/9/9 16:39,rumor
妇幼保健院通知：现在得白血病的小孩越来越多，妇幼保健院提示您，请不要给宝宝喝爽歪歪和有添加剂的牛奶饮料，告诉家里有小孩的朋友旺仔牛奶可口可乐爽歪歪娃哈哈AD奶未来星QQ星美汁源果粒奶优菠萝味都含有肉毒杆菌。现在紧急召回。大家行动起来，传递一份我们的爱心！ 西安·大明宫万达                 ,,2015/9/8 23:12,rumor
妇幼保健院通知：现在得白血病的小孩越来越多，妇幼保健院提示您，请不要给孩子喝爽歪歪和有添加剂的牛奶饮料，告诉家里有小孩的朋友，旺仔牛奶、可口可乐、爽歪歪、娃哈哈AD钙奶、未来星、QQ星、美汁源果粒奶优菠萝味的。都含有肉毒杆菌。现在紧急召回。有孩子的都转下！！！ 郑州·南阳路街区,,2015/10/13 7:07,rumor
妇幼保健院通知：现在得白血病的小孩越来越多，妇幼保健院提示您，请不要给宝宝喝爽歪歪和有添加剂，告诉家里有小孩的朋友，旺仔牛奶可口可乐爽歪歪、娃哈哈AD钙奶未来星QQ星美汁源果粒奶优菠萝味的。都含有肉毒杆菌。现在紧急召回。有孩子没有孩子的也请友情转转！大家行动起来，传递一份我们的爱心！,,2015/9/14 17:19,rumor
⚠紧急通知：现在得白血病的小孩越来越多，请不要给孩子喝爽歪歪和有添加剂的牛奶饮料，旺仔牛奶、可口可乐、爽歪歪、娃哈哈AD钙奶、未来星、QQ星、美汁源果粒奶优菠萝味的。都含有肉毒杆菌。现在紧急召回。有孩子的都转下！！没有孩子 的也请友情转转！！传递一份我们的爱心！（国际妇保办宣）,此消息，望得到有关食安管理部门和企业的尽快澄清;,2015/10/14 3:14,rumor
现在得白血病的小孩越来越多，妇幼保健院提示您，请不要给宝宝喝爽歪歪和有添加剂的牛奶饮料，告诉家里有小孩的朋友，旺仔牛奶、可口可乐、爽歪歪、娃哈哈AD钙奶、未来星、QQ星、美汁源果粒奶优菠萝味的。都含有肉毒杆菌。有孩子的都转下！没有孩子 的也请友情转！大家行动起来，传递一份我们的爱心！                 ,,2015/10/13 21:48,rumor
妇幼保健院紧急通知：现在得白血病的小孩越来越多，请不要给宝宝喝爽歪歪和有添加剂的牛奶饮料，告诉家里有小孩的朋友，旺仔牛奶、可口可乐、爽歪歪、娃哈哈，未来星、QQ星、美汁源果粒奶优都含有肉毒杆菌。现在紧急召回。有孩子的都转下！没有孩子的也请友情转转！大家行动起来，传递一份我们的爱心。,,2015/9/9 16:08,rumor
妇幼保健院通知、：现在得白血病的小孩越来越多，请不要给宝宝喝爽歪歪和有添加剂的牛奶饮料，告诉家里有小孩的朋友，旺仔牛奶、可口可乐、爽歪歪、娃哈哈AD钙奶、未来星、QQ星、美汁源果粒奶优菠萝味的。都含有肉毒杆菌。现在紧急召回。有孩子的都转下！！！ 沧州·乐寿镇,,2015/10/15 15:14,rumor
⚠妇幼保健院通知：现在得白血病的小孩越来越多，请不要给孩子喝爽歪歪和有添加剂的牛奶饮料，告诉家里有小孩的朋友，旺仔牛奶、可口可乐、爽歪歪、娃哈哈AD钙奶、未来星、QQ星、美汁源果粒奶优菠萝味的。都含有肉毒杆菌。现在紧急召回。不管有没孩子都转转吧！传递一份我们的爱心！国际妇保办宣,,2015/10/16 16:57,rumor
紧急通知：      妇幼保健院通知：现在得白血病的小孩越来越多，妇幼保健院提示您，请不要给孩子喝爽歪歪和有添加剂的牛奶饮料，告诉家里有小孩的朋友，旺仔牛奶、可口可乐、爽歪歪、娃哈哈AD钙奶、未来星、QQ星、美汁源果粒奶优菠萝味的。都含有肉毒杆菌。现在紧急召回。健康重要 绵阳·潼川镇,,2015/10/12 17:41,rumor
紧急通知：     妇幼保健院通知、：现在得白血病的小孩越来越多，妇幼保健院提示您，请不要给宝宝喝爽歪歪和有添加剂的牛奶饮料，告诉家里有小孩的朋友，旺仔牛奶、可口可乐、爽歪歪、娃哈哈AD钙奶、未来星、QQ星、美汁源果粒奶优菠萝味的。都含有肉毒杆菌。亲都行动起来转一下。 聊城·中级法院                 ,,2015/9/9 14:20,rumor
妇幼保健院通知现在得白血病的小孩越来越多妇幼保健院提示请不要给宝宝喝爽歪歪和有添加剂的牛奶饮料告诉家里有小孩的朋友，旺仔牛奶可口可乐爽歪歪娃哈哈AD钙奶未来星QQ星美汁源果粒奶优菠萝味的都含有肉毒杆菌现在紧急召回有孩子的都转下没有孩子的也请友情转转大家行动起来传递 绵阳·寻龙山风景旅游区,,2015/9/9 19:46,rumor
紧急通知：      现在得白血病的小孩越来越多，妇幼保健院提示您，请不要给宝宝喝爽歪歪和有添加剂的牛奶饮料，告诉家里有小孩的朋友，旺仔牛奶、可口可乐、爽歪歪、娃哈哈AD钙奶、未来星、QQ星、美汁源果粒奶优菠萝味的。都含有肉毒杆菌。有孩子的都转下 精品折扣，天天特价，9.9包邮，品牌促销 唐山·古冶街区                 ,,2015/10/15 14:32,rumor
紧急通知：      妇幼保健院通知：现在得白血病的小孩越来越多，妇幼保健院提示您，请不要给孩子喝爽歪歪和有添加剂的牛奶饮料，旺仔牛奶、可口可乐、爽歪歪、娃哈哈AD钙奶、未来星、QQ星、美汁源果粒奶优菠萝味的。都含有肉毒杆菌。有孩子的都转下 @我喜欢涂涂 大连·甘井子街区,我靠;,2015/10/13 14:53,rumor
#拯救3岁白血病患儿黄馨蕊#  妇幼保健院通知、：现在得白血病的小孩越来越多，妇幼保健院提示您，请不要给宝宝喝爽歪歪和有添加剂的牛奶饮料，告诉家里有小孩的朋友，旺仔牛奶、可口可乐、爽歪歪、娃哈哈AD钙奶、未来星、QQ星、美汁源果粒奶优菠萝味的。都含有肉毒杆菌。现在紧急召回。转,,2015/10/10 15:16,rumor
紧急通知：现在得白血病的小孩越来越多，妇幼保健院提示您，请不要给孩子喝爽歪歪和有添加剂的牛奶饮料，告诉家里有小孩的朋友，旺仔牛奶、可口可乐、爽歪歪、娃哈哈AD钙奶、未来星、QQ星、美汁源果粒奶优菠萝味的。都含有肉毒杆菌。现在紧急召回。有孩子的都转下！大家行动起来。（国际妇保办宣）,,2015/10/13 14:36,rumor
紧急通知，妇幼保健院通知：现在得白血病的小孩越来越多，请不要给宝宝喝爽歪歪和有添加剂的牛奶饮料，告诉家里有小孩的朋友，旺仔牛奶、可口可乐、爽歪、娃哈哈AD钙奶、未来星、Q星、美汁源果粒奶优菠萝味的。都含有肉毒杆菌。现在紧急召回。有没有有孩子的也请转！一起行动起来，传递一份我们的爱心                 ,,2015/9/8 13:59,rumor
紧急通知：     ，妇幼保健院通知、：现在得白血病的小孩越来越多，妇幼保健院提示您，请不要给宝宝喝爽歪歪和有添加剂的牛奶饮料，告诉家里有小孩的朋友，旺仔牛奶、可口可乐、爽歪歪、娃哈哈AD钙奶、未来星、QQ星、美汁源果粒奶优菠萝味的。都含有肉毒杆菌。现在紧急转走 邢台·南大郭镇,,2015/9/7 8:47,rumor
妇幼保健院通知、：现在得白血病的小孩越来越多，妇幼保健院提示您，请不要给宝宝喝爽歪歪和有添加剂的牛奶饮料，告诉家里有小孩的朋友，旺仔牛奶、可口可乐、爽歪歪、娃哈哈AD钙奶、未来星、QQ星、美汁源果粒奶优菠萝味的。都含有肉毒杆菌。是诱发白血病的主要原因！！ 渭南·金龙大街,,2015/9/8 6:58,rumor
紧急通知：     ，妇幼保健院通知、：现在得白血病的小孩越来越多，妇幼保健院提示您，请不要给宝宝喝爽歪歪和有添加剂的牛奶饮料，告诉家里有小孩的朋友，旺仔牛奶、可口可乐、爽歪歪、娃哈哈AD钙奶、未来星、QQ星、美汁源果粒奶优菠萝味的都含有肉毒杆菌。传递一份我们的爱心！ 大连·保税区,,2015/9/6 20:19,rumor
#妇幼保健院##紧急扩散#现得白血病的小孩越来越多，妇幼保健院提示，请不要给宝宝喝爽歪歪和有添加剂的牛奶饮料，告诉家里有小孩的朋友，伊利牛奶、蒙牛牛奶、光明牛奶、旺仔牛奶、可口可乐、爽歪歪、娃哈哈AD钙奶、未来星、QQ星、美汁源果粒奶优菠萝味的。都含有肉毒杆菌 杭州·良渚镇,,2015/9/6 19:27,rumor
紧急通知：妇幼保健院通知：现在得白血病的小孩越来越多，妇幼保健院提示您，请不要给宝宝喝有添加剂的牛奶饮料，告诉家里有小孩的朋友，旺仔牛奶、可口可乐、爽歪歪、娃哈哈AD钙奶、未来星、QQ星、美汁源果粒奶优菠萝味的。都含有肉毒杆菌。大家行动起来，传递一份我们的爱心！ 南京·禄口街区                 ,,2015/9/7 13:17,rumor
#我要去伊利牧场#妇幼保健院通知：现在得白血病的小孩越来越多，妇幼保健院提示您，请不要给宝宝喝爽歪歪和有添加剂的牛奶饮料，告诉家里有小孩的朋友，旺仔牛奶、可口可乐、爽歪歪、娃哈哈AD钙奶、未来星、QQ星、美汁源果粒奶优菠萝味的都含有肉毒杆菌，现在紧急召回。请友情转转,,2015/9/7 14:47,rumor
妇幼保健院提示您，请不要给宝宝喝爽歪歪和有添加剂的牛奶饮料，告诉家里有小孩的朋友，刚看了新闻：旺仔牛奶。、可口可乐、爽歪歪。娃哈哈AD钙奶、多美滋、雅培、美汁源果粒奶优菠萝味的。都含有肉毒杆菌。现在紧急召回😱          望家长朋友们爱孩子 ，就别给他喝了。 济南·建新街区                 ,,2015/8/28 15:17,rumor
紧急通知：     妇幼保健院通知、：现在得白血病的小孩越来越多，请不要给宝宝喝爽歪歪和有添加剂的牛奶饮料，旺仔牛奶、可口可乐、爽歪歪、娃哈哈AD钙奶、未来星、QQ星、美汁源果粒奶优菠萝味的。都含有肉毒杆菌。现在紧急召回                 ,,2015/9/7 23:53,rumor
紧急通知：     妇幼保健院通知：现在得白血病的小孩越来越多，请不要给宝宝喝爽歪歪和有添加剂的牛奶饮料，告诉家里有小孩的朋友，旺仔牛奶、可口可乐、爽歪歪、娃哈哈AD钙奶、未来星、QQ星、美汁源果粒奶优菠萝味的。都含有肉毒杆菌。现在紧急召回。大家都来转一下传递一份我们的爱心！纯垃圾食品！                 ,,2015/9/8 15:36,rumor
【赣州生活】妇幼保健院通知：现在得白血病的小孩越来越多，请不要给宝宝喝爽歪歪和有添加剂的牛奶饮料，旺仔牛奶、可口可乐、爽歪歪、娃哈哈AD钙奶、未来星、QQ星、美汁源果粒奶优菠萝味的，都含有肉毒杆菌。有孩子的都转下！！！没有孩子 的也请友情转转！！！大家行动起来，传递一份我们的爱心！,有没添加剂的牛奶吗？除非自己养头奶牛;养元六个核桃也不能喝！;,2015/10/14 22:50,rumor
#在这里话题# 家长们注意啦：现在得白血病的小孩越来越多，妇幼保健院提示您，请不要给宝宝喝爽歪歪和有添加剂的牛奶饮料，告诉家里有小孩的朋友，旺仔牛奶、可口可乐、爽歪歪、娃哈哈AD钙奶、未来星、QQ星、美汁源果粒奶优菠萝味的。都含有肉毒杆菌。现在紧急召回。有孩子的都转下！！！                 ,,2015/7/9 15:15,rumor
妇幼保健院提示，请不要给宝宝和爽歪歪旺仔牛奶、可口可乐、哇哈哈AD钙奶、未来星、QQ星、美之源果粒奶油和有添加剂的牛奶饮料，都含有肉毒杆菌，现在正在紧急召回。,,2015/7/4 18:03,rumor
幼儿园都发通知了家长们注意啦：现在得白血病的小孩越来越多，妇幼保健院提示您，请不要给宝宝喝爽歪歪和有添加剂的牛奶饮料，告诉家里有小孩的朋友，旺仔牛奶 可口可乐 爽歪歪 娃哈哈AD钙奶 未来星 QQ星 美汁源果粒奶优菠萝味的。都含有肉毒杆菌。现在紧急召回。有孩子的都转下没有孩子的也请友情转转,,2015/7/26 15:04,rumor
不要再随便买奶制品给孩子喝了❗️幼儿园都发通知了家长们注意：现在得白血病的小孩越来越多，妇幼保健院提示您，请不要给宝宝喝爽歪歪和有添加剂的牛奶饮料，告诉家里有小孩的朋友，旺仔牛奶、可口可乐、爽歪歪、娃哈哈AD钙奶、未来星、QQ星、美汁源果粒奶优菠萝味的。都含有肉毒杆菌。现在紧急召回。                 ,,2015/7/28 9:25,rumor
告诉家里有小孩的朋友，旺仔牛奶、可口可乐、爽歪歪、娃哈哈AD钙奶、未来星、QQ星、美汁源果粒奶优菠萝味的。都含有肉毒杆菌。现在紧急召回中。 ➤幼儿园都发通知了，有孩子的都转下， 没有孩子的也请友情转转！！,,2015/6/26 15:03,rumor
是真的吗？幼儿园都发通知了， 现在得白血病的小孩越来越多，妇幼保健院提示您，请不要给宝宝喝爽歪歪和有添加剂的牛奶饮料，告诉家里有小孩的朋友，旺仔牛奶、可口可乐、爽歪歪、娃哈哈AD钙奶、未来星、QQ星、美汁源果粒奶优菠萝味的。都含有肉毒杆菌。 广从公路,怎么册不了;你受骗上当了，这是虚假消息！请看辟谣网址（http://weibo.com/2805765994/CdlbFkzWm）。尽快删除帖子，因为已被举报。;,2015/5/20 15:23,rumor
👇请不要给孩子喝爽歪歪 旺仔可口可乐 娃哈哈AD 未来星 QQ星 美汁源等含有添加剂的牛奶饮料。具说都含有肉毒杆菌。[惊讶] 如皋市                 ,,2015/6/18 12:39,rumor
“lllll现在得白血病的小孩越来越多，妇幼保健院提示您，旺仔牛奶、可口可乐、爽歪歪、娃哈哈AD钙奶、未来星、QQ星、美汁源果粒奶优菠萝味的。都含有肉毒杆菌。现在紧急召回。  ”llll很多网都在转，还专门有网友做测试，貌似很真，很想知道答案 《是真的吗》有奖征集选题,,2015/6/4 15:55,rumor
妇幼保健院提示，请不要给宝宝喝爽歪歪和有添加剂的牛奶饮料，告诉家里有小孩的朋友，旺仔牛奶、可口可乐、爽歪歪、娃哈哈AD钙奶、未来星、QQ星、美汁源果粒奶优菠萝味的。都含有肉毒杆菌。现在紧急召回。有孩子的都转下！！！   没有孩子的也请友情转转！转发的不知道是不是真的   还是要重视,http://t.cn/R2HDZTZ;,2015/6/15 6:43,rumor
家长们注意啦：现在得白血病的小孩越来越多，妇幼保健院提示您，请不要给宝宝喝爽歪歪和有添加剂的牛奶饮料，告诉家里有小孩的朋友，旺仔牛奶、可口可乐、爽歪歪、娃哈哈AD钙奶、未来星、QQ星、美汁源果粒奶优菠萝味的。都含有肉毒杆菌。现在紧急召回。 不知道是不是真的，看到还是转下吧,回复@征途a在路上:喔，好的，谢谢;焦点访谈辟谣了;,2015/6/11 23:24,rumor
原来是真的 幼儿园都发通知了 家长们注意啦   请不要给宝宝喝爽歪歪和有添加剂的牛奶饮料，告诉家里有小孩的朋友，旺仔牛奶、可口可乐、爽歪歪、娃哈哈AD钙奶、未来星、QQ星、美汁源果粒奶优菠萝味的。都含有肉毒杆菌。现在紧急召回。有孩子的都转下没有孩子的也请友情转转                 ,珠海网警提醒您：网络社会也有法律底线，网传谣言属违法行为。希望广大网民自觉抵制网络谣言，做到 不信谣、不传谣。对未经核实的信息，不要随意转发，更不要故意杜撰改编，否则，将承担相应的法律责 任。对故意传播、散步谣言信息的，公安机关将依法严惩。;,2015/5/27 10:37,rumor
原来是真的，幼儿园都发通知了 家长们注意啦：现在得白血病的小孩越来越多，妇幼保健院提示您，请不要给宝宝喝爽歪歪和有添加剂的牛奶饮料，告诉家里有小孩的朋友，旺仔牛奶、可口可乐、爽歪歪、娃哈哈AD钙奶、未来星、QQ星、美汁源果粒奶优菠萝味的。 http,,2015/5/29 6:24,rumor
转·.千万别让孩子在喝了！今天 幼儿园老师刚发的啊！做妈妈的都转过去，看好自己的宝宝。请不要给宝宝喝爽歪歪和有添加剂的牛奶饮料，告诉家里有小孩的朋友，刚看了新闻：可口可乐、爽歪歪。娃哈哈AD钙奶、多美滋、雅培、、美汁源果粒奶优菠萝味的。都含有肉毒杆菌。现在紧急召回。希望大家相互转告？                 ,,2015/5/31 22:09,rumor
难怪现在几个儿童台都没卖qq星，旺仔牛奶广告！！现在得白血病的小孩越来越多，妇幼保健院提示您，请不要给宝宝喝爽歪歪和有添加剂的牛奶饮料，旺仔牛奶、可口可乐、爽歪歪、娃哈哈AD钙奶、未来星、QQ星、美汁源果粒奶优菠萝味的。都含有肉毒杆菌。大人也别喝了！,珠海网警提醒您：网络社会也有法律底线，网传谣言属违法行为。希望广大网民自觉抵制网络谣言，做到 不信谣、不传谣。对未经核实的信息，不要随意转发，更不要故意杜撰改编，否则，将承担相应的法律责 任。对故意传播、散步谣言信息的，公安机关将依法严惩。;,2015/6/3 12:37,rumor
妇幼保健院提示您，请不要给宝宝喝爽歪歪和有添加剂的牛奶饮料，告诉家里有小孩的朋友，旺仔牛奶、可口可乐、爽歪歪、娃哈哈AD钙奶、多美滋、雅培、美汁源果粒奶优菠萝味的。都含有肉毒杆菌。大家请注意哦！！！ 🔔        🔔        🔔 北四环路辅路                 ,,2015/6/1 14:07,rumor
家长们注意啦：现在得白血病的小孩越来越多，妇幼保健院提示您，请不要给宝宝喝爽歪歪和有添加剂的牛奶饮料，旺仔牛奶、可口可乐、爽歪歪、娃哈哈AD钙奶、未来星、QQ星、美汁源果粒奶优菠萝味的都含有肉毒杆菌。 为了家人👪健康 为大家推荐15天保质期牛奶和4个月保质期灭菌牛奶。,,2015/5/26 18:12,rumor
幼儿园刚才发紧急通知：妇幼保健院提示，请不要给宝宝喝爽歪歪和有添加剂的牛奶饮料，告诉家里有小孩的朋友，旺仔牛奶、可口可乐、爽歪歪、娃哈哈AD钙奶、未来星、QQ星、美汁源果粒奶优菠萝味的。里面都含有肉毒杆菌，现在紧急召回。有孩子的都转下！ 没有孩子的也请友情转转！  2015-05-15,谣言;,2015/5/26 6:42,rumor
幼儿园刚才发紧急通知：妇幼保健院提示，请不要给宝宝喝爽歪歪和有添加剂的牛奶饮料，告诉家里有小孩的朋友，旺仔牛奶、可口可乐、爽歪歪、娃哈哈AD钙奶、未来星、QQ星、美汁源果粒奶优菠萝味的。都含有肉毒杆菌。现在紧急召回。有孩子的都转下！没有孩子的也请友情转转！ 北京·星巴克(文化园东路店)                 ,微博正文戳连接看看吧，谣言别再传了;谣言;,2015/5/25 11:24,rumor
感觉还是有必要发一发：幼儿园都发通知了，家长们注意：现在得白血病的小孩越来越多，妇幼保健院提示您，请告诉家里有小孩的朋友，旺仔牛奶、可口可乐、爽歪歪、娃哈哈AD钙奶、未来星、QQ星、美汁源果粒奶优菠萝味的。都含有肉毒杆菌。现在紧急召回。请选择3岁以上就可以喝的德运奶粉,,2015/5/25 11:11,rumor
难怪现在几个儿童台都没QQ星旺仔牛奶广告！现在得白血病的小孩越来越多妇幼保健院提示您，请不要给宝宝喝爽歪歪和有添加剂的牛奶饮料告诉家里有小孩的朋友，旺仔可口可乐爽歪歪、娃哈哈AD钙美汁源果粒奶都含有肉毒杆菌。现在紧急召回。有孩子的都转下不要给孩子喝这些没有用的东西 百色·田阳县,珠海网警提醒您：网络社会也有法律底线，网传谣言属违法行为。希望广大网民自觉抵制网络谣言，做到 不信谣、不传谣。对未经核实的信息，不要随意转发，更不要故意杜撰改编，否则，将承担相应的法律责 任。对故意传播、散步谣言信息的，公安机关将依法严惩。;微博正文戳连接看看吧，别再传谣言了;,2015/5/25 10:28,rumor
难怪现在几个儿童台都没卖qq星，旺仔牛奶广告！！现在得白血病的小孩越来越多，妇幼保健院提示您，请不要给宝宝喝爽歪歪和有添加剂的牛奶饮料，告诉家里有小孩的朋友，旺仔牛奶、可口可乐、爽歪歪、娃哈哈AD钙奶、未来星、QQ星、美汁源果粒奶优菠萝味的。都含有肉毒杆菌。现在紧急召回。有孩子的都转下                 ,回复@睡得响宝宝:谢谢你;微博正文戳连接看下把，这谣言从朋友圈传到微博了;癌症和血癌是居室有过量塑料污染，多数是装修或者盖房使用塑料建材了；少数是新买了含有塑料海绵的席梦思床垫或者沙发等塑料大件。离开污染源就能自愈，不离开就是绝症。;,2015/5/23 16:34,rumor
不知道啥情况也转发一下吧！现在得白血病的小孩越来越多，妇幼保健院提示您，请不要给宝宝喝爽歪歪和有添加剂的牛奶饮料，告诉家里有小孩的朋友，旺仔牛奶、可口可乐、爽歪歪、娃哈哈AD钙奶、未来星、QQ星、美汁源果粒奶优菠萝味的。都含有肉毒杆菌。有孩子的都转下！ 没有孩子的也请友情转转！                 ,,2015/5/24 20:47,rumor
妇幼保健院提示您，请不要给宝宝喝爽歪歪和有添加剂的牛奶饮料，告诉家里有小孩的朋友，旺仔牛奶、可口可乐、爽歪歪、娃哈哈AD钙奶、多美滋、雅培、美汁源果粒奶优菠萝味的。都含有肉毒杆菌。现在紧急召回。有孩子的都转下！！！  ～   求证实！近日朋友圈中都刷屏@新塘爆料 @大新塘 @GDTV新闻最前线,幸好发贴求证了，不用再担心了，其实这些虚假的信息怎么能出现，还搞到整个朋友圈都人心恐惧，真心希望天下太平！！！🙏🙏🙏;你受骗上当了，这是虚假消息！请看辟谣网址（http://weibo.com/2805765994/CdlbFkzWm）。尽快删除帖子，因为已被举报。;;,2015/5/21 16:01,rumor
现在得白血病的小孩越来越多，妇幼保健院提示您，请不要给宝宝喝爽歪歪和有添加剂的牛奶饮料，告诉家里有小孩的朋友，旺仔牛奶、可口可乐、爽歪歪、娃哈哈AD钙奶、未来星、QQ星、美汁源果粒奶优菠萝味的。都含有肉毒杆菌。现在紧急召回。有孩子的都转下！！！我只是转发。动了某人的奶酪，才会举报我,,2015/5/21 23:32,rumor
刚幼儿园给发的紧急通知：! 妇幼保健院提示您，请不要给宝宝喝爽歪歪和有添加剂的牛奶饮料，告诉家里有小孩的朋友，旺仔牛奶、可口可乐、爽歪歪、娃哈哈AD钙奶、未来星、QQ星、美汁源果粒奶优菠萝味的。都含有肉毒杆菌。看看吧，你还在犹豫买这个宝贝吗？ 😝 😝 😝,具体情况是不是恶意诽谤，我也是转发别人的，如信息真是恶意造谣，我实在是很抱歉！没有了解清楚的情况下转发;,2015/5/22 12:05,rumor
发表了博文《温馨提示》请不要给宝宝喝爽歪歪、旺仔牛奶、可口可乐、娃哈哈AD钙奶、未来星、QQ星、美汁源果粒奶优菠萝味的和有添加剂的牛奶饮料，都含有肉毒杆菌。在深圳这些饮料已经紧急召回。温馨提示,,2015/5/21 20:36,rumor
家长们注意啦：现在得白血病的小孩越来越多，妇幼保健院提示您，请不要给宝宝喝爽歪歪和有添加剂的牛奶饮料，告诉家里有小孩的朋友，旺仔牛奶、可口可乐、爽歪歪、娃哈哈AD钙奶、未来星、QQ星、美汁源果粒奶优菠萝味的。都含有肉毒杆菌。现在紧急召回。——爱维宝贝，给您贴心关怀                 ,,2015/5/21 16:19,rumor
宝妈们注意啦：现在得白血病的小孩越来越多，妇幼保健院提示您，请不要给宝宝喝爽歪歪和有添加剂的牛奶饮料，告诉家里有小孩的朋友，旺仔牛奶、可口可乐、爽歪歪、娃哈哈AD钙奶、未来星、QQ星、美汁源果粒奶优菠萝味的。都含有肉毒杆菌。现在紧急召回。大家都转一下，关注一下吧！,,2015/5/21 21:19,rumor
幼儿园都发通知了😱   😱   😱   📢    📢    家长们注意啦：现在得白血病的小孩越来越多，妇幼保健院提示您，请不要给宝宝喝爽歪歪和有添加剂的牛奶饮料，旺仔牛奶、可口可乐、爽歪歪、娃哈哈AD钙奶、未来星、QQ星、美汁源果粒奶优菠萝味的。都含有肉毒杆菌。 开创大道                 ,,2015/5/20 23:10,rumor
通知咯通知咯 原来是真的，幼儿园都发通知了，家长们注意啦：现在得白血病的小孩越来越多，妇幼保健院提示您，请不要给宝宝喝爽歪歪和有添加剂的牛奶饮料，告诉家里有小孩的朋友，旺仔牛奶、可口可乐、爽歪歪、娃哈哈AD钙奶、未来星、QQ星、美汁源果粒奶优菠萝味的。都含有肉毒杆菌。大家友情转转！,,2015/5/21 9:50,rumor
虽然我不确定消息来源的真假：请不要给宝宝喝爽歪歪和有添加剂的牛奶饮料，告诉家里有小孩的朋友，旺仔牛奶、可口可乐、爽歪歪、娃哈哈AD钙奶、未来星、QQ星、美汁源果粒奶优菠萝味的。都含有肉毒杆菌。为了孩子健康给他们用神奇吸管吧～牛奶变成各种口味，小朋友们都爱#澳洲代购# Nevern St,,2015/5/21 9:53,rumor
原来是真的，保健院都发通知了家长们注意啦：现在得白血病的小孩越来越多，妇幼保健院提示您，请不要给宝宝喝爽歪歪和有添加剂的牛奶饮料，告诉家里有小孩的朋友，旺仔牛奶、可口可乐、爽歪歪、娃哈哈AD钙奶、未来星、QQ星、美汁源果粒奶优菠萝味的。都含有肉毒杆菌。#榨汁机# 恩施土家族苗族自治州·湖北省来凤县国家税务局,,2015/5/21 14:30,rumor
家长们注意啦：现在得白血病的小孩越来越多，妇幼保健院提示您，请不要给宝宝喝爽歪歪和有添加剂的牛奶饮料，告诉家里有小孩的朋友，旺仔牛奶、可口可乐、爽歪歪、娃哈哈AD钙奶、未来星、QQ星、美汁源果粒奶优菠萝味的。都含有肉毒杆菌。现在紧急召回。  不管内容是否属实尽量少食用吧！,,2015/5/21 7:28,rumor
保健院发通知了，家长们注意：现在得白血病的小孩越来越多，妇幼保健院提示您，请不要给宝宝喝爽歪歪和有添加剂的牛奶饮料，告诉家里有小孩的朋友，旺仔牛奶、可口可乐、爽歪歪、娃哈哈AD钙奶、未来星、QQ星、美汁源果粒奶优菠萝味的。都含有肉毒杆菌。kitty榨汁机方便不用担心，自己榨果汁给小孩喝！,,2015/5/21 13:20,rumor
家长们注意啦：现在得白血病的小孩越来越多，妇幼保健院提示您，请不要给宝宝喝爽歪歪和有添加剂的牛奶饮料，告诉家里有小孩的朋友，旺仔牛奶、可口可乐、爽歪歪、娃哈哈AD钙奶、未来星、QQ星、美汁源果粒奶优菠萝味的。都含有肉毒杆菌。有孩子的都转，没有孩子的也请友情转转。 昆明·大观商业城,谣言;,2015/5/19 18:01,rumor
妇幼保健院提示您，请不要给宝宝喝爽歪歪和有添加剂的牛奶饮料，告诉家里有小孩的朋友，旺仔牛奶、可口可乐、爽歪歪、娃哈哈AD钙奶、未来星、QQ星、美汁源果粒奶优菠萝味的。都含有肉毒杆菌。有孩子的都转下！！！   没有孩子的也请友情转转！就不要给孩子喝这些没有用的东西！一点营养没有。                 ,珠海网警提醒您：网络社会也有法律底线，网传谣言属违法行为。希望广大网民自觉抵制网络谣言，做到 不信谣、不传谣。对未经核实的信息，不要随意转发，更不要故意杜撰改编，否则，将承担相应的法律责 任。对故意传播、散步谣言信息的，公安机关将依法严惩。;谣言;,2015/5/20 11:58,rumor
家长们注意啦：现在得白血病的小孩越来越多，妇幼保健院提示您，请不要给宝宝喝爽歪歪和有添加剂的牛奶饮料，告诉家里有小孩的朋友，旺仔牛奶、可口可乐、爽歪歪、娃哈哈AD钙奶、未来星、QQ星、美汁源果粒奶优菠萝味的。都含有肉毒杆菌。有孩子的都转下！家里孩子长大了的家长也请友情转转！,珠海网警提醒您：网络社会也有法律底线，网传谣言属违法行为。希望广大网民自觉抵制网络谣言，做到 不信谣、不传谣。对未经核实的信息，不要随意转发，更不要故意杜撰改编，否则，将承担相应的法律责 任。对故意传播、散步谣言信息的，公安机关将依法严惩。;,2015/5/20 14:24,rumor
原来是真的，幼儿园都发通知了，家长们注意啦：现在得白血病的小孩越来越多，妇幼保健院提示您，请不要给宝宝喝爽歪歪和有添加剂的牛奶饮料，告诉家里有小孩的朋友，旺仔牛奶、可口可乐、爽歪歪、娃哈哈AD钙奶、未来星、QQ星、美汁源果粒奶优菠萝味的。都含有肉毒杆菌。现在紧急召回【内容来源于网络】                 ,回复@康3000:都被人把我举办了，发布不实信息。;回复@康3000:假的;真的;,2015/5/20 0:13,rumor
原来是真的幼儿园都发通知家长们注啦：现在得白血病的小孩越来越多妇幼保健院提示您请不要给宝宝喝爽歪歪和有添加剂的牛奶料告诉家里有小孩的朋友，旺仔牛奶、可口可乐、爽歪歪、娃哈AD钙奶未来星、QQ星美汁源果粒奶优菠萝味的。都含有肉毒杆菌。现在紧急召回。有孩子的都转下 没有孩子的也请友情转转,,2015/5/19 20:35,rumor
幼儿园都发通知了  家长们注意啦📢现在得白血病的小孩越来越多，妇幼保健院提示您，请不要给宝宝喝爽歪歪和有添加剂的牛奶饮料，告诉家里有小孩的朋友，旺仔牛奶、可口可乐、爽歪歪、娃哈哈AD钙奶、未来星、QQ星、美汁源果粒奶优菠萝味的。都含有肉毒杆菌。现在紧急召回。小孩子还是要远离这些东西,,2015/5/19 21:49,rumor
最近流传：家长们注意啦：现在得白血病的小孩越来越多，妇幼保健院提示您，请不要给宝宝喝爽歪歪和有添加剂的牛奶饮料，旺仔牛奶、可口可乐、爽歪歪、娃哈哈AD钙奶、未来星、QQ星、美汁源果粒奶优菠萝味的，都含有肉毒杆菌。 《是真的吗》有奖征集选题,,2015/5/18 13:14,rumor
妇幼保健院提示您，请不要给宝宝喝爽歪歪和有添加剂的牛奶饮料，告诉家里有小孩的朋友，旺仔牛奶、可口可乐、爽歪歪、娃哈哈AD钙奶、未来星、QQ星、美汁源果粒奶优菠萝味的。都含有肉毒杆菌。现在紧急召回———虎老师，这个是真的吗 我分享了牛奶，喝多少最佳？,珠海网警提醒您：网络社会也有法律底线，网传谣言属违法行为。希望广大网民自觉抵制网络谣言，做到 不信谣、不传谣。对未经核实的信息，不要随意转发，更不要故意杜撰改编，否则，将承担相应的法律责 任。对故意传播、散步谣言信息的，公安机关将依法严惩。;,2015/5/19 14:45,rumor
现在得白血病的小孩越来越多，有妇幼保健院提示，请不要给宝宝喝爽歪歪和有添加剂的牛奶饮料，旺仔牛奶、可口可乐、爽歪歪、娃哈哈AD钙奶、未来星、QQ星、美汁源果粒奶优菠萝味。都含有肉毒杆菌。现在紧急召回。有孩子的都转下！没有孩子的也请友情转转！不管通知是否属实，这些调味饮料终归不是好东西                 ,谣言;,2015/5/19 12:48,rumor
@黄西Joe_Wong 是真的吗？网上传幼儿园都发通知了，家长们注意啦：现在得白血病的小孩越来越多，妇幼保健院提示您，请不要给宝宝喝爽歪歪和有添加剂的牛奶饮料，告诉家里有小孩的朋友，旺仔牛奶、可口可乐、爽歪歪、娃哈哈AD钙奶、未来星、QQ星、美汁源果粒奶优菠萝味的。都含有肉毒杆菌。现在紧急召回                 ,,2015/5/18 10:53,rumor
幼儿园都发通知了  家长们注意啦：现在得白血病的小孩越来越多，妇幼保健院提示您，请不要给宝宝喝爽歪歪和有添加剂的牛奶饮料，告诉家里有小孩的朋友，旺仔牛奶、可口可乐、爽歪歪、娃哈哈AD钙奶、未来星、QQ星、美汁源果粒奶优菠萝味的。都含有肉毒杆菌。为了孩子你们有点良心吧 新乐市,Hi，在吗？找你有事的呢;,2015/5/18 10:51,rumor
“现在得白血病的小孩越来越多，请不要给宝宝喝爽歪歪和有添加剂的牛奶饮料，告诉家里有小孩的朋友，旺仔牛奶、可口可乐、爽歪歪、娃哈哈AD钙奶、未来星、QQ星、美汁源果粒奶优菠萝味的。都含有肉毒杆菌。正在紧急召回” 😱 😱 😱,醉了，发个微博还被举报😂;,2015/5/18 11:43,rumor
【求证】现在得白血病的小孩越来越多，妇幼保健院提示您，请不要给宝宝喝爽歪歪和有添加剂的牛奶饮料，告诉家里有小孩的朋友，旺仔牛奶、可口可乐、爽歪歪、娃哈哈AD钙奶、未来星、QQ星、美汁源果粒奶优菠萝味的。都含有肉毒杆菌。现在紧急召回。@中国新闻周刊 @头条新闻                  ,你受骗上当了，这是虚假消息！请看辟谣网址（http://weibo.com/2805765994/CdlbFkzWm）。尽快删除帖子，因为已被举报。;,2015/5/18 15:32,rumor
最近微信转发的妇幼保健院提示您，请不要给宝宝喝爽歪歪酸奶和有添加剂的牛奶饮料，告诉家里有小孩的朋友，刚看了新闻，旺仔牛奶、可口可乐、娃哈哈AD钙奶、多美滋、雅培奶粉、美汁源果粒奶优（菠萝味）都含有肉毒杆菌，现在紧急召回，望家长朋友们爱孩子，就别给他喝了！这个必须转！ 是真的吗？,珠海网警提醒您：网络社会也有法律底线，网传谣言属违法行为。希望广大网民自觉抵制网络谣言，做到 不信谣、不传谣。对未经核实的信息，不要随意转发，更不要故意杜撰改编，否则，将承担相应的法律责 任。对故意传播、散步谣言信息的，公安机关将依法严惩。;你受骗上当了，这是虚假消息！请看辟谣网址（http://weibo.com/2805765994/CdlbFkzWm）。尽快删除帖子，因为已被举报。;假的 评论配图;,2015/5/18 14:50,rumor
现在得白血病的小孩越来越多，妇幼保健院提示您，请不要给宝宝喝爽歪歪和有添加剂的牛奶饮料，告诉家里有小孩的朋友，旺仔牛奶、可口可乐、爽歪歪、娃哈哈AD钙奶、未来星、QQ星、美汁源果粒奶优菠萝味的。都含有肉毒杆菌。现在紧急召回。有孩子的都转下！！！  以后再也不买这些牛奶了                 ,,2015/5/19 14:02,rumor
[发呆]孩子们太可怜了！ 现在得白血病的小孩越来越多，妇幼保健院提示您，请不要给宝宝喝爽歪歪和有添加剂的牛奶饮料，告诉家里有小孩的朋友，旺仔牛奶、可口可乐、爽歪歪、娃哈哈AD钙奶、未来星、QQ星、美汁源果粒奶优菠萝味的。都含有肉毒杆菌。现在紧急召回。 红卫大街                 ,,2015/5/18 13:00,rumor
各位宝妈请注意，各位宝妈请注意！！ 现在得白血病的小孩越来越多，妇幼保健院提示您，请不要给宝宝喝爽歪歪和有添加剂的牛奶饮料，告诉家里有小孩的朋友，旺仔牛奶、可口可乐、爽歪歪、娃哈哈AD钙奶、未来星、QQ星、美汁源果粒奶优菠萝味的。都含有肉毒杆菌现在紧急召回。麻烦大家都转下！！！                 ,,2015/5/18 10:42,rumor
【赠人玫瑰 手留余香】原来是真的，幼儿园都发通知了📢📢家长们注意啦现在得白血病的小孩越来越多，妇幼保健院提示：不要给宝宝喝爽歪歪和有添加剂的牛奶饮料，旺仔牛奶、可口可乐、爽歪歪、娃哈哈AD钙奶、未来星、QQ星、美汁源果粒奶优菠萝味，都含有肉毒杆菌。现紧急召回。没有孩子的也请转转！                 ,,2015/5/19 11:38,rumor
注意啦：现在得白血病的小孩越来越多妇幼保健院提示您请不要给宝宝喝爽歪歪和有添加剂的牛奶饮料告诉家里有小孩的朋友旺仔牛奶可口可乐爽歪歪娃哈哈AD钙奶未来星QQ星美汁源果粒奶优菠萝味的惊恐都含有肉毒杆菌。现在都紧急召回有孩子的都转下 没有孩子的也请友情转发！http,,2015/5/18 12:59,rumor
原来是真的，幼儿园和诊所都发通知了😱     家长们注意啦：现在得白血病的小孩越来越多，妇幼保健院提示，请不要给宝宝喝爽歪歪和有添加剂的牛奶饮料，告诉家里有小孩的朋友，旺仔牛奶、可口可乐、爽歪歪、娃哈哈AD钙奶、未来星、QQ星、美汁源果粒奶优菠萝味的。都含有肉毒杆菌 重庆·协信TOWN城                 ,,2015/5/18 15:23,rumor
"原来是真的，幼儿园都发通知了,家长们注意啦：现在得白血病的小孩越来越多，妇幼保健院提示您，请不要给宝宝喝爽歪歪和有添加剂的牛奶饮料，告诉家里有小孩的朋友，旺仔牛奶、可口可乐、爽歪歪、娃哈哈AD钙奶、未来星、QQ星、果粒奶优菠萝味的。都含有肉毒杆菌。现在紧急召回。@江宁公安在线 是真的吗",回复@幽颜草:;连个公章都没盖。再说一个诊所又不是研究机构，白血病和肉毒杆菌有什么关系，他这个结论是怎么得出来的。;回复@蔡老板:;,2015/5/18 13:38,rumor
幼儿园都发通知了  家长们注意啦：现在得白血病的小孩越来越多，告诉家里有小孩的朋友，旺仔牛奶、可口可乐、爽歪歪、娃哈哈AD钙奶、未来星、QQ星、美汁源果粒奶优菠萝味的。都含有肉毒杆菌。现在紧急召回。有孩子的都转下！！！   没有孩子的也请友情转转！！小孩子还是要远离这些东西和零食。                 ,,2015/5/19 14:51,rumor
请不要给宝宝喝爽歪歪和有添加剂的牛奶饮料，告诉家里有小孩的朋友，旺仔牛奶、可口可乐、爽歪歪、娃哈哈AD钙奶、未来星、QQ星、美汁源果粒奶优菠萝味的。都含有肉毒杆菌。 就不要给孩子喝这些没有用的东西！一点营养没有。 郑州·郑州市金水区艺术小学,,2015/5/19 15:03,rumor
原来是真的，医院、幼儿园都发通知了，家长们注意啦：现在得白血病的小孩越来越多，妇幼保健院提示，请不要给宝宝喝有添加剂的牛奶饮料，告诉家里有小孩的朋友，旺仔牛奶、可口可乐、爽歪歪、娃哈哈AD钙奶、未来星、QQ星、美汁源果粒奶优菠萝味的。都含有肉毒杆菌。现在紧急召回。有孩子的都转下！！！                 ,,2015/5/18 9:46,rumor
#美丽誓颜女王眼精华# 原来是真的，幼儿园都发通知了  家长们注意：现在得白血病的小孩越来越多妇幼保健院提示您，请不要给宝宝喝爽歪歪和有添加剂的牛奶饮料旺仔牛奶、可口可乐、爽歪歪、娃哈哈AD钙奶、未来星、QQ星、美汁源果粒奶优菠萝味的。都含有肉毒杆菌。现在紧急召回。给孩子喝白开水最安全。                 ,,2015/5/18 18:20,rumor
旺仔牛奶、可口可乐、爽歪歪、娃哈哈AD钙奶、未来星、QQ星、美汁源果粒奶优菠萝味的。都含有肉毒杆菌。现在紧急召回。真的么，基本都是你喝的，自己注意点吧,不管真的假的 ，那些东西里一堆防腐剂，色素，糖，对孩子都不好。还是喝凉白开吧！安全放心还价格亲民;,2015/5/18 19:15,rumor
微信朋友圈上盛传的：现在得白血病的小孩越来越多，请不要给宝宝喝爽歪歪和有添加剂的牛奶饮料，告诉家里有小孩的朋友，旺仔牛奶、可口可乐、爽歪歪、娃哈哈AD钙奶、未来星、QQ星、美汁源果粒奶优菠萝味的。都含有肉毒杆菌。现在紧急召回。@楚天襄阳网 @襄阳晚报 @Crystal襄阳 这是真的么？求辟谣！！,,2015/5/18 17:24,rumor
这个必须得转！   现在得白血病的小孩越来越多，妇幼保健院提示您，请不要给宝宝喝爽歪歪和有添加剂的牛奶饮料，告诉家里有小孩的朋友，旺仔牛奶、可口可乐、爽歪歪、娃哈哈AD钙奶、未来星、QQ星、美汁源果粒奶优菠萝味的。都含有肉毒杆菌。有孩子的都转下！！！   赶紧给你孩子入一台果语吧,回复@征途a在路上:谣言啊，不知道哦，看到朋友转的;谣言;,2015/5/19 10:56,rumor
这事情是真的还是假的？ 微信圈里发疯了的在转。 真相在那里？ 现在得白血病的小孩越来越多，妇幼保健院提示您，请不要给宝宝喝爽歪歪和有添加剂的牛奶饮料，告诉家里有小孩的朋友，旺仔牛奶、可口可乐、爽歪歪、娃哈哈AD钙奶、未来星、QQ星、美汁源果粒奶优菠萝味的。都含有肉毒杆菌。现在紧急召回。,,2015/5/18 17:57,rumor
有小孩的宝妈注意了，现在得白血病的小孩越来越多，妇幼保健院提示您，请不要给宝宝喝爽歪歪和有添加剂的牛奶饮料，告诉家里有小孩的朋友，旺仔牛奶、可口可乐、爽歪歪、娃哈哈AD钙奶、未来星、QQ星、美汁源果粒奶优菠萝味的。都含有肉毒杆菌。现紧急召回！ (是不是真的？) 武汉中环出口                 ,,2015/5/18 17:49,rumor
幼儿园都发通知了，家长们注意啦：现在得白血病的小孩越来越多，妇幼保健院提示您，请不要给宝宝喝爽歪歪和有添加剂的牛奶饮料，告诉家里有小孩的朋友，旺仔牛奶、可口可乐、爽歪歪、娃哈哈AD钙奶、未来星、QQ星、美汁源果粒奶优菠萝味的。都含有肉毒杆菌。 青岛·青岛中心生活广场                 ,,2015/5/18 17:44,rumor
紧急通知：现在得白血病的小孩越来越多，妇幼保健院提示您，请不要给宝宝喝爽歪歪和有添加剂的牛奶饮料，告诉家里有小孩的朋友，旺仔牛奶、可口可乐、爽歪歪、娃哈哈AD钙奶、未来星、QQ星、美汁源果粒奶优菠萝味的。都含有肉毒杆菌。现在紧急召回。大家帮忙转一下！ 金华·加贝购物(振兴路),很多博主被举报了，你确定还要继续吗;,2015/5/19 9:47,rumor
"家长们注意啦：现在得白血病的小孩越来越多，请不要给宝宝喝爽歪歪和有添加剂的牛奶饮料，告诉有小孩的朋友，旺仔牛奶、可口可乐、爽歪歪、娃哈哈AD钙奶、未来星、QQ星、美汁源果粒奶优菠萝味的。都含有肉毒杆菌,家里孩子长大了的家长也请友情转转  😥 🙏@何炅 @谢娜 @北斗星空张杰歌迷会 @张杰",,2015/5/19 8:09,rumor
这个是真的吗？？？？？现在得白血病的小孩越来越多，请不要给宝宝喝爽歪歪和有添加剂的牛奶饮料，告诉家里有小孩的朋友，旺仔牛奶、可口可乐、爽歪歪、娃哈哈AD钙奶、未来星、QQ星、美汁源果粒奶优菠萝味的。都含有肉毒杆菌。现在紧急召回。够吓人的@食品安全标准 @食品安全与环保卫士董金狮                 ,回复@花自漂零的天空:看得见 前面的字吗。问 这是真的吗？;你受骗上当了，这是虚假消息！请看辟谣网址（http://weibo.com/2805765994/CdlbFkzWm）。尽快删除帖子，因为已被举报。;,2015/5/19 1:23,rumor
原来是真的，幼儿园都发通知了，家长们注意啦：现在的白血病的小孩越来越多，妇幼保健院提醒您，请不要给宝宝喝爽歪歪和有添加剂的牛奶饮料，旺仔牛奶、可口可乐、爽歪歪、娃哈哈AD钙奶、未来星、QQ星、美汁源果粒奶优菠萝味的都含有肉毒杆菌，现在紧急召回，有孩子的转一下，没孩子的也友情转转！！                 ,http://t.cn/R2AeM4z有孩子的看看，没孩子的也别传播谣言了，最终得利的只有造谣者;,2015/5/18 22:08,rumor
刚看到现在得白血病的小孩越来越多妇幼保健院提示您请不要给宝宝喝爽歪歪和有添加剂的牛奶饮料告诉家里有小孩的朋友旺仔牛奶可口可乐爽歪歪娃哈哈AD钙奶未来星QQ星美汁源果粒奶优菠萝味的。都含有肉毒杆菌现在紧急召回有孩子的都转下 没有孩子的也请友情转转！宁可信其有不可信其无！                 ,,2015/5/18 23:01,rumor
家长们注意啦：现在得白血病的小孩越来越多，妇幼保健院提示您，请不要给宝宝喝爽歪歪和有添加剂的牛奶饮料，告诉家里有小孩的朋友，旺仔牛奶、可口可乐、爽歪歪、娃哈哈AD钙奶、未来星、QQ星、美汁源果粒奶优菠萝味的。都含有肉毒杆菌。！是真的吗？求证@食品卫生安全曝光台,,2015/5/18 20:21,rumor
现在得白血病的小孩 大孩子越来越多，妇幼保健院提示您，请不要给宝宝喝爽歪歪和有添加剂的牛奶饮料，告诉家里有小孩的朋友，旺仔牛奶、可口可乐、爽歪歪、娃哈哈AD钙奶、未来星、QQ星、美汁源果粒奶优菠萝味的。都含有肉毒杆菌。有孩子的都转下！食品安全真让人揪心。亲们注意下留个心眼,,2015/5/18 15:58,rumor
难怪现在几个儿童台都没卖qq星旺仔牛奶广告现在得白血病的小孩越来越多，妇幼保健院提示您，不要给宝宝喝爽歪歪和有添加剂的牛奶饮料告诉家里有小孩的朋友，旺仔牛奶可口可乐爽歪歪娃哈哈AD钙奶未来星QQ星美汁源果粒奶优菠萝味的。都含有肉毒杆菌。现在紧急召回有孩子的都转下没有孩子的也请友请转转！,,2015/5/18 20:35,rumor
大家来八一八你小时候最喜欢的零食！家长们注意啦：现在得白血病的小孩越来越多，妇幼保健院提示您，请不要给宝宝喝爽歪歪和有添加剂的牛奶饮料，告诉家里有小孩的朋友，旺仔牛奶、可口可乐、爽歪歪、娃哈哈AD钙奶、未来星、QQ星、美汁源果粒奶优。都含有肉毒杆菌，大家转告有孩子的人。,珠海网警提醒您：网络社会也有法律底线，网传谣言属违法行为。希望广大网民自觉抵制网络谣言，做到 不信谣、不传谣。对未经核实的信息，不要随意转发，更不要故意杜撰改编，否则，将承担相应的法律责 任。对故意传播、散步谣言信息的，公安机关将依法严惩。;肉毒杆菌的事情是谣言哦，@江宁公安在线 已经辟过谣了~;我小时候最喜欢街边的冰粉、油炸粑粑;,2015/5/19 8:57,rumor
幼儿园都发通知了家长们注意啦现在得白血病的小孩越来越多妇幼保健院提示您请不要给宝宝喝爽歪歪和有添加剂的牛奶饮料告诉家里有小孩的朋友旺仔牛奶可口可乐爽歪歪娃哈哈AD钙奶未来星星美汁源果粒奶优菠萝味的。都含有肉毒杆菌。现在紧急召回。也请友情转转喝喝白开水都比那些安全 常乐中心路                 ,珠海网警提醒您：网络社会也有法律底线，网传谣言属违法行为。希望广大网民自觉抵制网络谣言，做到 不信谣、不传谣。对未经核实的信息，不要随意转发，更不要故意杜撰改编，否则，将承担相应的法律责 任。对故意传播、散步谣言信息的，公安机关将依法严惩。;,2015/5/18 20:46,rumor
原来是真的，幼儿园都发通知了😱 家长们注意啦：现在得白血病的小孩越来越多，妇幼保健院提示您，请不要给宝宝喝爽歪歪和有添加剂的牛奶饮料，告诉家里有小孩的朋友，旺仔牛奶、可口可乐、爽歪歪、娃哈哈AD钙奶、未来星、QQ星、美汁源果粒奶优菠萝味的。都含有肉毒杆菌 还是买个炸汁机自己给孩子做吧,,2015/5/19 8:55,rumor
家长们注意啦：现在得白血病的小孩越来越多，妇幼保健院提示您，请不要给宝宝喝爽歪歪和有添加剂的牛奶饮料，告诉家里有小孩的朋友，旺仔牛奶、可口可乐、爽歪歪、娃哈哈AD钙奶、未来星、QQ星、美汁源果粒奶优菠萝味的。都含有肉毒杆菌，大家务必扩散                 ,,2015/5/18 20:15,rumor
各位亲们都记住喽～现在得白血病的小孩越来越多，妇幼保健院提示您，请不要给宝宝喝爽歪歪和有添加剂的牛奶饮料，告诉家里有小孩的朋友，旺仔牛奶、可口可乐、爽歪歪、娃哈哈AD钙奶、未来星、QQ星、美汁源果粒奶优菠萝味的。都含有肉毒杆菌。现在紧急召回。有孩子的都转下！！！ 233省道,,2015/5/18 22:28,rumor
各位爸爸妈妈注意了。幼儿园，诊所，都发通知了现在得白血病的小孩越来越多，妇幼保健院提示您，请不要给宝宝喝爽歪歪和有添加剂的牛奶饮料，告诉家里有小孩的朋友，旺仔牛奶、可口可乐、爽歪歪、娃哈哈AD钙奶、未来星、QQ星、美汁源果粒奶优菠萝味的。都含有肉毒杆菌。现在紧急召回。大家都转起来吧                 ,,2015/5/18 22:47,rumor
微信朋友圈又出假消息爽歪歪、旺仔牛奶等含肉毒杆菌是谣传 本报讯 5月14日，有读者致电本报求证微信朋友圈里疯传的一则消息“省妇幼保健院发出通知，请告诉家里有小孩的朋友，旺仔牛奶、可口可乐、爽歪歪、娃哈哈AD钙奶、未来星、QQ星、美汁源果粒奶优菠萝味的都含有肉毒杆菌，现在紧急召,,2015/5/18 16:38,rumor
⚠⚠微友提供：幼儿园都发通知了家长们注意啦：现在得白血病的小孩越来越多，妇幼保健院提示您，请不要给宝宝喝爽歪歪和有添加剂的牛奶饮料，告诉家里有小孩的朋友，旺仔牛奶、可口可乐、爽歪歪、娃哈哈AD钙奶、未来星、QQ星、美汁源果粒奶优菠萝味的。都含有肉毒杆菌。宝妈们保护好宝宝。,,2015/5/18 20:02,rumor
〖不知是真是假〗幼儿园和诊所都发通知了  ：现在得白血病的小孩越来越多，妇幼保健院提示您，不要给宝宝喝爽歪歪和有添加剂的牛奶饮料，告诉家里有小孩的朋友，旺仔牛奶、可口可乐、爽歪歪、娃哈哈AD钙奶、未来星、QQ星、美汁源果粒奶优菠萝味的。都含有肉毒杆菌，有孩子的都转下 火车站西路,,2015/5/18 19:00,rumor
【网传饮料含肉毒杆菌被召回 成都多部门否认】网传“旺仔牛奶、可口可乐、爽歪歪、娃哈哈AD钙奶、未来星、QQ星、美汁源果粒奶优菠萝味等含有肉毒杆菌，现在紧急召回了”“喝饮料会导致白血病”。这条消息是否可信？成都多部门称未发布此通知。专家表示，饮料中很难有肉毒杆菌。成都多部门否认召回未来星等             ,"管理员，看清楚，我传播的是正能量好吗？你都没看全我的转发内容，无语O__O""…@微博管理员;",2015/5/18 17:47,rumor
为了孩子们的健康[玫瑰][玫瑰][玫瑰]家长们注意啦：现在得白血病的小孩越来越多，妇幼保健院提示您，请不要给宝宝喝爽歪歪和有添加剂的牛奶饮料，告诉家里有小孩的朋友，旺仔牛奶、可口可乐、爽歪歪、娃哈哈AD钙奶、未来星、QQ星、美汁源果粒奶优菠萝味的。都含有肉毒杆菌。关爱下一代！                 ,珠海网警提醒您：网络社会也有法律底线，网传谣言属违法行为。希望广大网民自觉抵制网络谣言，做到 不信谣、不传谣。对未经核实的信息，不要随意转发，更不要故意杜撰改编，否则，将承担相应的法律责 任。对故意传播、散步谣言信息的，公安机关将依法严惩。;http://t.cn/R2AeM4z请不要给造谣者生存传播的土壤;,2015/5/18 22:30,rumor
旺仔牛奶、可口可乐、爽歪歪、娃哈哈AD钙奶、未来星、QQ星、美汁源果粒奶优菠萝味的。都含有肉毒杆菌。不要给孩子喝这些没有用的东西！一点营养没有 吉大路                 ,,2015/5/18 11:10,rumor
儿童健康内裤专业品牌piggy plus温馨提示：现在得白血病的小孩越来越多，妇幼保健院提示您：请不要给宝宝喝爽歪歪和有添加剂的牛奶饮料，告诉家里有小孩的朋友，旺仔牛奶、可口可乐、爽歪歪、娃哈哈AD钙奶、未来星、QQ星、美汁源果粒奶优菠萝味的，都含有肉毒杆菌，现在紧急召回，食品安全是大问题！,回复@服装职业经理人David:辟谣http://t.cn/RAglkab 评论配图;回复@嚴照川:据报道有关系;肉毒和白血病有关系？;,2015/5/18 12:37,rumor
现在得白血病的小孩越来越多，妇幼保健院提示您，请不要喝爽歪歪和有添加剂的牛奶饮料，旺仔牛奶、可口可乐、爽歪歪、娃哈哈AD钙奶、未来星、QQ星、美汁源果粒奶优菠萝味的。都含有肉毒杆菌。@TFBOYS-易烊千玺 千千你不喝楠楠也不要喝。告诉源源@TFBOYS-王源 @TFBOYS-王俊凯 都不喝。不管真假以防万一,那蒙牛呢。。。。。;😱😱我最爱喝旺仔;喝啥？;,2015/5/18 12:35,rumor
@西门町吃在宁波 是真的吗？难怪现在几个儿童台都没卖qq星，旺仔牛奶广告！现在得白血病的小孩越来越多，妇幼保健院提示您，请不要给宝宝喝爽歪歪和有添加剂的牛奶饮料，旺仔牛奶可口可乐爽歪歪娃哈哈AD钙奶未来星、QQ星美汁源果粒奶优菠萝味的。都含有肉毒杆菌。现在紧急召回。 人民西路                 ,回复@西门町吃在宁波:http://t.cn/RAglkab辟谣;回复@Future倩LOVE:假的;;,2015/5/18 11:57,rumor
转通知：妇幼保健院温馨提示，请不要给宝宝喝爽歪歪和有添加剂的牛奶饮料，告诉家里有小孩的朋友，旺仔牛奶、可口可乐、爽歪歪、娃哈哈AD钙奶、未来星、QQ星、美汁源果粒奶优菠萝味的。都含有肉毒杆菌。现在紧急召回。有孩子的都转下！！！ 没有孩子的也请友情转转！,,2015/5/18 11:17,rumor
医院都贴出告示了，幼儿园都发通知了😱家长们注意啦：现在得白血病的小孩越来越多，妇幼保健院提示您，请不要给宝宝喝爽歪歪和有添加剂的牛奶饮料，旺仔牛奶、可口可乐、爽歪歪、娃哈哈AD钙奶、未来星、QQ星、美汁源果粒奶优菠萝味的。都含有肉毒杆菌。有孩子的都转下！！没有孩子的也请友情转转！！,珠海网警提醒您：网络社会也有法律底线，网传谣言属违法行为。希望广大网民自觉抵制网络谣言，做到 不信谣、不传谣。对未经核实的信息，不要随意转发，更不要故意杜撰改编，否则，将承担相应的法律责 任。对故意传播、散步谣言信息的，公安机关将依法严惩。;回复@嚴照川:晕;回复@QQ糖_cherry:那是，朋友圈封闭式传播谣言;,2015/5/18 14:54,rumor
🙀🙀🙀是真的，幼儿园都发通知了，家长们注意啦：现在得白血病的小孩越来越多，妇幼保健院提示您，请不要给宝宝喝爽歪歪和有添加剂的牛奶饮料，旺仔牛奶、可口可乐、爽歪歪、娃哈哈AD钙奶、未来星、QQ星、美汁源果粒奶优菠萝味的。都含有肉毒杆菌现在紧急召回。 桃仙互通,谣言;,2015/5/18 13:32,rumor
黑心老板@食品安全纪事    家长们注意啦：现在得白血病的小孩越来越多，妇幼保健院提示您，请不要给宝宝喝爽歪歪和有添加剂的牛奶饮料，告诉家里有小孩的朋友，旺仔牛奶、可口可乐、爽歪歪、娃哈哈AD钙奶、未来星、QQ星、美汁源果粒奶优菠萝味的。都含有肉毒杆菌。现在紧急召回。,回复@兰格格sun:微生活;回复@浩瀚添空:谁说的;假消息吧，辟谣了;,2015/5/18 11:46,rumor
原来是真的幼儿园都发通知了家长们注意现在得白血病的小孩越来越多妇幼保健院提示您，请不要给宝宝喝爽歪歪和有添加剂的牛奶饮料告诉家里有小孩的朋友旺仔牛奶可口可乐爽歪歪娃哈哈AD钙奶未来星QQ星美汁源果粒奶优菠萝味的都含有肉毒杆菌现在紧急召回有孩子的没有孩子的都互相转告 中华路                 ,回复@林大猫:我昨天下午看到这条信息是假的，我只是忘删了;回复@加油娴娴:我又没说你错，我说这消息是假的;回复@林大猫:别人说的我只是发一下我有什么错呀;,2015/5/18 10:02,rumor
                          家长们注意：得白血病的小孩越来越多，妇幼保健院提示，请不要喝爽歪歪和有添加剂的牛奶饮料，家里有小孩的朋友，旺仔牛奶、可口可乐、爽歪歪、娃哈哈AD钙奶、未来星、QQ星、美汁源果粒奶优菠萝味的。都含有肉毒杆菌。有孩子的都转下！  没有的也请友情转转！                 ,,2015/5/18 10:05,rumor
安全起见，还是决定转发：现在得白血病的小孩越来越多，妇幼保健院提示您，请不要让宝宝接触手机，电脑等含大辐射杀白血球的电子类产品，请不要给宝宝喝爽歪歪和有添加剂的牛奶饮料，告诉家里有小孩的朋友，旺仔牛奶、可口可乐、爽歪歪、娃哈哈AD钙奶、未来星、QQ星等。 启运路,,2015/5/18 10:10,rumor
现在几个儿童台都不播qq星旺仔牛奶广告！现在得白血病的小孩越来越多，妇幼保健院提示您，请不要给宝宝喝【爽歪歪】和【有添加剂的牛奶饮料】，【旺仔牛奶】【可口可乐】【爽歪歪】【娃哈哈AD钙奶】【未来星】【QQ星】【美汁源果粒奶优菠萝味】都含有肉毒杆菌。不要给孩子喝这些，一点营养没有。,,2015/5/18 10:17,rumor
家长们注意啦：现在得白血病的小孩越来越多，妇幼保健院提示您，请不要给宝宝喝爽歪歪和有添加剂的牛奶饮料，告诉家里有小孩的朋友，旺仔牛奶、可口可乐、爽歪歪、娃哈哈AD钙奶、未来星、QQ星、美汁源果粒奶优菠萝味的。都含有肉毒杆菌。这些都是真的吗？我家孩子只喝未来星～～,,2015/5/18 8:21,rumor
大家注意啦！现在得白血病的小孩越来越多，妇幼保健院提示您，请不要给宝宝喝爽歪歪和有添加剂的牛奶饮料，告诉家里有小孩的朋友，旺仔牛奶、可口可乐、爽歪歪、娃哈哈AD钙奶、未来星、QQ星、美汁源果粒奶优菠萝味的。都含有肉毒杆菌。现在紧急召回。 就不要给孩子喝这些没有用的东西！一点营养没有。                 ,洪湖诊所;是真的吗？？;,2015/5/17 23:16,rumor
 家长们注意啦：现在得白血病的小孩越来越多，妇幼保健院提示您，请不要给宝宝喝爽歪歪和有添加剂的牛奶饮料，告诉家里有小孩的朋友，旺仔牛奶、可口可乐、爽歪歪、娃哈哈AD钙奶、未来星、QQ星、美汁源果粒奶优菠萝味的。都含有肉毒杆菌。现在紧急召回。有孩子的...　 家长们注意啦：现在得白血病的小孩越来越多，妇幼保健院提示您，请不要给宝宝喝爽歪歪和有添加剂的牛奶饮料，告诉家里有小孩的朋友，旺仔牛奶、可口可乐、爽歪歪、娃哈哈AD钙奶、未来星、QQ星、美汁源果粒奶优菠萝味的。都含有肉毒杆菌。现在紧急召回。有孩子的都转下！没有孩子的也请转转,,2015/5/17 11:50,rumor
@平阳草根在线 @鳌江百事通 @平安平阳 求证“妇幼保健院提示您，请不要给宝宝喝爽歪歪和有添加剂的牛奶饮料，告诉家里有小孩的朋友，旺仔牛奶、可口可乐、爽歪歪、娃哈哈AD钙奶、未来星、QQ星、美汁源果粒奶优菠萝味的。都含有肉毒杆菌。现在紧急召回。！！！”真假？？？ 果市街,,2015/5/17 15:26,rumor
家长们注意啦：现在得白血病的小孩越来越多，妇幼保健院提示您，请不要给宝宝喝爽歪歪和有添加剂的牛奶饮料，告诉家里有小孩的朋友，旺仔牛奶、可口可乐、爽歪歪、娃哈哈AD钙奶、未来星、QQ星、美汁源果粒奶优菠萝味的。都含有肉毒杆菌。家长的选择很重要。 宣城·中锐・第1城,,2015/5/18 9:26,rumor
妇幼保健院、幼儿园都发通知：现在得白血病的小孩越来越多，请不要给宝宝喝爽歪歪、旺仔牛奶、可口可乐、娃哈哈AD钙奶、未来星、QQ星、美汁源果粒奶优和加了添加剂的牛奶。都含有肉毒杆菌，现在厂家紧急召回。有孩子的都转下！  没有孩子的也请友情转转！@简阳论坛微博 @简阳微博 @成都全接触,,2015/5/18 9:18,rumor
原来是真的，幼儿园都发通知了  家长们注意啦：现在得白血病的小孩越来越多，请不要给宝宝喝爽歪歪和有添加剂的牛奶饮料，告诉家里有小孩的朋友，旺仔牛奶、可口可乐、爽歪歪、娃哈哈AD钙奶、未来星、QQ星、美汁源果粒奶优菠萝味的。都含有肉毒杆菌。有孩子的都转下！#花儿与少年##2015护士资格证考试#,,2015/5/17 10:38,rumor
转 虽然不知道真假 可是还是自己家榨的果汁 冰淇淋吃的放心。请不要给宝宝喝爽歪歪和有添加剂的牛奶饮料，告诉家里有小孩的朋友，旺仔牛奶、可口可乐、爽歪歪、娃哈哈AD钙奶、未来星、QQ星、美汁源果粒奶优菠萝味的。都含有肉毒杆菌。现在紧急召回。,回复@TaytayyyU:没事啦 我只是转下 希望大家注重健康;回复@Tender正品韩代:嗯好吧 sorry 我只是那个意思 饮料也是不好 我只是说谣言;回复@中山何坤强:不知道;,2015/5/17 11:47,rumor
医院的人转的 我也转，现在得白血病的小孩越来越多，妇幼保健院提示您，请不要给宝宝喝爽歪歪和有添加剂的牛奶饮料，告诉家里有小孩的朋友，旺仔牛奶、可乐、罐头，爽歪歪、娃哈哈AD钙奶、未来星、QQ星、美汁源果粒奶优菠萝味的都含有肉毒杆菌。现在紧急召回，有孩子的都转下  没有孩子的也请友情转转,回复@WO我不乖WOWO:不知道说什么！个人认为注意点为好！;回复@WO我不乖WOWO:图片评论 评论配图;谣言 评论配图;,2015/5/17 9:06,rumor
现在得白血病的小孩越来越多，妇幼保健院提示：请别给宝宝喝爽歪歪和有添加剂的饮料，告诉家有小孩的朋友，旺仔牛奶、可口可乐、爽歪歪、娃哈哈AD钙奶未来星QQ星美汁源果粒奶优菠萝味的。都含有肉毒杆菌。网传的这条消息靠谱吗，求鉴定@央视财经是真的吗 @谣言粉碎机 @凤凰网 滁州路,嘿嘿赞一个;@花自漂零的天空 你太卑鄙了，我只是在求证这条信息的真实性，你居然举报我传播不实信息，我并没有传播不实信息 评论配图;,2015/5/16 15:23,rumor
现在得#白血病#的小孩越来越多，妇幼保健院提示您，请不要给宝宝喝#爽歪歪#和有添加剂的#牛奶饮料#，告诉家里有小孩的朋友，#旺仔牛奶#、#可口可乐#、爽歪歪、#娃哈哈#AD钙奶、#未来星#、#QQ星#、#美汁源#果粒奶优菠萝味的。都含有肉毒杆菌。现在紧急召回.枪毙那些害人精们[发怒]#微信luyufang2014#                 ,,2015/5/16 15:18,rumor
幼儿园刚才发紧急通知：妇健院提示，请不要给宝宝喝爽歪歪和有添加剂的牛奶饮料，告诉家里有小孩的朋友，旺仔牛奶、可口可乐、爽歪歪、娃哈哈AD钙奶、未来星、QQ星、美汁源果粒奶优菠萝味的。都含有肉毒杆菌。现在紧急召回。有孩子的都转下！  没有孩子的也请友情转转！@新闻广角 201省道,回复@晨祎琳-QZ:才知道;很早就有了;,2015/5/7 18:37,rumor
每个妈妈都想给孩子最好的，最健康的！有了Ergo Chef原汁机自己动手做辅食米糊果汁奶昔冰沙[憨笑]全家人一起享用！幼儿园提醒您，请不要给宝宝喝爽歪歪和有添加剂的饮料，告诉家里有小孩的朋友，旺仔牛奶、可口可乐、爽歪歪、娃哈哈AD钙奶、未来星、QQ星、都含有肉毒杆菌。招代理 邯郸·银河花园(天雄路),,2015/5/9 14:44,rumor
每个妈妈都想给孩子最好的，最健康的！有了Ergo Chef My Juicer原汁机自己动手做孕妇婴儿辅食米糊果汁奶昔冰沙全家人一起享用！幼儿园提醒您，请不要给宝宝喝爽歪歪和有添加剂饮料，旺仔牛奶、可口可乐、娃哈哈AD钙奶、未来星、QQ星、美汁源果粒奶优菠萝味的。都含有肉毒杆菌。http,,2015/5/8 17:37,rumor
每个妈妈都想给孩子最好的，最健康的！有了Ergo Chef原汁机自己动手做辅食米糊果汁奶昔冰沙！全家人一起享用！妇幼保健院提醒您，请不要给宝宝喝爽歪歪和有添加剂的饮料，告诉家里有小孩的朋友，旺仔牛奶、可口可乐、爽歪歪、娃哈哈AD钙奶、未来星、QQ星、美汁源果粒奶优菠萝味的。都含有肉毒杆菌。,,2015/5/7 14:12,rumor
妇幼保健院提示您，请不要给宝宝喝爽歪歪和有添加剂的牛奶饮料，告诉家里有小孩的朋友，旺仔牛奶、可口可乐、爽歪歪、娃哈哈AD钙奶、未来星、QQ星、美汁源果粒奶优菠萝味的。都含有肉毒杆菌。现在紧急召回。有没孩子的都请友情转转！！饮料类的而且糖份同时很高！！ http,,2015/5/8 14:22,rumor
#亲近自然发现新鲜事#紧急通知：请不要给宝宝喝爽歪歪和有添加剂的牛奶饮料，告诉家里有小孩的朋友，旺仔牛奶、可口可乐、爽歪歪、娃哈哈AD钙奶、未来星、QQ星、美汁源果粒奶优菠萝味的。都含有肉毒杆菌。现在紧急召回。微信：xiaozhi900301，有没有孩子的也请友情转转！😡😡😡@小葵葵之家                 ,,2015/5/12 13:15,rumor
【紧急通知】现在得白血病的小孩越来越多，妇幼保健院提示您，请不要给宝宝喝爽歪歪和有添加剂的牛奶饮料，告诉家里有小孩的朋友，旺仔牛奶、可口可乐、爽歪歪、娃哈哈AD钙奶、未来星、QQ星、美汁源果粒奶优菠萝味的。都含有肉毒杆菌。现在紧急召回   没有孩子的也请友情转转 世纪大道                 ,,2015/5/15 14:07,rumor
在本南平幼儿园当老师的朋友刚发的微信：幼儿园刚才发紧急通知：妇幼保健院提示，请不要给宝宝喝爽歪歪和有添加剂的牛奶饮料，告诉家里有小孩的朋友，旺仔牛奶、可口可乐、爽歪歪、娃哈哈AD钙奶、未来星、QQ星、美汁源果粒奶优菠萝味的都含有肉毒杆菌。现在紧急召回。真的？@闽北互动豪哥 @南平微新闻,回复@珠海网警巡查执法:删不掉;珠海网警提醒您：网络社会也有法律底线，网传谣言属违法行为。希望广大网民自觉抵制网络谣言，做到 不信谣、不传谣。对未经核实的信息，不要随意转发，更不要故意杜撰改编，否则，将承担相应的法律责 任。对故意传播、散步谣言信息的，公安机关将依法严惩。;回复@梨梨bon:删不掉啊！;,2015/5/13 11:45,rumor
有人在空间转发这个，现在得白血病的小孩越来越多，妇幼保健院提示您，请不要给宝宝喝爽歪歪和有添加剂的牛奶饮料，告诉家里有小孩的朋友，旺仔牛奶、可口可乐、爽歪歪、娃哈哈AD钙奶、未来星、QQ星、美汁源果粒奶优菠萝味的。都含有肉毒杆菌。现在紧急召回。@江南警哥 这是造谣么？？？？@江南警哥,假的;,2015/5/15 14:09,rumor
现在得白血病的小孩越来越多，妇幼保健院提示您，请不要给宝宝喝爽歪歪和有添加剂的牛奶饮料，告诉家里有小孩的朋友，旺仔牛奶、可口可乐、爽歪歪、娃哈哈AD钙奶、未来星、QQ星、美汁源果粒奶优菠萝味等等。都含有肉毒杆菌。有孩子的都转下！！！  ♻️建议：可以自己买水果榨汁喝或者五谷杂粮做粥喝                 ,珠海网警提醒您：网络社会也有法律底线，网传谣言属违法行为。希望广大网民自觉抵制网络谣言，做到 不信谣、不传谣。对未经核实的信息，不要随意转发，更不要故意杜撰改编，否则，将承担相应的法律责 任。对故意传播、散步谣言信息的，公安机关将依法严惩。;,2015/5/15 13:37,rumor
紧急通知妇幼保健院提示，请不要给宝宝喝爽歪歪和有添加剂的牛奶饮料，告诉家里有小孩的朋友，旺仔牛奶、可口可乐、爽歪歪、娃哈哈AD钙奶、未来星QQ星美汁源果粒奶优都含有肉毒杆菌有 没有孩子的也请友情转转只能说明中国官员在产品监督不到位，全部贪到腰包里了 712乡道                 ,,2015/5/7 17:09,rumor
现在得白血病的小孩越来越多，妇幼保健院提示您，请不要给宝宝喝爽歪歪和有添加剂的牛奶饮料，告诉家里有小孩的朋友，旺仔牛奶、可口可乐、爽歪歪、娃哈哈AD钙奶、未来星、QQ星、美汁源果粒奶优菠萝味的。都含有肉毒杆菌。现在紧急召回@必须控制体重的圆圆,等着得白血病;;,2015/5/15 12:20,rumor
请不要给宝宝喝爽歪歪和有添加剂的牛奶饮料，告诉家里有小孩的朋友，旺仔牛奶、可口可乐、爽歪歪、娃哈哈AD钙奶、未来星、QQ星、美汁源果粒奶优菠萝味的。都含有肉毒杆菌。现在紧急召回。有孩子的都转下！是真的吗？@营养师顾中一 @和睦家药师冀连梅 @保定发布 @保定同城会 @张思莱医师,,2015/5/8 20:18,rumor
紧急通知！！！各位妈咪注意 妇幼保健院提示您，请不要给宝宝喝爽歪歪和有添加剂的牛奶饮料，告诉家里有小孩的朋友，旺仔牛奶、可口可乐、爽歪歪、娃哈哈AD钙奶、未来星、QQ星、美汁源果粒奶优菠萝味的。都含有肉毒杆菌。现在紧急召回。有孩子的都转下！！！ http,,2015/5/7 16:59,rumor
妇幼保健医院提示，请不要给宝宝喝爽歪歪和有添加剂的牛奶饮料，旺仔牛奶，可口可乐，爽歪歪，AD钙奶，娃哈哈，未来星，QQ星，美汁源果粒奶优菠萝味的，都含有肉毒杆菌，这是真的吗？@新闻大求真 帮助我解答一下这个问题，谢谢！！！1,珠海网警提醒您：网络社会也有法律底线，网传谣言属违法行为。希望广大网民自觉抵制网络谣言，做到 不信谣、不传谣。对未经核实的信息，不要随意转发，更不要故意杜撰改编，否则，将承担相应的法律责 任。对故意传播、散步谣言信息的，公安机关将依法严惩。;已经被辟谣了;,2015/5/15 18:16,rumor
现在得白血病的小孩越来越多，妇幼保健院提示您，请不要给宝宝喝爽歪歪和有添加剂的牛奶饮料，告诉家里有小孩的朋友，旺仔牛奶、可口可乐、爽歪歪、娃哈哈AD钙奶、未来星、QQ星、美汁源果粒奶优菠萝味的。都含有肉毒杆菌。 三环南路辅路,,2015/5/15 15:28,rumor
请不要给宝宝喝爽歪歪和有添加剂的牛奶饮料，告诉家里有小孩的朋友，旺仔牛奶、可口可乐、爽歪歪、娃哈哈AD钙奶、未来星、QQ星、美汁源果粒奶优菠萝味的。都含有肉毒杆菌。现在紧急召回。有孩子的都转下！！！   没有孩子的也请友情转。。。[撇嘴][撇嘴][撇嘴][撇嘴] 城南大道东                 ,,2015/5/9 20:29,rumor
不要觉得疼他们而给他们喝，现在得白血病的小孩越来越多，妇幼保健院提示您，请不要给宝宝喝爽歪歪和有添加剂的牛奶饮料，告诉家里有小孩的朋友，旺仔牛奶、可口可乐、爽歪歪、娃哈哈AD钙奶、未来星、QQ星、美汁源果粒奶优菠萝味的。都含有肉毒杆菌。现在紧急召回。有孩子的都转下，没有孩子也请友情转,,2015/5/15 15:05,rumor
⚠️⚠️⚠️提醒注意! 妇幼保健院提示您，请不要给宝宝喝爽歪歪和有添加剂的牛奶饮料，告诉家里有小孩的朋友，旺仔牛奶、可口可乐、爽歪歪、娃哈哈AD钙奶、未来星、QQ星、美汁源果粒奶优菠萝味的。都含有肉毒杆菌。现在紧急召回。有孩子的都转下！ 北京·北苑家园                 ,你受骗上当了，这是虚假消息！请看辟谣网址（http://weibo.com/2805765994/CdlbFkzWm）。尽快删除帖子，因为已被举报。;,2015/5/7 15:44,rumor
#南娜#生活导向：现在得白血病的小孩越来越多，妇幼保健院提示您，请不要给宝宝喝爽歪歪和有添加剂的牛奶饮料，告诉家里有小孩的朋友，旺仔牛奶、可口可乐、爽歪歪、娃哈哈AD钙奶、未来星、QQ星、美汁源果粒奶优菠萝味的。都含有肉毒杆菌。现在紧急召回。有孩子的都转下！#微信aaaa_9481#                 ,,2015/5/15 23:42,rumor
刚刚看到一条消息“妇幼保健院提示您，请不要给宝宝喝爽歪歪和有添加剂的牛奶饮料，告诉家里有小孩的朋友，旺仔牛奶、可口可乐、爽歪歪、娃哈哈AD钙奶、未来星、QQ星、美汁源果粒奶优菠萝味的。都含有肉毒杆菌。现在紧急召回。有孩子的都转下！”@瑞安草根在线 @温州草根招聘 可以帮我证实一下吗？？,假的;,2015/5/8 16:30,rumor
妇幼保健院提示，请不要给宝宝喝爽歪歪和有添加剂的牛奶饮料，告诉家里有小孩的朋友，旺仔牛奶、可口可乐、爽歪歪、娃哈哈AD钙奶、未来星、QQ星、美汁源果粒奶优菠萝味的。都含有肉毒杆菌。现在紧急召回。有孩子  没有孩子的也请友情转转！@龚静Tippi @邓超 @angelababy @包贝尔 @陈乔恩 @范冰冰,,2015/5/9 13:29,rumor
无良商家，猪狗不如！坑死下一代！幼儿园刚才发紧急通知：妇幼保健院提示，请不要给宝宝喝爽歪歪和有添加剂的牛奶饮料，告诉家里有小孩的朋友，旺仔牛奶、可口可乐、爽歪歪、娃哈哈AD钙奶、未来星、QQ星、美汁源果粒奶优菠萝味的。都含有肉毒杆菌。现在紧急召回。有孩子的都转下！！！,,2015/5/7 15:02,rumor
妇幼保健院提示您请不要给宝宝喝爽歪歪和有添加剂的牛奶饮料，）旺仔牛奶、可口可乐、爽歪歪、娃哈哈AD钙奶、多美滋、雅培、美汁源果粒奶优菠萝味的）都含有肉毒杆菌。现紧急召回。有孩子的都转下！请给孩子食用 韩国family乳酸菌，好处多多，不含任何有害物质，保证健康！ 滨江大街(东),,2015/5/8 15:56,rumor
幼儿园刚才发紧急通知：妇幼保健院提示，请不要给宝宝喝爽歪歪和有添加剂的牛奶饮料，告诉家里有小孩的朋友，旺仔牛奶、可口可乐、爽歪歪、娃哈哈AD钙奶、未来星、QQ星、美汁源果粒奶优菠萝味的。都含有肉毒杆菌。现在紧急召回。（真的假的？） 峨嵋山路,@健康枣庄 求证实;回复@黎明C:就等你这句话。;我得喝瓶爽歪歪压压惊;,2015/5/8 19:51,rumor
代转，目前不知真伪，小心。幼儿园刚才发紧急通知：妇幼保健院提示，请不要给宝宝喝爽歪歪和有添加剂的牛奶饮料，告诉家里有小孩的朋友，旺仔牛奶、可口可乐、爽歪歪、娃哈哈AD钙奶、未来星、QQ星、美汁源果粒奶优菠萝味的。都含有肉毒杆菌。现在紧急召回。有孩子的都转下！！！包括小学生！,,2015/5/7 22:32,rumor
幼儿园刚才发紧急通知：妇幼保健院提示，请不要给宝宝喝爽歪歪和有添加剂的牛奶饮料，告诉家里有小孩的朋友，旺仔牛奶、可口可乐、爽歪歪、娃哈哈AD钙奶、未来星、QQ星、美汁源果粒奶优菠萝味的。都含有肉毒杆菌。现在紧急召回。有孩子的都转下！！！#奔跑吧兄弟# 厦门·湖边公交站,,2015/5/9 20:21,rumor
最好喝洁净的水，下面那些最好不喝         妇幼保健院提示您，请不要给宝宝喝爽歪歪和有添加剂的牛奶饮料，告诉家里有小孩的朋友，旺仔牛奶、可口可乐、爽歪歪、娃哈哈AD钙奶、未来星、QQ星、美汁源果粒奶优菠萝味的。都含有肉毒杆菌。现在紧急召回。有孩子的都转下！！！   没有孩子的也请友情提示。,回复@蕭大侠-:;家乐事净水器！给宝宝喝健康水！;,2015/5/13 15:06,rumor
【紧急通知】 妇幼保健院提示，请不要给宝宝喝爽歪歪和有添加剂的牛奶饮料，告诉家里有小孩的朋友，旺仔牛奶、可口可乐、爽歪歪、娃哈哈AD钙奶、未来星、QQ星、美汁源果粒奶优菠萝味的。都含有肉毒杆菌。现在紧急召回。有孩子的都转下，为了孩子的健康，还是少给孩子喝饮料为好啊！                 ,,2015/5/13 10:18,rumor
幼儿园老师和妇幼保健院提醒请不要给宝宝喝爽歪歪和有添加剂的牛奶饮料，告诉家里有小孩的朋友，旺仔牛奶、可口可乐、爽歪歪、娃哈哈AD钙奶、未来星、QQ星、美汁源果粒奶优菠萝味的。都含有肉毒杆菌。现在紧急召回 有孩子的都转下！！ 没有孩子的也请友情转转！不知真假，为孩子的未来大家都注意点好。,,2015/5/11 13:53,rumor
急转，请不要给宝宝喝爽歪歪和有添加剂的牛奶饮料，旺仔牛奶、可口可乐、爽歪歪、娃哈哈AD钙奶、未来星、QQ星、美汁源果粒奶优菠萝味的。都含有肉毒杆菌。现在紧急召回。http,,2015/5/11 12:31,rumor
【妇幼保健院温馨提示】：请不要给宝宝喝爽歪歪/旺仔牛奶/可口可乐/哇哈哈/AD钙奶/未来星/QQ星和美汁源果粒奶优菠萝味的和有添加剂的牛奶饮料。都含有肉毒杆菌，现在紧急召回。晕死，一亲戚刚送了二打QQ星给我家宝贝吃，我在纠结这怎么处理啊？吃还是不吃呢求指教,谣言来的呢～公安部门已经立案追查造谣者了，可上网查查;,2015/5/9 20:29,rumor
紧急通知：请不要给宝宝喝爽歪歪和有添加剂的牛奶饮料，告诉家里有小孩的朋友，旺仔牛奶、可口可乐、爽歪歪、娃哈哈AD钙奶、未来星、QQ星、美汁源果粒奶优菠萝味的。都含有肉毒杆菌。现在紧急召回。有孩子的都转下！！！   没有孩子的也请友情转转！为了你的孩子健康给他们用神奇吸管吧～                 ,,2015/5/10 12:50,rumor
幼儿园刚才发紧急通知：妇幼保健院提示，请不要给宝宝喝爽歪歪和有添加剂的牛奶饮料，告诉家里有小孩的朋友，旺仔牛奶、可口可乐、爽歪歪、娃哈哈AD钙奶、未来星、QQ星、美汁源果粒奶优菠萝味的。都含有肉毒杆菌。现在紧急召回。请相互转告，多给孩子吃健康食品。,,2015/5/9 17:10,rumor
紧急通知：请不要给宝宝喝爽歪歪和有添加剂的牛奶饮料，告诉家里有小孩的朋友，旺仔牛奶、可口可乐、爽歪歪、娃哈哈AD钙奶、未来星、QQ星、美汁源果粒奶优菠萝味的。都含有肉毒杆菌。现紧急召回！！！！孩子的健康第一位喔 云顾路                 ,回复@最最最爱锅包肉:谁不想挽回面子，以后还要做生意呀;这个是假消息的，娃哈哈已经辟谣了;,2015/5/10 6:26,rumor
紧急通知：妇幼保健院提示，请不要给宝宝喝爽歪歪和有添加剂的牛奶饮料，告诉家里有小孩的朋友，旺仔牛奶、可口可乐、爽歪歪、娃哈哈AD钙奶、未来星、QQ星、美汁源果粒奶优菠萝味的。都含有肉毒杆菌。现在紧急召回。有宝宝的注意下，没有的可以转发！此消息为群发！ 大连·青林美地公交站,,2015/5/9 10:40,rumor
紧急通知：请不要给宝宝喝爽歪歪和有添加剂的牛奶饮料，旺仔牛奶、可口可乐、爽歪歪、娃哈哈AD钙奶、未来星、QQ星、美汁源果粒奶优菠萝味的。都含有肉毒杆菌。现在紧急召回。有孩子的都转下！！！   为了你的孩子健康给他们用神奇吸管吧～牛奶变成各种口味，小朋友们都爱～ Roosevelt Ave                 ,谣言啊;,2015/5/8 19:06,rumor
幼儿园刚才发紧急通知：妇幼保健院提示，请不要给宝宝喝爽歪歪和有添加剂的牛奶饮料，告诉家里有小孩的朋友，旺仔牛奶、可口可乐、爽歪歪、娃哈哈AD钙奶、未来星、QQ星、美汁源果粒奶优菠萝味的。都含有肉毒杆菌。现在紧急召回。有孩子的都转下（这里的牛奶绝对营养、安全，宝宝和大人都可以放心食用）                 ,,2015/5/8 20:06,rumor
[em]e100026[/em][em]e100026[/em]请不要给宝宝喝爽歪歪和有添加剂的牛奶饮料，告诉家里有小孩的朋友，旺仔牛奶、可口可乐、爽歪歪、娃哈哈AD钙奶、未来星、QQ星、美汁源果粒奶优菠萝味的。都含有肉毒杆菌。现在紧急召回。有孩子的都转下哦！没有孩子的也请友情转转啦！ 茧城大街                 ,,2015/5/9 15:25,rumor
朋友圈疯转的一条状态—【幼儿园给发的紧急通知：妇幼保健院提示您，请不要给宝宝喝爽歪歪和有添加剂的牛奶饮料，告诉家里有小孩的朋友，旺仔牛奶、可口可乐、爽歪歪、娃哈哈AD钙奶、未来星、QQ星、美汁源果粒奶优菠萝味的。都含有肉毒杆菌。现在紧急召回。】谁来避个谣？朋友圈都疯了，都在发@陈士渠,回复@珠海网警巡查执法:谁知被某位（就不点名了）不认真看微博原文的人举报至新浪微博，我很无语啊，请求专业人士出面避谣本是好意，却反被诬陷传谣，我也是呵呵了，更有甚者新浪微博剥夺我删此微博权利，使这条微博无法删除……以后碰见谣言疯传，再不多事出面避谣，省的被冤被诬;回复@珠海网警巡查执法:;珠海网警提醒您：网络社会也有法律底线，网传谣言属违法行为。希望广大网民自觉抵制网络谣言，做到 不信谣、不传谣。对未经核实的信息，不要随意转发，更不要故意杜撰改编，否则，将承担相应的法律责 任。对故意传播、散步谣言信息的，公安机关将依法严惩。;,2015/5/8 22:48,rumor
再发一次/惊恐/惊恐/惊恐紧急通知：请不要给宝宝喝爽歪歪和有添加剂的牛奶饮料，告诉家里有小孩的朋友，旺仔牛奶、可口可乐、爽歪歪、娃哈哈AD钙奶、未来星、QQ星、美汁源果粒奶优菠萝味的。都含有肉毒杆菌。现在紧急召回。转给有孩子的盆友！@凤凰周刊  @崔玉涛 @超级妈咪团 @宝宝辅食跟我学                 ,这个问题[黑8]崔玉涛大夫的书里有提到处理方法，你可以下载来看看哦[雪]右边是崔玉涛医生的全套育儿电子书下载地址：QQ邮件列表 场忡饬球圣霹靼骋钅迂;,2015/5/9 13:57,rumor
看着真闹心 😡 😡 中国没有安全能喝的包括矿泉水 😡 😡 妇幼保健院提示，请不要给宝宝喝爽歪歪和有添加剂的牛奶饮料，告诉家里有小孩的朋友，旺仔牛奶、可口可乐、爽歪歪、娃哈哈AD钙奶、未来星、QQ星、美汁源果粒奶优菠萝味的。都含有肉毒杆菌。现在紧急召回。                 ,珠海网警提醒您：网络社会也有法律底线，网传谣言属违法行为。希望广大网民自觉抵制网络谣言，做到 不信谣、不传谣。对未经核实的信息，不要随意转发，更不要故意杜撰改编，否则，将承担相应的法律责 任。对故意传播、散步谣言信息的，公安机关将依法严惩。;谣言啦;,2015/5/8 17:31,rumor
请不要给宝宝喝爽歪歪和有添加剂的牛奶饮料，告诉家里有小孩的朋友，旺仔牛奶、可口可乐、爽歪歪、娃哈哈AD钙奶、未来星、QQ星、美汁源果粒奶等等。肉毒杆菌不说，添加剂就够受的！                 ,,2015/5/9 9:37,rumor
紧急通知：请不要给宝宝喝爽歪歪和有添加剂的牛奶饮料，告诉家里有小孩的朋友，旺仔牛奶、可口可乐、爽歪歪、娃哈哈AD钙奶、未来星、QQ星、美汁源果粒奶优菠萝味的。都含有肉毒杆菌。现在紧急召回。转给有孩子的盆友！ 318国道                 ,,2015/5/8 13:52,rumor
【CCTV-1已报道】旺仔牛奶、可口可乐、爽歪歪、娃哈哈AD钙奶、未来星、QQ星、美汁源果粒奶优菠萝味的都含有肉毒杆菌？！赶紧买一箱擦脸，肉毒杆菌除皱又瘦脸，经济又划算！                 ,,2015/5/8 12:17,rumor
紧急通知：请不要给宝宝喝爽歪歪和有添加剂的牛奶饮料，告诉家里有小孩的朋友，旺仔牛奶、可口可乐、爽歪歪、娃哈哈AD钙奶、未来星、QQ星、美汁源果粒奶优菠萝味的。都含有肉毒杆菌。现在紧急召回。有孩子的都转下！！！   没有孩子的也请友情转转！ 看的转了 天水·天水凯悦大酒店,,2015/5/8 12:28,rumor
求证，最近经常在微信上看到：【转】幼儿园发紧急通知：妇幼保健院提示，请不要给宝宝喝爽歪歪和有添加剂的牛奶饮料，旺仔牛奶、可口可乐、爽歪歪、娃哈哈AD钙奶、未来星、QQ星、美汁源果粒奶优菠萝味的。都含有肉毒杆菌。现在紧急召回。有孩子没孩子都转！      信息是否属实？@央视新闻 @头条新闻,,2015/5/7 8:22,rumor
幼儿园刚才发紧急通知：妇幼保健院提示，请不要给宝宝喝爽歪歪和有添加剂的牛奶饮料，告诉家里有小孩的朋友，旺仔牛奶、可口可乐、爽歪歪、娃哈哈AD钙奶、未来星、QQ星、美汁源果粒奶优菠萝味的。都含有肉毒杆菌。现在紧急召回。有孩子的都转下！没有孩子的也请友情转转！我们平时不喝这个的也转一下！,1@江宁公安在线 已经避过谣了，传送门http://t.cn/RAg24cT;,2015/5/7 21:14,rumor
我同学孩子幼儿园新收到的通知：幼儿园刚才发紧急通知：妇幼保健院提示，请不要给宝宝喝爽歪歪和有添加剂的牛奶饮料，告诉家里有小孩的朋友，旺仔牛奶、可口可乐、爽歪歪、娃哈哈AD钙奶、未来星、QQ星、美汁源果粒奶优菠萝味的。都含有肉毒杆菌。现在紧急召回。有孩子的都转下， 没有孩子的也请友情转                 ,你的智商呢？;转发过500要判刑的...;回复@穿吊带的小恶魔:同学刚发的;,2015/5/7 17:34,rumor
幼儿园刚才发紧急通知：妇幼保健院提示，请不要给宝宝喝爽歪歪和有添加剂的牛奶饮料，告诉家里有小孩的朋友，旺仔牛奶、可口可乐、爽歪歪、娃哈哈AD钙奶、未来星、QQ星、美汁源果粒奶优菠萝味的。都含有肉毒杆菌。现在紧急召回。有孩子的都转下！！！为了孩健康而转发！[呲牙]……朋友圈的真假？？？,,2015/5/7 16:57,rumor
旺仔牛奶、可口可乐、爽歪歪、娃哈哈AD钙奶、未来星、QQ星、菠萝味的美汁源果粒奶优。都含有肉毒杆菌。现在紧急召回。有孩子的都转下！！！   没有孩子的也请友情转转！！ pass：旺仔和QQ星我喝了好多，肿么办？ 云林路,造谣的啦，你上网查下就知道了，娃哈哈都立案追究造谣者了;,2015/5/7 12:49,rumor
@九江晨报  @吃喝玩乐游九江 @聚九江 @浔阳晚报 @九江最好吃  妇幼保健院提示您，请不要给宝宝喝爽歪歪和有添加剂的牛奶饮料，旺仔牛奶、可口可乐、爽歪歪、娃哈哈AD钙奶、未来星，QQ星、美汁源果粒奶优菠萝味的。含有肉毒杆菌。现在紧急召回。有孩子的  没有孩子的友情转转！ http,回复@钻石眼泪_疯子:那为什么我身边的小孩都发烧了呢;专家已经辟谣了;,2015/5/7 12:30,rumor
帮转：妇幼保健院提示您，请不要给宝宝喝爽歪歪和有添加剂的牛奶饮料，告诉家里有小孩的朋友，旺仔牛奶、可口可乐、爽歪歪、娃哈哈AD钙奶、未来星、QQ星、美汁源果粒奶优菠萝味的。都含有肉毒杆菌。现在紧急召回。有孩子的都转下！！@奏耐天津 @央视新闻 请问这个消息是真的吗？ 保定道,很久之前，看过，应该是假的。;,2015/5/7 14:21,rumor
@中国药监妇幼保健院提示您，请不要给宝宝喝爽歪歪和有添加剂的牛奶饮料，告诉家里有小孩的朋友，旺仔牛奶、可口可乐、爽歪歪、娃哈哈AD钙奶、未来星、QQ星、美汁源果粒奶优菠萝味的。都含有肉毒杆菌。现在紧急召回。有孩子的都转下！！！   亲爱的，药监领导真是真的还是假的，我家就一个孩子。么么哒,你受骗上当了，这是虚假消息！请看辟谣网址（http://weibo.com/2805765994/CdlbFkzWm）。尽快删除帖子，因为已被举报。;,2015/5/7 10:36,rumor
幼儿园刚才发紧急通知：妇幼保健院提示，请不要给宝宝喝爽歪歪和有添加剂的牛奶饮料，告诉家里有小孩的朋友，旺仔牛奶、可口可乐、爽歪歪、娃哈哈AD钙奶、未来星、QQ星、美汁源果粒奶优菠萝味的。都含有肉毒杆菌。现在紧急召回。@Sssum权权 @summer小聂聂 @Hdry 宝平路,回复@Sssum权权:反正都有添加剂应该。还是戒了吧;真假，我最近在喝;,2015/5/7 10:07,rumor
妇幼保健院夏主任提示您，请不要给宝宝喝爽歪歪和有添加剂的牛奶饮料，告诉家里有小孩的朋友，旺仔牛奶、可口可乐、爽歪歪、娃哈哈AD钙奶、多美滋、雅培、美汁源果粒奶优菠萝味的。都含有肉毒杆菌。现在紧急召回。有孩子的都转下。没孩的也转一下 西金环路                 ,你受骗上当了，这是虚假消息！请看辟谣网址（http://weibo.com/2805765994/CdlbFkzWm）。尽快删除帖子，因为已被举报。;,2015/5/6 9:13,rumor
请不要给宝宝喝爽歪歪和有添加剂的牛奶饮料，告诉家里有小孩的朋友，旺仔牛奶、可口可乐、爽歪歪、娃哈哈AD钙奶、多美滋、雅培、美汁源果粒奶优菠萝味的。都含有肉毒杆菌。现在紧急召回。有孩子的都转下！！！现在国内的东西相继出现问题，你还敢吃吗？来我家买澳洲进口的德运奶粉吧，真正的好奶粉,,2015/4/25 10:13,rumor
妇幼保健院提示您，请不要给宝宝喝爽歪歪和有添加剂的牛奶饮料，告诉家里有小孩的朋友，旺仔牛奶、可口可乐、爽歪歪、娃哈哈AD钙奶、多美滋、雅培、等等都含有肉毒杆菌现在紧急召回。我说现在自己炖了这么多水果茶，纯天然水果无任何添加，天天喝妈妈炖的水果茶，不仅美味，还可以润燥清热，你家有吗？,,2015/4/25 14:17,rumor
Miss·髙 ↘ 妇幼保健院提示您，请不要给宝宝喝爽歪歪和有添加剂的牛奶饮料，告诉家里有小孩的朋友，旺仔牛奶、可口可乐、爽歪歪、娃哈哈AD钙奶、多美滋、雅培、美汁源果粒奶优菠萝味的。都含有肉毒杆菌。现在紧急召回。有孩子的都转下 http,,2015/4/25 8:17,rumor
  妇幼保健院提示您  ，请不要给宝宝喝爽歪歪和有添加剂的牛奶饮料  ，告诉家里有小孩的朋友，旺仔牛奶、可口可乐、爽歪歪、娃哈哈AD钙奶、美汁源果粒奶优菠萝味的。都含有肉毒杆菌   。现在紧急召回。有孩子的都转下！！！    @纤纤梅@韩束墨菊巨补水@韩束晒美白@郭采洁@鹿晗,你受骗上当了，这是虚假消息！请看辟谣网址（http://weibo.com/2805765994/CdlbFkzWm）。尽快删除帖子，因为已被举报。;,2015/4/21 14:49,rumor
妇幼保健院提示您，请不要给宝宝喝爽歪歪和有添加剂的牛奶饮料，告诉家里有小孩的朋友，刚看了新闻：旺仔牛奶。可口可乐、爽歪歪。娃哈哈AD钙奶、多美滋、雅培、美汁源果粒奶优菠萝味的。都含有肉毒杆菌。现在紧急召回，望家长朋友们爱孩子 就别给他喝了！不管是真是假都转一下吧 071县道,回复@兜兜里没糖428:是的，你可以上网搜哇哈哈辟谣贴，旺仔，可口可乐都没有肉毒杆菌;回复@最最最爱锅包肉:到底真的假的啊？孩子的事真的不能开玩笑啊，我也是个宝妈@最最最爱锅包肉;这个是假消息，娃哈哈已经辟谣了;,2015/4/16 11:59,rumor
【注意啦】 妇幼保健院提示，请不要给宝宝喝爽歪歪和有添加剂的牛奶饮料，告诉家里有小孩的朋友，刚看了新闻：旺仔牛奶，可口可乐、爽歪歪，娃哈哈AD钙奶、多美滋、雅培、美汁源果粒奶优菠萝味的，都含有肉毒杆菌。现在紧急召回， 望家长朋友们都注意下。  217省道                 ,你受骗上当了，这是虚假消息！请看辟谣网址（http://weibo.com/2805765994/CdlbFkzWm）。尽快删除帖子，因为已被举报。;,2015/4/11 14:05,rumor
@社会传真          最近有很多人在疯狂转发   妇幼保健院提示您，请不要给宝宝喝爽歪歪和有添加剂的牛奶饮料，告诉家里有小孩的朋友，旺仔牛奶、可口可乐、爽歪歪、娃哈哈AD钙奶、多美滋、雅培、美汁源果粒奶优菠萝味的。都含有肉毒杆菌。现在紧急召回。有孩子的都转下！！！ 🔔    🔔    🔔,回复@花自漂零的天空:问题是删除不了啊！我用电脑上过了也删除不了;你受骗上当了，这是虚假消息！请看辟谣网址（http://weibo.com/2805765994/CcJ8VnII2）。尽快删除帖子，因为已被举报。;,2015/4/14 10:35,rumor
妇幼保健院提示您，请不要给宝宝喝爽歪歪和有添加剂的牛奶饮料，告诉家里有小孩的朋友，旺仔牛奶、可口可乐、爽歪歪、娃哈哈AD钙奶、多美滋、雅培、美汁源果粒奶优菠萝味的。都含有肉毒杆菌。现在紧急召回。有孩子的都转下咱家的川贝柠檬泡水，比饮料安全健康好喝还治病真正食材炖出来的好东西不容错过,你受骗上当了，这是虚假消息！请看辟谣网址（http://weibo.com/2805765994/CcJ8VnII2）。尽快删除帖子，因为已被举报。;,2015/4/12 12:48,rumor
请不要给宝宝喝爽歪歪和有添加剂的牛奶饮料，告诉家里有小孩的朋友，新闻播到：旺仔牛奶、可口可乐、爽歪歪、娃哈哈AD钙奶、多美滋、雅培、美汁源果粒奶优菠萝味的。都含有肉毒杆菌。现在紧急召回 望家长朋友们爱孩子就别给他喝了！必须转！孩子最好的健康选择一三一素乳酸菌！ 福安大街,,2015/4/11 16:36,rumor
妇幼保健院提示您，请不要给宝宝喝爽歪歪和有添加剂的牛奶饮料，告诉家里有小孩的朋友。刚看了新闻：旺仔牛奶。、可口可乐、爽歪歪。娃哈哈AD钙奶、多美滋、雅培、美汁源果粒奶优菠萝味的。都含有肉毒杆菌。现在紧急召回@黄西Joe_Wong 这是真的吗？,我是被冤枉的，我只是想证明消息的真实性，结果被举报;你受骗上当了，这是虚假消息！请看辟谣网址（http://weibo.com/2805765994/CcJ8VnII2）。尽快删除帖子，因为已被举报。;刚在朋友圈也看到这条，如果可口可乐紧急召回都上不了微博头条，那汪峰也不是冤死的了……;,2015/4/12 7:42,rumor
省妇幼保健院提示您，请不要给宝宝喝爽歪歪和有添加剂的牛奶饮料，告诉家里有小孩的朋友，旺仔牛奶、可口可乐、爽歪歪、娃哈哈AD钙奶、美汁源果粒奶优菠萝味的。都含有肉毒杆菌。现在紧急召回。有孩子的都转下！！！                      郑州·新密市青屏宾馆,你受骗上当了，这是虚假消息！请看辟谣网址（http://weibo.com/2805765994/CcJ8VnII2）。尽快删除帖子，因为已被举报。;,2015/4/11 23:34,rumor
"【紧急扩散：3月5日生产的""菠萝味美汁源果粒奶优""或含问题奶粉】新西兰""含肉毒杆菌奶粉""流入中国。可口可乐表示，25公斤问题原料奶粉，已于3月5日生产了美`汁源果粒奶优菠萝味饮料，共19000余箱，已运往云南、广西和广东。可口可乐已对其召回。提醒大家注意生产日期，扩散周知！",,2015/4/5 13:52,rumor
刚刚得到的消息 有小孩的妈妈们请注意了 爽歪歪   可口可乐   雅培   多美滋   娃哈哈AD钙奶  美汁源果粒奶优菠萝味的  和有添加剂的牛奶饮料  都含有肉毒杆菌  正在紧急招回 现在还不知道信息真伪，请大家注意。 为了孩子的身体健康，还是先不要饮用。 新安镇服务区,,2015/4/3 18:41,rumor
请不要给宝宝喝爽歪歪和有添加剂的牛奶饮料，告诉家里有小孩的朋友，新闻播报：旺仔牛奶、可口可乐、爽歪歪、娃哈哈AD钙奶、多美滋、雅培、美汁源果粒奶优菠萝味的，都含有肉毒杆菌！现在紧急召回！望家长朋友们不要给小孩喝了！自己也不要喝！孩子最好的健康是选择一三一素的乳酸菌！！！                 ,,2015/4/9 7:34,rumor
请不要给宝宝喝爽歪歪和有添加剂的牛奶饮料，告诉家里有小孩的朋友，刚看了新闻：旺仔牛奶、可口可乐、爽歪歪。娃哈哈AD钙奶、多美滋、雅培、、美汁源果粒奶优菠萝味的。都含有肉毒杆菌。现在紧急召回，希望有儿女的爸爸妈妈相互转告。[尴尬]这个一定要转～～ 蛟龙大道                 ,您好，谢谢您的关注。这是前年的旧闻。恒天然官方已澄清该事件实属虚惊，不存在安全问题。我们的产品是安全的，请您放心。http://t.cn/8FmoUVw;,2015/1/12 8:42,rumor
山东妇幼保健院提示您：请不要给宝宝喝爽歪歪和有添加剂的牛奶饮料，告诉家里有小孩的朋友。刚看了新闻：旺仔牛奶、可口可乐、爽歪歪、娃哈哈AD钙奶、美汁源果粒奶优菠萝味的、都含有肉毒杆菌。现在紧急召回。望家长朋友们爱孩子， 就别给他喝了！注意哦！传递正能量！ ☀ ☀ ☀                 ,回复@花自漂零的天空:怎么删 删不了啊 被你举报啦 我是看到其他地方发布我跟着发布的好吗;你受骗上当了，这是虚假消息！请看辟谣网址（http://weibo.com/2805765994/CcJ8VnII2）。尽快删除帖子，因为已被举报。;,2015/4/10 23:20,rumor
千万别让孩子在喝了，！做妈妈的都转过去，看好自己的宝宝。请不要给宝宝喝爽歪歪和有添加剂的牛奶饮料，告诉家里有小孩的朋友，刚看了新闻：可口可乐、爽歪歪。娃哈哈AD钙奶、多美滋、雅培、、美汁源果粒奶优菠萝味的。都含有肉毒杆菌。现在紧急召回。这个一定要转～～ 辛老路                 ,,2015/2/6 0:04,rumor
#水母阿青# 请不要给宝宝喝爽歪歪和有添加剂的牛奶饮料，告诉家里有小孩的朋友，刚看了新闻：旺仔牛奶。、可口可乐、爽歪歪。娃哈哈AD钙奶、多美滋、雅培、美汁源果粒奶优菠萝味的。都含有肉毒杆菌。现在紧急召回          望家长朋友们爱孩子 就别给他喝了！必须转！,,2015/4/4 7:57,rumor
请不要给宝宝喝爽歪歪和有添加剂的牛奶饮料，告诉家里有小孩的朋友，刚看了新闻：可口可乐、爽歪歪。娃哈哈AD钙奶、多美滋、雅培、美汁源果粒奶优菠萝味。都含有肉毒杆菌。现在紧急召回。希望大家相互转告。这个一定要转~~                 ,,2015/4/5 8:11,rumor
我说嘛，上次和大力哥同一个病房的小女孩得胆结石，就是天天都喝旺仔，喝爽歪歪，说你们不听，宝爸和老妈你们看好！    请不要给宝宝喝爽歪歪和有添加剂的牛奶饮料，旺仔牛奶、可口可乐、爽歪歪、娃哈哈AD钙奶、美汁源果粒奶优菠萝味的。都含有肉毒杆菌。现在紧急召回。有孩子的都转下！,回复@周筱筱15:惨咯，我都转发了;我也查了，假的;,2015/4/10 13:12,rumor
幼儿园老师刚发的啊！做妈妈的都转过去，看好自己的宝宝。请不要给宝宝喝爽歪歪和有添加剂的牛奶饮料，告诉家里有小孩的朋友，刚看了新闻：可口可乐、爽歪歪。娃哈哈AD钙奶、多美滋、雅培、、美汁源果粒奶优菠萝味的。都含有肉毒杆菌。现在紧急召回。希望大家相互转告。一定要转 G98海南环线入口                 ,,2015/4/1 10:44,rumor
请不要给宝宝喝爽歪歪和有添加剂的牛奶饮料，告诉家里有小孩的朋友，旺仔牛奶、可口可乐、爽歪歪、娃哈哈AD钙奶、多美滋、雅培、美汁源果粒奶优菠萝味的。都含有肉毒杆菌。现在紧急召回。都转下！！！ [em]e328276[/em]         [em]e328276[/em] 赤土板路,,2015/4/10 8:10,rumor
幼儿园老师刚发的啊！做妈妈的都转过去，看好自己的宝宝。请不要给宝宝喝爽歪歪和有添加剂的牛奶饮料，告诉家里有小孩的朋友，刚看了新闻：可口可乐、爽歪歪。娃哈哈AD钙奶、多美滋、雅培、、美汁源果粒奶优菠萝味的。都含有肉毒杆菌。现在紧急召回。 http,,2015/4/4 23:54,rumor
刚才收到朋友的私信，［娃哈哈，旺仔牛奶，美汁源，可口可乐，爽歪歪，雅培，。这些含添加剂的饮料里面，都含有肉毒杆菌！望看到的国人们，为了我们祖国的下一代，能够茁壮健康的长大！请动动手指转发下去！将你的善举发扬下去！！现在紧急召回！,,2015/4/10 15:22,rumor
妇幼保健院提示您，请不要给宝宝喝爽歪歪和有添加剂的牛奶饮料，告诉家里有小孩的朋友，旺仔牛奶、可口可乐、爽歪歪、娃哈哈AD钙奶、多美滋、雅培、美汁源果粒奶优菠萝味的。都含有肉毒杆菌。现在紧急召回。有孩子的都转下！ 🔔           🔔  看朋友圈更新的我也就顺手转下造福小朋友们的健康,回复@小猪Q跳:不信拉倒;,2015/4/10 13:43,rumor
妇幼保健院提示您，请不要给宝宝喝爽歪歪和有添加剂的牛奶饮料，告诉家里有小孩的朋友，旺仔牛奶、可口可乐、爽歪歪、娃哈哈AD钙奶、多美滋、雅培、美汁源果粒奶优菠萝味的。都含有肉毒杆菌。现在紧急召回！看我朋友发的这个，想到@Una优娜儿 你之前视频说爱喝AD钙奶 新津县,回复@L清平乐:打跟吃是一回事？;肉毒杆菌抗衰老啊;回复@小佳佳有小成就:是这样啊！我看我朋友在qq空间发得[黑線][黑線]我马上删除;,2015/4/10 16:57,rumor
佛山禅城和南海妇幼保健院提示您，请不要给宝宝喝爽歪歪和有添加剂的牛奶饮料，告诉家里有小孩的朋友，刚看了新闻：旺仔牛奶。、可口可乐、爽歪歪。娃哈哈AD钙奶、多美滋、雅培、美汁源果粒奶优菠萝味的。都含有肉毒杆菌。现在紧急召回 http,,2015/4/7 14:24,rumor
【娃哈哈就“肉毒杆菌”事件反击】 “妇幼保健院提示您，请不要给宝宝喝爽歪歪和有添加剂的牛奶饮料，告诉家里有小孩的朋友，刚看了新闻：可口可乐、爽歪歪、娃哈哈AD钙奶、多美滋、雅培、美汁源果粒奶优菠萝味的，都含有肉毒杆菌。”看事件真相，移步这里：娃哈哈报案追责反击“多种饮料含肉毒杆菌”谣言                 ,,2015/1/19 11:21,rumor
妇幼保健院提示您，请不要给宝宝喝爽歪歪和有添加剂的牛奶饮料，告诉家里有小孩的朋友，旺仔牛奶、可口可乐、爽歪歪、娃哈哈AD钙奶、多美滋、雅培、美汁源果粒奶优菠萝味的。都含有肉毒杆菌。现在紧急召回。有孩子的都转下！！！ 🔔     🔔     🔔注意为好@谚禹 @乌刺诺斯小星 刚刚朋友发的,,2015/4/10 8:30,rumor
妇幼保健院提示您，请不要给宝宝喝爽歪歪和有添加剂的牛奶饮料，告诉家里有小孩的朋友，旺仔牛奶、可口可乐、爽歪歪、娃哈哈AD钙奶、多美滋、雅培、美汁源果粒奶优菠萝味的。都含有肉毒杆菌。现在紧急召回。有孩子的都转下！！！ （虽然我没有孩子，但还是转起了[巨汗]） 和平北路                 ,不实信息，删掉吧，你去网上搜搜;,2015/4/10 10:22,rumor
帮有孩子的转 ：妇幼保健院提示您，请不要给宝宝喝爽歪歪和有添加剂的牛奶饮料，告诉家里有小孩的朋友，旺仔牛奶、可口可乐、爽歪歪、娃哈哈AD钙奶、多美滋、雅培、美汁源果粒奶优菠萝味的。都含有肉毒杆菌。现在紧急召回。有孩子的都转下！！！ 广州·广州市第二中学高中部,,2015/4/10 10:25,rumor
妇幼保健院提示您，请不要给宝宝喝爽歪歪和有添加剂的牛奶饮料，告诉家里有小孩的朋友，旺仔牛奶、可口可乐、爽歪歪、娃哈哈AD钙奶、多美滋、雅培、美汁源果粒奶优菠萝味的。都含有肉毒杆菌。现在紧急召回。有孩子的都转下！！！ 🔔        🔔        🔔#互粉大厅##咱们结婚吧电影版[电影]#                 ,怎么删除呀;,2015/4/10 6:58,rumor
妇幼保健院提示您，请不要给宝宝喝爽歪歪和有添加剂的牛奶饮料，告诉家里有小孩的朋友，旺仔牛奶、可口可乐、爽歪歪、娃哈哈AD钙奶、多美滋、雅培、美汁源果粒奶优菠萝味的。都含有肉毒杆菌。现在紧急召回。有孩子的都转下！@小玉yumi @躁动不安xia@Jessie小清清 @-熊猫妞-Panda,,2015/4/10 6:49,rumor
妇幼保健院提示您，请不要给宝宝喝爽歪歪和有添加剂的牛奶饮料，告诉家里有小孩的朋友，刚看了新闻：可口可乐、爽歪歪。娃哈哈AD钙奶、多美滋、雅培、、美汁源果粒奶优菠萝味的。都含有肉毒杆菌。现在紧急召回，希望有儿女的爸爸妈妈相互转告。[尴尬]这个一定要转～～宝妈们都要注意了！,,2015/1/10 9:26,rumor
🔴      妇幼保健院提示您，请不要给宝宝喝爽歪歪和有添加剂的牛奶饮料，告诉家里有小孩的朋友，刚看了新闻：旺仔牛奶、可口可乐、爽歪歪。娃哈哈AD钙奶、多美滋奶粉、雅培奶粉、美,,2015/4/9 10:31,rumor
妇幼保健院提示您，请不要给宝宝喝爽歪歪和有添加剂的牛奶饮料，告诉家里有小孩的朋友，刚看了新闻：旺仔牛奶。、可口可乐、爽歪歪。娃哈哈AD钙奶、多美滋、雅培、美汁源果粒奶优菠萝味的。都含有肉毒杆菌。现在紧急召回，这个一定要转！ 广州·金海岸花园                 ,,2015/1/16 11:42,rumor
嘿 大家注意，紧急通知 妇幼保健院提示您，请不要给宝宝喝爽歪歪和有添加剂的牛奶饮料，告诉家里有小孩的朋友，刚看了新闻：可口可乐、爽歪歪。娃哈哈AD钙奶、多美滋、雅培、美汁源果粒奶优菠萝味的。都含有肉毒杆菌。 018乡道,,2015/1/14 9:59,rumor
📢📢📢妇幼保健院提示您，请不要给宝宝喝爽歪歪和有添加剂的牛奶饮料，[发怒][发怒][发怒]告诉家里有小孩的朋友，刚看了新闻：可口可乐、爽歪歪。娃哈哈AD钙奶、多美滋、雅培、美汁源果粒奶优菠萝味的。都含有肉毒杆菌，现在紧急召回。澳洲这么多好奶粉，任君选择！3岁至80岁都可饮用[悠闲],您好，谢谢您的关注。这是前年的旧闻。恒天然官方已澄清该事件实属虚惊，不存在安全问题。我们的产品是安全的，请您放心。http://t.cn/8FmoUVw;,2015/1/10 11:30,rumor
各位家长你们好！妇幼保健院提示，请不要给宝宝喝爽歪歪和有添加剂的牛奶饮料，告诉家里有小孩的朋友，刚看了新闻：可口可乐、爽歪歪。娃哈哈AD钙奶、多美滋、雅培、、美汁源果粒奶优菠萝味的。都含有肉毒杆菌。现在紧急召回，希望有儿女的爸爸妈妈相互转告,,2015/1/13 16:17,rumor
朋友圈疯传的，到底是真的吗？@人民日报 @黄三角早报-东营 @新浪新闻 妇幼保健院提示您，请不要给宝宝喝爽歪歪和有添加剂的牛奶饮料，告诉家里有小孩的朋友，刚看了新闻：旺仔牛奶。、可口可乐、爽歪歪。娃哈哈AD钙奶、多美滋、雅培、美汁源果粒奶优菠萝味的。都含有肉毒杆菌。现在紧急召回😱,,2015/4/2 18:46,rumor
妇幼保健院提示您，请不要给宝宝喝爽歪歪和有添加剂的牛奶饮料，告诉家里有小孩的朋友，刚看了新闻：旺仔牛奶、可口可乐、爽歪歪。娃哈哈AD钙奶、多美滋、雅培、美汁源果粒奶优菠萝味的。都含有肉毒杆菌。现在紧急召回，希望有儿女的爸爸妈妈相互转告。[尴尬]这个一定要转～～ 重庆·重庆万友康年大酒店,,2015/1/17 10:54,rumor
妇幼保健院提示您，请不要给宝宝喝爽歪歪和有添加剂的牛奶饮料，告诉家里有小孩的朋友，刚看了新闻：旺仔牛奶、可口可乐、爽歪歪。娃哈哈AD钙奶、多美滋、雅培、、美汁源果粒奶优菠萝味的。都含有肉毒杆菌。现在紧急召回，希望有儿女的爸爸妈妈相互转告。这个一定要转！以后去朋友家别买这些了，记住！,,2015/1/15 16:50,rumor
妇幼保健院提示您，请不要给宝宝喝爽歪歪和有添加剂的牛奶饮料，告诉家里有小孩的朋友，刚看了新闻：旺仔牛奶。、可口可乐、爽歪歪。娃哈哈AD钙奶、多美滋、雅培、美汁源果粒奶优菠萝味的。都含有肉毒杆菌。现在紧急召回😱          望家长朋友们爱孩子 就别给他喝了！必须转！ 铁岭·中国医科大学附属第一医院协作医院,,2015/4/4 22:42,rumor
[em]e100063[/em]温馨提示：请不要给宝宝喝爽歪歪和有添加剂的牛奶饮料，告诉家里有小孩的朋友，刚看了新闻：可口可乐、爽歪歪、娃哈哈AD钙奶、美汁源果粒奶优菠萝味的，都含有肉毒杆菌。希望有儿女的爸爸妈妈相互转告。[em]e100078[/em][em]e100078[/em] 浯水道                 ,,2015/1/11 12:46,rumor
/调皮为孩子好就看看/调皮 妇幼保健院提示您，请不要给宝宝喝爽歪歪和有添加剂的牛奶饮料，告诉家里有小孩的朋友，刚看了新闻：可口可乐、爽歪歪。娃哈哈AD钙奶、多美滋、雅培美汁源果粒奶优菠萝味的。都含有肉毒杆菌。现在紧急召回，希望有儿女的爸爸妈妈相互转告，传播正能量！ 临汾·广胜寺,,2015/1/10 8:27,rumor
为孩子好就看看妇幼保健院提示您，请不要给宝宝喝爽歪歪和有添加剂的牛奶饮料，告诉家里有小孩的朋友，刚看了新闻：可口可乐、爽歪歪。娃哈哈AD钙奶、多美滋、雅培、美汁源果粒奶优菠萝味的。都含有肉毒杆菌。现在紧急召回，希望有儿女的爸妈相互转告。 http,您好，谢谢您的关注。这是前年的旧闻。恒天然官方已澄清该事件实属虚惊，不存在安全问题。我们的产品是安全的，请您放心。http://t.cn/8FmoUVw;,2015/1/10 8:30,rumor
妇幼保健院提示您，请不要给宝宝喝爽歪歪和有添加剂的牛奶饮料，刚看了新闻：可口可乐、爽歪歪。娃哈哈AD钙奶、多美滋、雅培、、美汁源果粒奶优菠萝味的。都含有肉毒杆菌，现在紧急召回。澳洲这么多好奶粉孩子要是实在不喜欢纯奶，就搭根澳洲神奇吸管吧，不同的吸管能吸出不一样口味的奶哟。,,2015/1/13 9:31,rumor
妇幼保健院提示您，请不要给宝宝喝爽歪歪和有添加剂的牛奶饮料，告诉家里有小孩的朋友，刚看了新闻：旺仔牛奶。、可口可乐、爽歪歪。娃哈哈AD钙奶、多美滋、雅培、美汁源果粒奶优菠萝味的。都含有肉毒杆菌。现在紧急召回，[尴尬]这个一定要转～～' 深圳·三联水晶玉石文化村                 ,回复@a懒人部落a:朋友那转的;真的？;,2015/1/14 21:47,rumor
#小星心日本代购#紧急提示，请不要给宝宝喝爽歪歪和有添加剂的牛奶饮料，告诉家里有小孩的朋友，刚看了新闻：旺仔牛奶、可口可乐、爽歪歪。娃哈哈AD钙奶、多美滋、雅培、、美汁源果粒奶优菠萝味的。都含有肉毒杆菌。现在紧急召回，希望有儿女的爸爸妈妈相互转告。[尴尬]这个一定要转⚠⚠#日本代购直邮#,,2015/1/16 12:11,rumor
妇幼保健院提示您，请不要给宝宝喝爽歪歪和有添加剂的牛奶饮料，告诉家里有小孩的朋友，可口可乐、爽歪歪、娃哈哈AD钙奶、多美滋、雅培、美汁源果粒奶优菠萝味等都含有肉毒杆菌。希望有儿女的爸爸妈妈相互转告。在孩子成长阶段，尽量不要给孩子喝不益于身体健康的东西。,,2015/3/6 14:54,rumor
妇幼保健院提示您，请不要给宝宝喝爽歪歪和有添加剂的牛奶饮料，告诉家里有小孩的朋友，刚看了新闻：可口可乐、爽歪歪。娃哈哈AD钙奶、多美滋、雅培、美汁源果粒奶优菠萝味的。都含有肉毒杆菌。希望有儿女的爸爸妈妈相互转告。～（这是真的嘛，是不是再也不能喝爽歪歪了?）@南昌帮 @南昌同城会,,2015/1/13 14:20,rumor
妇幼保健院提示您，请不要给宝宝喝爽歪歪和有添加剂的牛奶饮料，告诉家里有小孩的朋友，：旺仔牛奶、可口可乐、爽歪歪。娃哈哈AD钙奶、多美滋、雅培、、美汁源果粒奶优菠萝味的。都含有肉毒杆菌。现在紧急召回，希望有儿女的爸爸妈妈相互转告。这个一定要转～～⚠⚠'还是自己榨果汁安全！,,2015/1/15 9:10,rumor
妇幼保健院提示您，请不要给宝宝喝爽歪歪和有添加剂的牛奶饮料。告诉家里有小孩的朋友，可口可乐、爽歪歪。娃哈哈AD钙奶、多美滋、雅培、、美汁源果粒奶优菠萝味的。都含有肉毒杆菌，现在紧急召回。澳洲这么多好奶粉孩子要是实在不喜欢纯奶，就搭根澳洲神奇吸管或澳洲儿童蜂蜜吧。 京福公路                 ,,2015/2/5 19:52,rumor
#瑞士伊莎艾尔中国区总代招代理#请不要给宝宝喝爽歪歪和有添加剂的牛奶饮料，家里有小孩的朋友，新闻播到：旺仔牛奶、可口可乐、爽歪歪、娃哈哈AD钙奶、多美滋、雅培、美汁源果粒奶优菠萝味的，含有肉毒杆菌。望家长朋友爱孩子就别给他喝了！孩子最好的健康选择一三一素乳酸菌！购买加微信574273252                 ,,2015/4/8 13:58,rumor
伊春市妇幼保健院医院提示您请不要给宝宝喝爽歪歪和有添加剂的牛奶饮料，告诉家里有小孩的朋友刚看了新闻旺仔牛奶可口可乐爽歪歪娃哈哈AD钙奶多美滋雅培美汁源果粒奶优菠萝味的都含有肉毒杆菌现在紧急召回望家长朋友们爱孩子 就别给他喝了必须转！@沧州晚报 @沧州晚报维权 @CCTV焦点访谈 这是真的吗,,2015/4/8 9:17,rumor
该死的中国食品，中国的食品安全能不能彻查到底还有多少人会被毒害，旺仔牛奶、可口可乐、爽歪歪。娃哈哈AD钙奶、多美滋、雅培、美汁源果粒奶优菠萝味的。都含有肉毒杆菌。                 ,,2015/4/4 14:36,rumor
姐！别给小乐洋喝这些奶了！还有我妹！幼儿园老师刚发的啊！做妈妈的都转过去看好自己的宝宝。不要给宝宝喝爽歪歪和有添加剂的牛奶饮料，告诉家里有小孩的朋友，刚看了新闻：可口可乐、爽歪歪。娃哈哈AD钙奶、多美滋、雅培、美汁源果粒奶优菠萝味的。都含有肉毒杆菌现在紧急召回。希望大家相互转告。                 ,是不实的消息，不要轻信！;你说那些不实就不实吧 我也是从微信@小猪尾巴的妈咪 里看到的。我发上来不也是因为我有妹妹 有侄子 就怕万一吗？而且乳制品的生产地也不是统一的。你如果觉得不实可以联系我 我把微博删除。举报我你觉得很牛？现在就这样我也是受害者好不好？ 还标注不能删除。你能标注多少个？为什么不去找源头？;回复@Meierstyle名品订制:请大家都帮忙转发一下。让更多的人看到。小孩太可怜了 基本上小孩都爱喝那些！;,2015/4/7 22:47,rumor
美蒂凯丝转妇幼保健院提示您，请不要给宝宝喝爽歪歪和有添加剂的牛奶饮料，告诉家里有小孩的朋友，刚看了新闻：旺仔牛奶。、可口可乐、爽歪歪。娃哈哈AD钙奶、多美滋、雅培、美汁源果粒奶优菠萝味的。都含有肉毒杆菌。现在紧急召回😱         望家长朋友们爱孩子 就别给他喝了！ 广州·南方茶叶市场（雄茂艺术馆）                 ,删了这条微博啦;回复@小猪尾巴的妈咪:唉。。多个心眼总是好的;回复@美蒂凯丝-香槟TM王桂玲:我原来也不信，今天看了一则新闻，娃哈哈已经上诉了;,2015/4/8 0:25,rumor
妇幼保健院提示您，请不要给宝宝喝爽歪歪和有添加剂的牛奶饮料，刚看了新闻：可口可乐、爽歪歪。娃哈哈AD钙奶、多美滋、雅培、美汁源都含有肉毒杆菌。现在紧急召回[尴尬]这个一定要转～疼爱孙子孙女的爷爷奶奶们，不要再给他们喝了，一点点都不行，你们不是在疼爱，而是在害他们。 东仓路                 ,回复@可口可乐微客服:哦，是吗？那就好;您好，谢谢您的关注。这是前年的旧闻。恒天然官方已澄清该事件实属虚惊，不存在安全问题。我们的产品是安全的，请您放心。http://t.cn/8FmoUVw;,2015/1/9 11:37,rumor
#脂肪粒消除# 妇幼保健院提示您，请不要给宝宝喝爽歪歪和有添加剂的牛奶饮料，告诉家里有小孩的朋友，刚看了新闻：旺仔牛奶、可口可乐、爽歪歪、娃哈哈AD钙奶、多美滋、美汁源果粒奶优菠萝味的都含有肉毒杆菌。现在紧急召回😱 望家长朋友们爱孩子 就别给他喝了！必须转！ 如意西路                 ,回复@小猪Q跳:不过不管真假，这些都还是少让孩子喝;谣言啦〜可百度下，娃哈哈都已起诉追究造谣者了;,2015/4/7 12:26,rumor
爱心传递： 东阳妇幼保健院提示您，请不要给宝宝喝爽歪歪和有添加剂的牛奶饮料，告诉家里有小孩的朋友，刚看了新闻：旺仔牛奶。可口可乐、爽歪歪。娃哈哈AD钙奶多美滋雅培美汁源果粒奶优菠萝味的。都含有肉毒杆菌。现在紧急召回😱           望家长朋友们爱孩子 就别给他喝了！ 135乡道                 ,,2015/4/7 15:38,rumor
妇幼保健院提示您，请不要给宝宝喝爽歪歪和有添加剂的牛奶饮料，告诉家里有小孩的朋友，刚看了新闻：旺仔牛奶。、可口可乐、爽歪歪。娃哈哈AD钙奶、多美滋、雅培、美汁源果粒奶优菠萝味的。都含有肉毒杆菌。现在紧急召回，这个一定要转哦，有的朋友还在继续买这些奶粉给孩子吃。                 ,回复@最最最爱锅包肉:现在中国食品安全不是一个极大的隐患吗，哪天新闻没有报道，那些部门还就是个摆设;一看就是假新闻，要是有毛病国家早就制止了，你当国家执法部门摆设啊;,2015/3/26 13:55,rumor
收到这样的短信，吓坏我了，到底还要啥东西是好吃的。妇幼保健院提示您，请不要给宝宝喝爽歪歪和有添加剂的牛奶饮料，告诉家里有小孩的朋友，旺仔牛奶、可口可乐、爽歪歪、娃哈哈AD钙奶、多美滋、雅培、美汁源果粒奶优菠萝味的。都含有肉毒杆菌。现在紧急召回。,回复@小猪Q跳:是吗？;谣言啦〜可百度下，娃哈哈都已起诉追究造谣者了;,2015/4/7 12:40,rumor
恐怖！😱妇幼保健院提示您：请不要给宝宝喝爽歪歪和有添加剂的牛奶饮料，告诉家里有小孩的朋友。刚看了新闻：旺仔牛奶、可口可乐、爽歪歪、娃哈哈AD钙奶、多美滋、雅培、美汁源果粒奶优菠萝味的。都含有肉毒杆菌。现在紧急召回，为了下一代健康，这个一定要转！癌症已经不是老年病啦！                 ,,2015/1/20 18:18,rumor
妇幼保健院提示您，请不要给宝宝喝爽歪歪和有添加剂的牛奶饮料，告诉家里有小孩的朋友，刚看了新闻：旺仔牛奶。、可口可乐、爽歪歪。娃哈哈AD钙奶、多美滋、美汁源果粒奶优菠萝味的。都含有肉毒杆菌。现在紧急召回😱望家长朋友们爱孩子，各位宝妈一定注意 http,,2015/4/7 17:07,rumor
一位中国游客在泰国旅游的时候，吃了很多榴莲之后又喝了牛奶，致咖啡因中毒血压飙升，结果引发心脏病猝死，年仅28岁，泰国有明确规定，食用大量榴莲后，8小时之内是不能饮奶类产品的！还有食用榴莲后不能喝酒！不能喝可乐，吃茄子！圈里爱吃榴莲的朋友，看到了就转发提醒一下! 让所有人都知道！,回复@李李李李李猴子__:那我给你注意着点;@張小詒愛吃魚 我爱吃榴莲;回复@李子璇_Diamond:;,2015/1/4 20:23,rumor
谁有兴趣领养狗，有罗威，金毛，德牧，贵宾等，在广州黄埔石溪市场有个杀狗场被捣毁（人道毁灭）。有几千只狗，无人领养就要安乐死了。有要领养的打这个电话13902861971.刘小姐，2014年11月20日截止，是免费领养的。如果您领养不了，就麻烦转发一下，救救可怜的狗狗！@柯基陈小糖 @猪猫可乐 @大胖大胖,已经入秋，在这个换季的季节，注意不要感冒了哦，我是美容讲师依依，只给爱美丽的你留言，问下您现在最想改善那什么肌肤问题呢？;真的？;打了很多个电话打不通哟;,2014/10/11 16:35,rumor
日本袖珍石猴寿命可达30年，成年后，和大可乐瓶差不多，性格温和，从小就养的话，会把主人当亲生父母一样。喜欢吃面包，蔬菜，水果。是中国唯一一种不受国家保护的动物，生命力强，听话，和小孩子一样，教什么会什么，行为举止和人非常相似，无异味是石猴最大的特点，和石猴一起睡觉也一点也不觉得脏。,,2013/12/27 15:49,rumor
吃榴莲后，喝可口可乐，毒过眼镜蛇！ 😱又一游客，客死泰国异乡！ 一位中国游客在泰国旅游的时候，吃了很多榴莲之后又喝了可乐，致咖啡因中毒血压飙升，结果引发心脏病猝死，年仅28岁，泰国有明确规定，食用大量榴莲后，8小时之内不能喝可口可乐！  转给你身边爱榴莲的朋友们@糖罐Zi_tian,,2013/8/21 18:09,rumor
一位中国游客在泰国旅游的时候，吃了很多榴莲之后又喝了可乐，致咖啡因中毒血压飙升，结果引发心脏病猝死，年仅28岁，泰国有明确规定，食用大量榴莲后，8小时之内是不能饮可口可乐的！                 ,,2013/8/27 23:42,rumor
[吃榴蓮之後，饮可口可乐，毒過眼鏡蛇] 又一游客--客死泰國异乡... 一位中国游客在泰国旅游的时候，吃了很多榴莲之后又喝了可乐，致咖啡因中毒血压飙升，结果引发心脏病猝死，年仅28岁，泰国有明确规定，食用大量榴莲后，8小时之内是不能饮可口可乐的！@apple烟火 @往事如烟TINA  @清泉的新窝,;;,2013/8/21 7:05,rumor
吃榴莲后，喝可口可乐，毒过眼镜蛇！ 又一游客，客死泰国异乡！ 一位中国游客在泰国旅游的时候，吃了很多榴莲之后又喝了可乐，致咖啡因中毒血压飙升，结果引发心脏病猝死，年仅28岁，泰国有明确规定，食用大量榴莲后，8小时之内不能喝可口可乐！ 圈里爱榴莲的朋友很多，发提醒一下 上海·上海迪士尼乐园,,2013/8/23 7:57,rumor
也许还有人不知道 ，榴莲榴莲害死人！ 吃榴莲后，喝可口可乐，毒过眼镜蛇！  一位中国游客在泰国旅游的时候，吃了很多榴莲之后又喝了可乐，致咖啡因中毒血压飙升，结果引发心脏病猝死，年仅28岁，泰国有明确规定，食用大量榴莲后，8小时之内不能喝可口可乐！ 有爱榴莲的朋友，请提醒一下!,,2013/8/21 19:24,rumor
喜欢吃榴莲的朋友快来看！！！ 太恐怖😰😰😰吃榴莲后，喝可口可乐，毒过眼镜蛇！ 又一游客，客死泰国异乡！ 一位中国游客在泰国旅游的时候，吃了很多榴莲之后又喝了可乐，致咖啡因中毒血压飙升，结果引发心脏病猝死，年仅28岁，泰国有明确规定，食用大量榴莲后，8小时之内不能喝可口可乐！ ,,2013/8/27 16:06,rumor
吃榴莲后，喝可口可乐，毒过眼镜蛇 又一游客，客死泰国异乡！ 一位中国游客在泰国旅游的时候，吃了很多榴莲之后又喝了可乐，致咖啡因中毒血压飙升，结果引发心脏病猝死，年仅28岁，泰国有明确规定，食用大量榴莲后，8小时之内不能喝可口可乐👼爱榴莲的你们@星de金币 @麦唛寿司瓜@Aya才思枯竭好自为之,,2013/8/20 18:53,rumor
吃榴莲后，喝可口可乐，毒过眼镜蛇！ 又一游客，客死泰国异乡！ 一位中国游客在泰国旅游的时候，吃了很多榴莲之后又喝了可乐，致咖啡因中毒血压飙升，结果引发心脏病猝死，年仅28岁，泰国有明确规定，食用大量榴莲后，8小时之内不能喝可口可乐！ @雨化天天 @婧婧的围脖 我在这里,回复@阿辉_ryan:不过估计最可能这么干的人是我，顺便自我提醒一下！;这个艾特的相当到位啊！哈哈。。。;,2013/8/20 10:33,rumor
吃榴莲后，喝可口可乐，毒过眼镜蛇！  一位中国游客在泰国旅游的时候，吃了很多榴莲之后又喝了可乐，致咖啡因中毒血压飙升，结果引发心脏病猝死，年仅28岁，泰国有明确规定，食用大量榴莲后，8小时之内不能喝可口可乐！ 爱榴莲的朋友很多，自己注意一下吧！                 ,,2013/8/21 4:31,rumor
吃榴莲后，喝可口可乐，毒过眼镜蛇！ 又一游客，客死泰国异乡！ 一位中国游客在泰国旅游的时候，吃了很多榴莲之后又喝了可乐，致咖啡因中毒血压飙升，结果引发心脏病猝死，年仅28岁，泰国有明确规定，食用大量榴莲后，8小时之内不能喝可口可乐！ 爱榴莲的小伙伴们，一定注意一下!@重庆嘿好吃 ,在邀请期间，请加紧入驻，邀请链接过期无效。现在入注还可以使用一键搬家服务，方便的整理分散在各个平台上的节目。邀请链接：http://t.cn/zQgqVNb;嘉恺你好，我是DJ晓禾，现在帮荔枝FM搜罗主播和节目，诚邀你携SOLO有声调频试用荔枝FM主播节目管理平台。平台向首批VIP开放，不对外注册，首批邀请进驻的主播可享受无限的储存空间，方便的把节目发布到PODCAST（稍后提供）、微博、微信公众号，真正做到一个平台上传，多个平台播放。;回复@DJ嘉恺:那你要注意;,2013/8/19 14:41,rumor
吃榴莲后，喝可口可乐，毒过眼镜蛇！ 又一游客，客死泰国异乡！ 一位中国游客在泰国旅游的时候，吃了很多榴莲之后又喝了可乐，致咖啡因中毒血压飙升，结果引发心脏病猝死，年仅28岁，泰国有明确规定，食用大量榴莲后，8小时之内不能喝可口可乐！！@迪拜人沫沫吐 [挖鼻屎] 我在,死不了，反正我不吃榴莲……;;,2013/8/23 14:19,rumor
饮可口可乐，毒過眼鏡蛇]，  一位中国游客在泰国旅游的时候，吃了很多榴莲之后又喝了可乐，致咖啡因中毒血压飙升，结果引发心脏病猝死，泰国有明确规定，食用大量榴莲后，8小时之内是不能饮可口可乐的！爱榴莲的朋友很多，看到了就转发提醒一下! 知道都转.让所有人都知道！                 ,回复@-小家偉:麻麻地啦，村长训后未;回复@好似系建军:榴莲好食哦;回复@__瑶瑶君:我也好想！！！！;,2013/8/6 8:11,rumor
看到~必须转！吃榴莲后，喝可口可乐，毒过眼镜蛇！第一次知道，给大家一个借鉴！   又一游客，客死泰国异乡！          一位中国游客在泰国旅游的时候，吃了很多榴莲之后又喝了可乐，致咖啡因中毒血压飙升，结果引发心脏病猝死，年仅28岁，泰国有明确规定，食用大量榴莲后，8小时之内不能喝可口可乐！,真的假的啊 刚回来 没听说啊;,2013/8/6 22:01,rumor
榴莲控亲们「吃榴蓮之後，饮可口可乐，毒過眼鏡蛇] 又一游客--客死泰國异乡... 一位中国游客在泰国旅游的时候，吃了很多榴莲之后又喝了可乐，致咖啡因中毒血压飙升，结果引发心脏病猝死，年仅28岁，泰国有明确规定，食用大量榴莲后，8小时之内是不能饮可口可乐的@xiaoma806 @锋婷风起 @花--束 @芸吞麵 ,回复@___Jacques:;为啥我看的版本是啤酒？;,2013/8/7 12:42,rumor
 又一游客，客死泰国异乡！          一位中国游客在泰国旅游的时候，吃了很多榴莲之后又喝了可乐，致咖啡因中毒血压飙升，结果引发心脏病猝死，年仅28岁，泰国有明确规定，食用大量榴莲后，8小时之内不能喝可口可乐！          圈里爱榴莲的朋友很多，提醒一下!  让所有人都知道！,,2013/8/6 16:36,rumor
@一东【吃榴蓮之後，饮可口可乐，毒過眼鏡蛇】又一游客客死泰國异乡. 一位中国游客在泰国旅游的时候，吃了很多榴莲之后又喝了可乐，致咖啡因中毒血压飙升，结果引发心脏病猝死，年仅28岁，泰国有明确规定，食用大量榴莲后，8小时之内是不能饮可口可乐的！ 另外提醒，吃榴莲别喝酒，当心送了命！,,2013/8/6 17:40,rumor
发表了博文 《榴莲与可乐》 - 爱吃榴莲的朋友请注意：太恐怖了！ [吃榴蓮之後，饮可口可乐，毒過眼鏡蛇] 又一游客--客死泰國异乡... 一位中国游客在泰国旅游的时候，吃了很多榴莲之后又喝了可乐，致咖 榴莲与可乐,,2013/8/6 16:09,rumor
吃榴蓮之後，饮可口可乐，毒過眼鏡蛇] 又一游客--客死泰國异乡... 一位中国游客在泰国旅游的时候，吃了很多榴莲之后又喝了可乐，致咖啡因中毒血压飙升，结果引发心脏病猝死，年仅28岁，泰国有明确规定，食用大量榴莲后，8小时之内是不能饮可口可乐的！这里爱榴莲的朋友很多，看到了就转发提醒一下                 ,@張志斌_myself;,2013/8/9 18:59,rumor
吃榴莲后，喝可口可乐，毒过眼镜蛇！ 又一游客，客死泰国异乡！ 一位中国游客在泰国旅游的时候，吃了很多榴莲之后又喝了可乐，致咖啡因中毒血压飙升，结果引发心脏病猝死，年仅28岁，泰国有明确规定，食用大量榴莲后，8小时之内不能喝可口可乐！@若旎旎旎旎旎 @秦思要加油 我们都爱吃榴莲...                 ,;,2013/8/9 17:23,rumor
爱吃榴莲的朋友请注意：太恐怖了！ [吃榴蓮 之後，饮可口可乐，毒過眼鏡蛇] 游客--客 死泰國异乡... 中国游客在泰国旅游，吃了很多榴莲之后又喝了可乐，致咖啡因中 毒血压飙升，结果引发心脏病猝死，年仅28岁 ，泰国有明确规定，食用大量榴莲后，8小时之 内是不能饮可口可乐的！,,2013/8/9 18:45,rumor
吃榴蓮後饮可口可乐，毒過眼鏡蛇一位中国游客在泰国旅游时，吃了很多榴莲后又喝了可乐，致咖啡因中毒血压飙升，结果引发心脏病猝死，年仅28岁泰国有明确规定，食用大量榴莲后，8小时之内是不能饮可口可乐的。爱榴莲的朋友很多，看到了就转发提醒一下! 夏季肠胃病高峰期，大家注意饮食                 ,@微博客服 此条微博是否能删除？;转发微博;@____LInY @小花兒是彭太 @Ps_Joey @肖肖木子 @错妹-小黑 @泰国产品代购-Ys珊 @珊张珊 注意饮食啊，肚子痛就吃喇叭牌整肠丸😁😁😁;,2013/8/8 19:44,rumor
爱吃榴莲的朋友请注意：[吃榴蓮之後，饮可口可乐，毒過眼鏡蛇] 一位中国游客在泰国旅游的时候，吃了很多榴莲之后又喝了可乐，致咖啡因中毒血压飙升，结果引发心脏病猝死，年仅28岁，泰国有明确规定，食用大量榴莲后，8小时之内是不能饮可口可乐的！爱榴莲的朋友很多，大家注意喽。                 ,回复@MissCoke_1886:噢，这样啊！;这是谣言，没有任何科学依据。造谣者把酒精变成了可乐，原文其实是2012年8月16日的新闻晨报微博：【榴莲配酒变夺命砒霜 致酒精中毒血压飙升】一位小伙子在泰国旅游的时候，吃了很多榴莲，之后又喝了酒，结果引发心脏病猝死，年仅28岁。泰国有明确规定，食用大量榴莲后，8小时之内是不能饮酒的。;,2013/8/2 16:28,rumor
【吃榴莲后千万别喝可乐！】吃榴莲后喝可乐，毒过眼镜蛇！ 又一游客，客死泰国异乡！ 一位中国游客在泰国旅游的时候，吃了很多榴莲之后又喝了可乐，致咖啡因中毒血压飙升，结果引发心脏病猝死，年仅28岁，泰国明确规定，食用大量榴莲后，8小时内不能喝可口可乐！ 转自网络                 ,回复@Thanatos_Wong:宜家连可乐都唔得！！;回覆@C-PuNcomeon:哈哈哈;回复@张_东兴:怎么可能〜〜!!!!!;,2013/8/5 18:41,rumor
吃榴莲后，喝可口可乐，毒过眼镜蛇！          又一游客，客死泰国异乡！  吃了很多榴莲之后又喝了可乐，致咖啡因中毒血压飙升，结果引发心脏病猝死，年仅28岁，泰国有明确规定，食用大量榴莲后，8小时之内不能喝可口可乐！爱榴莲的朋友，提醒一下! 我在,这是谣言，没有任何科学依据。造谣者把酒精变成了可乐，原文其实是2012年8月16日的新闻晨报微博：【榴莲配酒变夺命砒霜 致酒精中毒血压飙升】一位小伙子在泰国旅游的时候，吃了很多榴莲，之后又喝了酒，结果引发心脏病猝死，年仅28岁。泰国有明确规定，食用大量榴莲后，8小时之内是不能饮酒的。;幸亏我见榴莲犹如见毒蛇……;科普一下！吃榴莲不能吃可乐！;,2013/8/2 16:20,rumor
发表了博文 《2013年08月06日》 - 吃榴莲后，喝可口可乐，毒过眼镜蛇！ 又一游客，客死泰国异乡！ 一位中国游客在泰国旅游的时候，吃了很多榴莲之后又喝了可乐，致咖啡因中毒血压飙升，结果引发心脏病 2013年08月06日                 ,"假新闻. 其为去年饮酒后吃榴莲客死他乡的新闻改的, 但饮酒的新闻亦是假的. 双假新闻; 两个辟谣链接: http://t.cn/zQijF55 ///http://t.cn/zQSjXPG;",2013/8/6 9:18,rumor
【恐怖！吃榴蓮之后喝可口可乐，毒過眼鏡蛇】！一位中国游客在泰国旅游的时候，吃了很多榴莲之后又喝了可乐，致咖啡因中毒血压飙升，结果引发心脏病猝死，年仅28岁，泰国有明确规定，食用大量榴莲后，8小时之内是不能饮可口可乐的！为了您及家人的生命安全，请转发这条常识，让大家都知道就不会发生了,我想知道饮七喜有无事。。;回复@MissCoke_1886:好的 我也是在网上看到的 确实不一定对[呵呵];回复@今日吃啥:谢谢 指正，链接错了，不过确实有这条新闻;,2013/8/6 21:59,rumor
辟谣：关于【吃榴莲后，喝可口可乐，毒过眼镜蛇！】                 ,"这是谣言，没有任何科学依据。造谣者把酒精变成了可乐，原文是去年的新闻：【榴莲配酒变夺命砒霜 致酒精中毒血压飙升】一位小伙子在泰国旅游的时候，吃了很多榴莲，之后又喝了酒，结果引发心脏病猝死，年仅28岁。泰国有明确规定，食用大量榴莲后，8小时之内是不能饮酒的。http://t.cn/zQSCzDh;的确是假新闻. 其为去年饮酒后吃榴莲客死他乡的新闻改的, 但饮酒的新闻亦是假的. 双假新闻; 两个辟谣链接: http://t.cn/zQijF55 ///http://t.cn/zQSjXPG;@江宁公安在线;",2013/8/5 17:12,rumor
分享自朋友圈不知道真假，先发之：爱吃榴莲的朋友请注意：[吃榴蓮之後，饮可口可乐，毒過眼鏡蛇] 一位中国游客在泰国旅游的时候，吃了很多榴莲之后又喝了可乐，致咖啡因中毒血压飙升，结果引发心脏病猝死，年仅28岁，泰国有明确规定，食用大量榴莲后，8小时之内是不能饮可口可乐的！@从Caroline到Max ,回复@我是付有才:壮士走好;回复@从Caroline到Max:因为我也如此 榴莲配可乐 死而无憾啊;你怎知我又爱榴莲又爱可乐;,2013/8/9 0:01,rumor
吃榴蓮之後，饮可口可乐，毒過眼鏡蛇] 又一游客--客死泰國异乡... 一位中国游客在泰国旅游的时候，吃了很多榴莲之后又喝了可乐，致咖啡因中毒血压飙升，结果引发心脏病猝死，泰国有明确规定，食用大量榴莲后，8小时之内是不能饮可口可乐的！@日下西山月满西楼漫漫长夜难入眠 吃榴莲要记住了啊。,,2013/8/8 23:26,rumor
发表了博文 《吃榴莲注意事项》 - 吃榴莲后，喝可口可乐，毒过眼镜蛇！ 据报道最近又一游客，客死泰国异乡！ 一位中国游客在泰国旅游的时候，吃了很多榴莲之后又喝了可乐，致咖啡因中毒血压飙升，结果引发心脏 吃榴莲注意事项,,2013/8/8 21:58,rumor
吃榴蓮之後，饮可口可乐，毒過眼鏡蛇] 又一游客--客死泰國异乡.一位中国游客在泰国旅游的时候，吃了很多榴莲之后又喝了可乐，致咖啡因中毒血压飙升，结果引发心脏病猝死，泰国有明确规定，食用大量榴莲后，8小时之内是不能饮可口可乐的！@广东中山羊 @嚠先鉎 @3D小新 @mizi咪仔,,2013/8/8 0:49,rumor
吃榴莲后，喝可口可乐，毒过眼镜蛇！ 又一游客，客死泰国异乡！ 一位中国游客在泰国旅游的时候，吃了很多榴莲之后又喝了可乐，致咖啡因中毒血压飙升，结果引发心脏病猝死，年仅28岁，泰国有明确规定，食用大量榴莲后，8小时之内不能喝可口可乐！身边爱榴莲的朋友很多，转发提醒一下吧！@摩羯座小米唐,http://t.cn/zQOaS1k;;给个说法 @果壳网;,2013/8/8 13:01,rumor
吃榴蓮之後，饮可口可乐，毒過眼鏡蛇] 又一游客--客死泰國异乡... 一位中国游客在泰国旅游的时候，吃了很多榴莲之后又喝了可乐，致咖啡因中毒血压飙升，结果引发心脏病猝死，年仅28岁，泰国有明确规定，食用大量榴莲后，8小时之内是不能饮可口可乐的！@你若安息_便是晴天                 ,,2013/8/8 13:53,rumor
食用榴莲时，8小时内不能喝可口可乐。会导致咖啡因中毒  血压飙升  引发心脏病猝死。朋友们注意啦  转                 ,这是谣言，没有任何科学依据。造谣者把酒精变成了可乐，原文是去年的新闻：【榴莲配酒变夺命砒霜 致酒精中毒血压飙升】一位小伙子在泰国旅游的时候，吃了很多榴莲，之后又喝了酒，结果引发心脏病猝死，年仅28岁。泰国有明确规定，食用大量榴莲后，8小时之内是不能饮酒的。http://t.cn/zQSCzDh;,2013/8/6 23:00,rumor
@珊music 以后吃榴莲的人要小心啦 ..吃榴蓮之後，饮可口可乐，毒過眼鏡蛇。一位中国游客在泰国旅游的时候，吃了很多榴莲之后又喝了可乐，致咖啡因中毒血压飙升，结果引发心脏病猝死，食用大量榴莲后，8小时之内是不能饮可口可乐的！ 我在,回复@RandalZhao:原来是这样;这是谣言，没有任何科学依据。造谣者把酒精变成了可乐，原文是去年的新闻：【榴莲配酒变夺命砒霜 致酒精中毒血压飙升】一位小伙子在泰国旅游的时候，吃了很多榴莲，之后又喝了酒，结果引发心脏病猝死，年仅28岁。泰国有明确规定，食用大量榴莲后，8小时之内是不能饮酒的。http://t.cn/zQOaS1k;,2013/8/9 10:10,rumor
吃榴蓮之後，饮可口可乐，毒過眼鏡蛇] 又一游客--客死泰國异乡... 一位中国游客在泰国旅游的时候，吃了很多榴莲之后又喝了可乐，致咖啡因中毒血压飙升，结果引发心脏病猝死，年仅28岁，泰国有明确规定，食用大量榴莲后，8小时之内是不能饮可口可乐的！@爱笑的眼睛婷婷 @我是MT__2009 @口味虾爱臭豆腐                  ,这是谣言，没有任何科学依据。造谣者把酒精变成了可乐，原文是去年的新闻：【榴莲配酒变夺命砒霜 致酒精中毒血压飙升】一位小伙子在泰国旅游的时候，吃了很多榴莲，之后又喝了酒，结果引发心脏病猝死，年仅28岁。泰国有明确规定，食用大量榴莲后，8小时之内是不能饮酒的。http://t.cn/zQOaS1k;,2013/8/9 10:04,rumor
吃榴蓮之後，饮可口可乐，毒過眼鏡蛇！食用大量榴莲后，8小时之内是不能饮可口可乐的！吃了榴莲之后又喝可乐，会导致咖啡因中毒血压飙升，结果引发心脏病猝死！,回复@RandalZhao:;;这是谣言，没有任何科学依据。造谣者把酒精变成了可乐，原文是去年的新闻：【榴莲配酒变夺命砒霜 致酒精中毒血压飙升】一位小伙子在泰国旅游的时候，吃了很多榴莲，之后又喝了酒，结果引发心脏病猝死，年仅28岁。泰国有明确规定，食用大量榴莲后，8小时之内是不能饮酒的。http://t.cn/zQOaS1k;,2013/8/9 9:41,rumor
请紧急通知家人清理并转告亲友 - 各位朋友：中央电视台《焦点访谈》已经播出，务必把这条信息发给你知道的群。可口可乐承认旗下(果粒橙)含有美国禁用农药「多菌灵」，多菌灵可致脑麻痺、肝脏腫瘤等癌症。包括香港正在销售的（果粒橙），香港食环署 http,首先谢谢您对此事的关注。其实这是个去年的旧谣言。央视已澄清此事为蓄意造谣（http://t.cn/zjdTr1N ），面对子虚乌有的谣言小编实属无奈，希望您和您的好友能看到更多的辟谣实事：http://t.cn/zjuR8a6  谢谢了！;,2013/8/6 18:45,rumor
更新：可口可乐承认“果粒橙”含禁用农药多菌灵，上我查查黑榜了。 http,首先谢谢您对此事的关注。其实这是个去年的旧谣言。央视已澄清此事为蓄意造谣（http://t.cn/zjdTr1N ），面对子虚乌有的谣言小编实属无奈，希望您和您的好友能看到更多的辟谣实事：http://t.cn/zjuR8a6  谢谢了！;首先谢谢您对此事的关注。其实这是个去年的旧谣言。央视已澄清此事为蓄意造谣（http://t.cn/zjdTr1N ），面对子虚乌有的谣言小编实属无奈，希望您和您的好友能看到更多的辟谣实事：http://t.cn/zjuR8a6 谢谢了！;,2013/8/6 0:31,rumor
可口可乐承认旗下(果粒橙)含有美国禁用农药「多菌灵」，多菌灵可致脑麻痺、肝脏腫瘤等癌症。包括香港正在销售的（果粒橙），香港食环署正在了解此事件。 专家指出，（多菌灵）跟其他农药一样，对脑部影响最 ，可引致局部麻痹，并会导致癌症。不要给孩子们喝  我在,首先谢谢您对此事的关注。其实这是个去年的旧谣言。央视已澄清此事为蓄意造谣（http://t.cn/zjdTr1N ），面对子虚乌有的谣言小编实属无奈，希望您和您的好友能看到更多的辟谣实事：http://t.cn/zjuR8a6  谢谢了！;回复@心想是程_:首先谢谢您对此事的关注。其实这是个去年的旧谣言。央视已澄清此事为蓄意造谣（http://t.cn/zjdTr1N ），面对子虚乌有的谣言小编实属无奈，希望您和您的好友能看到更多的辟谣实事：http://t.cn/zjuR8a6  谢谢了！;我怎么不知道;,2013/8/4 22:49,rumor
发表了博文 《请紧急通知家人清理并转告亲友》 - 各位朋友：中央电视台《焦点访谈》已经播出，务必把这条信息发给你知道的群。 可口可乐承认旗下(果粒橙)含有美国禁用农药「多菌灵」，多菌灵可致脑麻痺、肝脏 请紧急通知家人清理并转告亲友,首先谢谢您对此事的关注。其实这是个去年的旧谣言。央视已澄清此事为蓄意造谣（http://t.cn/zjdTr1N ），面对子虚乌有的谣言小编实属无奈，希望您和您的好友能看到更多的辟谣实事：http://t.cn/zjuR8a6  谢谢了！;,2013/8/4 12:47,rumor
          可口可乐承认旗下(果粒橙)含有美国禁用农药「多菌灵」，多菌灵可致脑麻痺、肝脏腫瘤等癌症。包括香港正在销售的（果粒橙），香港食环署正在了解此事件                       我在,首先谢谢您对此事的关注。其实这是个去年的旧谣言。央视已澄清此事为蓄意造谣（http://t.cn/zjdTr1N ），面对子虚乌有的谣言小编实属无奈，希望您和您的好友能看到更多的辟谣实事：http://t.cn/zjuR8a6  谢谢了！;,2013/8/1 11:04,rumor
【可口可乐：已正式向公安机关报案_网易女人】不少网民在微博，微信和QQ群上同时收到这样骇人听闻的诽谤信息：称中央电视台《焦点访谈》已经播出，可口可乐承认旗下(果粒橙)含有美国禁用农药「多菌灵」，并告诫... http,首先谢谢您对此事的关注。其实这是个去年的旧谣言。央视已澄清此事为蓄意造谣（http://t.cn/zjdTr1N ），面对子虚乌有的谣言小编实属无奈，希望您和您的好友能看到更多的辟谣实事：http://t.cn/zjuR8a6 谢谢了！;,2013/7/29 7:09,rumor
中央电视台《焦点访谈》播出，让众人所知口可乐承认旗下(果粒橙)含有美国禁用农药「多菌灵」，多菌灵可致脑麻痺、肝脏腫瘤等癌症。包括香港正在销售的（果粒橙），香港食环署正在了解此事件。专家指出，（多菌灵）跟其他农药一样，对脑部影响最大，可引致局部麻痹，并会导致癌症不要给孩子们喝这种饮 ,转发微博;首先谢谢您对此事的关注。其实这是个去年的旧谣言。央视已澄清此事为蓄意造谣（http://t.cn/zjdTr1N ），面对子虚乌有的谣言小编实属无奈，希望您和您的好友能看到更多的辟谣实事：http://t.cn/zjuR8a6  谢谢了！;,2013/7/25 0:20,rumor
给孩子下毒！！   速转！           中央电视台《焦点访谈》已经播出           可口可乐承认旗下(果粒橙)含有美国禁用农药「多菌灵」，多菌灵可致脑麻痺、肝脏腫瘤等癌症。包括香港正在销售的（果粒橙           专家指出，（多菌灵）跟其他农药一样，对脑部影响最大，可引致局部麻痹，并会导致癌症。,,2013/7/19 22:09,rumor
各位朋友：中央电视台《焦点访谈》已经播出，务必把这条信息发给你知道的群。 可口可乐承认旗下(果粒橙)含有美国禁用农药「多菌灵」，多菌灵可致脑麻痺、肝脏腫瘤等癌症。包括香港正在销售的（果粒橙），香港食环署正在了解此事件。,,2013/7/13 21:08,rumor
焦点访谈》已经播出，务必把这条信息发给你知道的群。 可口可乐承认旗下(果粒橙)含有美国禁用农药「多菌灵」，多菌灵可致脑麻痺、肝脏腫瘤等癌症。包括香港正在销售的（果粒橙），香港食环署正在了解此事件。 专家指出，（多菌灵）跟其他农药一样，对脑部影响最大，可引致局部麻痹，并会导致癌症。,首先谢谢您对此事的关注。其实这是个去年的旧谣言。央视已澄清此事为蓄意造谣（http://t.cn/zjdTr1N ），面对子虚乌有的谣言小编实属无奈，希望您和您的好友能看到更多的辟谣实事：http://t.cn/zjuR8a6  谢谢了！;,2013/7/23 0:03,rumor
各位朋友：中央电视台《焦点访谈》已经播出，务必把这条信息发给你知道的群。 可口可乐承认旗下(果粒橙)含有美国禁用农药「多菌灵」，多菌灵可致脑麻痺、肝脏腫瘤等癌症。包括香港正在销售的（...文字版>> http,首先谢谢您对此事的关注。其实这是个去年的旧谣言。央视已澄清此事为蓄意造谣（http://t.cn/zjdTr1N ），面对子虚乌有的谣言小编实属无奈，希望您和您的好友能看到更多的辟谣实事：http://t.cn/zjuR8a6  谢谢了！;,2013/7/28 21:03,rumor
十万火急！ 速转！各位朋友：中央电视台《焦点访谈》已经播出，可口可乐承认旗下(果粒橙)含有美国禁用农药「多菌灵」，多菌灵可致脑麻痺、肝脏腫瘤等癌症。香港食环署正在了解此事件。（多菌灵）跟其他农药一样，对脑部影响最大，可引致局部麻痹，并会导致癌症。 我在,回复@可口可乐微客服:;首先谢谢您对此事的关注。其实这是个去年的旧谣言。央视已澄清此事为蓄意造谣（http://t.cn/zjdTr1N ），面对子虚乌有的谣言小编实属无奈，希望您和您的好友能看到更多的辟谣实事：http://t.cn/zjuR8a6  谢谢了！;,2013/7/26 7:54,rumor
各位朋友：中央电视台《焦点访谈》已经播出，务必把这条信息发给你知道的群。 可口可乐承认旗下(果粒橙)含有美国禁用农药「多菌灵」，多菌灵可致脑麻痺、肝脏腫瘤等癌症。包括香港正在销售的（果粒橙），13种有毒胶囊药品是： 脑康泰胶囊、愈伤灵胶囊、盆炎净胶囊、苍耳子鼻炎胶囊、通便灵胶囊、……                 ,首先谢谢您对此事的关注。其实这是个去年的旧谣言。央视已澄清此事为蓄意造谣（http://t.cn/zjdTr1N ），面对子虚乌有的谣言小编实属无奈，希望您和您的好友能看到更多的辟谣实事：http://t.cn/zjuR8a6  谢谢了！;首先谢谢您对此事的关注。其实这是个去年的旧谣言。央视已澄清此事为蓄意造谣（http://t.cn/zjdTr1N ），面对子虚乌有的谣言小编实属无奈，希望您和您的好友能看到更多的辟谣实事：http://t.cn/zjuR8a6  谢谢了！;,2013/8/5 20:11,rumor
给孩子下毒！  求扩散！ 中央电视台《焦点访谈》已经播出，可口可乐承认旗下(果粒橙)含有美国禁用农药「多菌灵」，多菌灵可致脑麻痺、肝脏腫瘤等癌症。包括香港正在销售的（果粒橙），香港食环署正在了解此事件。           专家指出，（多菌灵）对脑部影响最大，可引致局部麻痹，并会导致癌症。,,2013/7/29 14:14,rumor
中央电视台《焦点访谈》已经播 出，可口可乐承认旗下(果粒橙)含有美国禁用农药「多菌灵」，多菌灵可致脑麻痺、肝脏腫瘤等癌症。包括香港正在销售的（果粒），香港食环署正在了解此事件。 专家指出，（多菌灵）跟其他农药一样，对脑部影响最大，可引致局部麻痹，并会导致癌症。 南昌·九里象湖城,首先谢谢您对此事的关注。其实这是个去年的旧谣言。央视已澄清此事为蓄意造谣（http://t.cn/zjdTr1N ），面对子虚乌有的谣言小编实属无奈，希望您和您的好友能看到更多的辟谣实事：http://t.cn/zjuR8a6  谢谢了！;回复@小冬小冬小冬冬:[呵呵];回复@酒悟人生:好习惯！;,2013/7/17 14:40,rumor
各位朋友：中央电视台《焦点访谈》已经播出，可口可乐承认旗下(果粒橙)含有美国禁用农药「多菌灵」，多菌灵可致脑麻痺、肝脏腫瘤等癌症。专家指出，（多菌灵）跟其他农药一样，对脑部影响最大，可引致局部麻痹，并会导致癌症。            ——请火速转给你朋友！ 我在,首先谢谢您对此事的关注。其实这是个去年的旧谣言。央视已澄清此事为蓄意造谣（http://t.cn/zjdTr1N ），面对子虚乌有的谣言小编实属无奈，希望您和您的好友能看到更多的辟谣实事：http://t.cn/zjuR8a6 谢谢了！;,2013/7/12 12:37,rumor
焦点访谈播出，可口可乐承认旗下果粒橙含有美国禁用农药「多菌灵，多菌灵可致脑麻痺、肝脏腫瘤等癌症。包括香港正在销售的果粒橙，香港食环署正了解此事。多菌灵对脑部影响最大，可引致局部麻痹，并会导致癌症。请速转给你在乎的朋友，别识孩子喝这种饮料。速转！ 我在,首先谢谢您对此事的关注。其实这是个去年的旧谣言。央视已澄清此事为蓄意造谣（http://t.cn/zjdTr1N ），面对子虚乌有的谣言小编实属无奈，希望您和您的好友能看到更多的辟谣实事：http://t.cn/zjuR8a6  谢谢了！;,2013/7/12 11:17,rumor
给孩子下毒！！！ 速转！十万火急！！！ 求扩散    292262212  中央电视台《焦点访谈》已经播出，可口可乐承认旗下(果粒橙)含有美国禁用农药「多菌灵」，多菌灵可致脑麻痺、肝脏腫瘤等癌症。专家指出，（多菌灵）跟其他农药一样，对脑部影响最大，可引致局部麻痹，并会导致癌症。     ,首先谢谢您对此事的关注。其实这是个去年的旧谣言。央视已澄清此事为蓄意造谣（http://t.cn/zjdTr1N ），面对子虚乌有的谣言小编实属无奈，希望您和您的好友能看到更多的辟谣实事：http://t.cn/zjuR8a6 谢谢了！;,2013/7/11 15:07,rumor
中央电视台《焦点访谈》已经播出，务必把这条信息发给你的朋友圈，让众人所知，可口可乐承认旗下(果粒橙)含有美国禁用农药「多菌灵」，多菌灵可致脑麻痺、肝脏腫瘤等癌症。包括香港正在销售的（果粒橙），专家指出，（多菌灵）跟其他农药一样，对脑部影响最大，可引致局部麻痹，并会导致癌症。,首先谢谢您对此事的关注。其实这是个去年的旧谣言。央视已澄清此事为蓄意造谣（http://t.cn/zjdTr1N ），面对子虚乌有的谣言小编实属无奈，希望您和您的好友能看到更多的辟谣实事：http://t.cn/zjuR8a6  谢谢了！;,2013/7/6 14:17,rumor
《焦点访谈》已经播出，务必让众人所知。 可口可乐旗下(果粒橙)含有美国禁用农药「多菌灵」，多菌灵可致脑麻痺、肝脏腫瘤等癌症。包括香港正在销售的（果粒橙），香港食环署正在了解此事件。专家指出，（多菌灵）跟其他农药一样，对脑部影响最大，可引致局部麻痹，并会导致,首先谢谢您对此事的关注。其实这是个去年的旧谣言。央视已澄清此事为蓄意造谣（http://t.cn/zjdTr1N ），面对子虚乌有的谣言小编实属无奈，希望您和您的好友能看到更多的辟谣实事：http://t.cn/zjuR8a6  谢谢了！;,2013/7/5 16:51,rumor
各位朋友：中央电视台《焦点访谈》已经播出务必把这条信息发给你的朋友圈让众人所知可口可乐承认旗下(果粒橙)含有美国禁用农药「多菌灵」多菌灵可致局部麻痺肝脏腫瘤等癌症包括香港正在销售的（果粒橙）香港食环署正在了解此事件专家指出。 ——请火速转给你在乎的朋友，不要给孩子们喝这种饮料。,首先谢谢您对此事的关注。其实这是个去年的旧谣言。央视已澄清此事为蓄意造谣（http://t.cn/zjdTr1N ），面对子虚乌有的谣言小编实属无奈，希望您和您的好友能看到更多的辟谣实事：http://t.cn/zjuR8a6  谢谢了！;,2013/7/5 13:56,rumor
是朋友发给我的，请参考，还是少给孩子喝饮料比较安全！！！    各位朋友：中央电视台《焦点访谈》已经播出，务必把这条信息发给你知道的群。 可口可乐承认旗下(果粒橙)含有美国禁用农药「多菌灵」，多菌灵可致脑麻痺、肝脏腫瘤等癌症。 我在,首先谢谢您对此事的关注。其实这是个去年的旧谣言。央视已澄清此事为蓄意造谣（http://t.cn/zjdTr1N ），面对子虚乌有的谣言小编实属无奈，希望您和您的好友能看到更多的辟谣实事：http://t.cn/zjuR8a6  谢谢了！;首先谢谢您对此事的关注。其实这是个去年的旧谣言。央视已澄清此事为蓄意造谣（http://t.cn/zjdTr1N ），面对子虚乌有的谣言小编实属无奈，希望您和您的好友能看到更多的辟谣实事：http://t.cn/zjuR8a6  谢谢了！;,2013/7/5 15:04,rumor
中央电视台《焦点访谈》已经播出，可口可乐承认旗下(果粒橙)含有美国禁用药「多菌灵」，多菌灵可致脑麻痺、肝脏腫瘤等癌症。包括香港正在销售的（果粒橙），香港食环署正在了解此事， 专家指出多菌灵跟其他农药一样，对脑部影响最大，可引致局部麻痹，并会导致癌,首先谢谢您对此事的关注。其实这是个去年的旧谣言。央视已澄清此事为蓄意造谣（http://t.cn/zjdTr1N ），面对子虚乌有的谣言小编实属无奈，希望您和您的好友能看到更多的辟谣实事：http://t.cn/zjuR8a6  谢谢了！;,2013/7/3 14:53,rumor
中央电视台《焦点访谈》已经播出，可口可乐承认旗下(果粒橙)含有美国禁用农药（多菌灵），多菌灵可致脑麻痺、肝脏腫瘤等癌症。包括香港正在销售的（果粒橙），香港食环署正在了解此事件。（多菌灵）跟其他农药一样，对脑部影响最大，可引致局部麻痹，并会导致癌症。请不要给孩子们喝这种饮料。,首先谢谢您对此事的关注。其实这是个去年的旧谣言。央视已澄清此事为蓄意造谣（http://t.cn/zjdTr1N ），面对子虚乌有的谣言小编实属无奈，希望您和您的好友能看到更多的辟谣实事：http://t.cn/zjuR8a6  谢谢了！;,2013/6/30 10:22,rumor
《焦点访谈》已经播出，务必把这条信息发给你的朋友圈，让众人所知可口可乐承认旗下(果粒橙)含有美国禁用农药「多菌灵」，多菌灵可致脑麻痺、肝脏腫瘤等癌症。包括香港正在销售的（果粒橙），香港食环署正在了解 专家指出，（多菌灵）跟其他农药一样，对脑部影响最大，可引致局部麻痹，并会导癌症,首先谢谢您对此事的关注。其实这是个去年的旧谣言。央视已澄清此事为蓄意造谣（http://t.cn/zjdTr1N ），面对子虚乌有的谣言小编实属无奈，希望您和您的好友能看到更多的辟谣实事：http://t.cn/zjuR8a6 谢谢了！;,2013/7/2 10:02,rumor
[求证实]  央视《焦点访谈》已经播出， 可口可乐承认旗下(果粒橙)含有美国禁用农药「多菌灵」，多菌灵可致脑麻痺、肝脏腫瘤等癌症。包括香港正在销售的（果粒橙），香港食环署正在了解此事件。专家指出，（多菌灵）跟其他农药一样，对脑部影响最大，可引致局部麻痹，引发癌症。@福州情报站 @时代报 ,;,2013/7/1 8:01,rumor
焦点访谈已经播出            可口可乐承认旗下(果粒橙)含有美国禁用农药「多菌灵」，多菌灵可致脑麻痺、肝脏腫瘤等癌症。包括香港正在销售的（果粒橙），香港食环署正在了解此事件。                ——请火速转给你在乎的朋友，不要给孩子们喝这种饮料。 我在这里,回复@可口可乐微客服:哦，原来如此，受教了;首先谢谢您对此事的关注。其实这是个去年的旧谣言。央视已澄清此事为蓄意造谣（http://t.cn/zjdTr1N ），面对子虚乌有的谣言小编实属无奈，希望您和您的好友能看到更多的辟谣实事：http://t.cn/zjuR8a6  谢谢了！;,2013/6/29 11:48,rumor
发表了博文 《不要给孩子们喝果粒橙》 -  不要给孩子们喝果粒橙   中央电视台《焦点访谈》已经播出，务必把这条信息发给你知道的群。可口可乐承认旗下(果粒橙)含有美国禁用农药「多菌灵」，多菌灵可致脑麻 http,首先谢谢您对此事的关注。其实这是个去年的旧谣言。央视已澄清此事为蓄意造谣（http://t.cn/zjdTr1N ），面对子虚乌有的谣言小编实属无奈，希望您和您的好友能看到更多的辟谣实事：http://t.cn/zjuR8a6  谢谢了！;,2013/6/16 9:24,rumor
 @李律峣 @丸子-五月 @lkkzy @豆豆少爷520 中央电视台《焦点访谈》已经播出， 可口可乐承认旗下(果粒橙)含有美国禁用农药「多菌灵」，多菌灵可致脑麻痺、肝脏腫瘤等癌症。   专家指出，（多菌灵）跟其他农药一样，对脑部影响最大，可引致局部麻痹，并会导致癌症。   请大家不要给孩子们喝这种饮料。,,2013/6/14 22:42,rumor
中央电视台《焦点访谈》已经播出可口可乐承认旗下(果粒橙)含有美国禁用农药「多菌灵」，多菌灵可致脑麻痺、肝脏腫瘤等癌症。包括香港正在销售的（果粒橙），香港食环署正在了解此事件。 专家指出，（多菌灵）跟其他农药一样，对脑部影响最大，可引致局部麻痹，并会导致癌症。 —请火速转给你在乎的朋友,,2013/5/23 18:35,rumor
各位朋友：中央电视台《焦点访谈》已经播出， 可口可乐承认旗下(果粒橙)含有美国禁用农药「多菌灵」，多菌灵可致脑麻痺、肝脏腫瘤等癌症。包括香港正在销售的（果粒橙），香港食环署 专家指出（多菌灵），跟其他农药一样，对脑部影响最大，可引致局部麻痹并导致癌症，慢性服毒藥的可怕你們認識後果嗎?                 ,,2013/5/22 3:32,rumor
中央电视台《焦点访谈》已经播出， 可口可乐承认旗下(果粒橙)含有美国禁用农药「多菌灵」，多菌灵可致脑麻痺、肝脏腫瘤等癌症。包括香港正在销售的（果粒橙），香港食环署正在了解此事件。 专家指出，（多菌灵）跟其他农药一样，对脑部影响最大，可引致局部麻痹，并会导致癌症。@妖精麻马 @名名_shang,回复@OudiX:首先谢谢您对此事的关注。其实这是个去年的旧谣言。央视已澄清此事为蓄意造谣（http://t.cn/zjdTr1N ），面对子虚乌有的谣言小编实属无奈，希望您和您的好友能看到更多的辟谣实事：http://t.cn/zjuR8a6 谢谢了！;传播不实新闻;首先谢谢您对此事的关注。其实这是个去年的旧谣言。央视已澄清此事为蓄意造谣（http://t.cn/zjdTr1N ），面对子虚乌有的谣言小编实属无奈，希望您和您的好友能看到更多的辟谣实事：http://t.cn/zjuR8a6 谢谢了！;,2013/5/9 18:29,rumor
帮忙转发一下，一位叫徐敬的女孩，21岁，请速回雅安水城县人民医院，妈妈伤的很严重，想见她最后一面，爸爸号码：15193383486，爱心接力，好人有好报@寵愛雪雪 @边边围起走 @CD_汪汪 @曾美娟 @成都老牛奶 @geniuskinki @Ivan珂 @躱_貓貓玩微博 @Panda欧 @小V爱小小V @8可乐乖乖8,回复@成都老牛奶:不知道，就是删不掉;回复@妹子馨:病毒啊？;回复@成都老牛奶:没法删…;,2013/4/20 12:42,rumor
各位朋友：中央电视台《焦点访谈》已经播出，务必把这条信息发给你知道的群。 可口可乐承认旗下(果粒橙)含有美国禁用农药「多菌灵」，多菌灵可致脑麻痺、肝脏腫瘤等癌症。包括香港正在销售的（果粒橙），香港食环署正在了解此事件。  ——请火速转给你在乎的朋友，不要给孩子们喝这种饮料。,,2013/3/14 18:02,rumor
"今年3.15又有17种“问题食品”曝光，包括兰州拉面,砂锅粥‘加料’致癌,来伊份,立顿茶,太子了奶粉,星巴克冰乐,东北饺子参老鼠肉,蛋黄派和榴莲酥,统一奶茶,蛇果上蜡,可乐,费列巧克力有‘活蛀虫’,乳鸽,人造鸡蛋,绝育黄瓜,果粒橙!这是在服毒吗？都是常见的常吃的 !下面有图有真相!————我要哭了",回复@伊萌爱美食:嗯，抓紧去办呢;回复@叼着奶嘴遛达:;回复@伊萌爱美食:咋了咋了，我月底去啊 月底机票便宜;,2013/3/15 9:08,rumor
"#新闻爆料#太可怕了，今年3.15又有17种“问题食品”曝光：1兰州拉面，2砂锅粥‘加料’致癌，3来伊份，4立顿茶，5太子了奶粉，6星巴克冰乐，7东北饺子参老鼠肉，8蛋黄派和榴莲酥，9蒙牛,10统一奶茶,11蛇果上蜡,12可乐,13费列巧克力有‘活蛀虫’,14烧烤,15人造鸡蛋,16绝育黄瓜,17果粒橙！这是在服毒吗？                 ",兰州拉面怎么了啊;兰州拉面是我的食堂啊。;,2013/3/14 7:31,rumor
【明日又是3.15】 谁为百姓食品安全把关？！又分别曝光的上海来伊份、兰州牛肉拉面、可口可乐、方便面、火腿肠等等十多种食品中高含致癌物质。吃客们，闭嘴吧，别再花钱买癌了！！！！                 ,,2013/3/14 14:41,rumor
各位朋友：中央电视台《焦点访谈》已经播出， 可口可乐承认旗下(果粒橙)含有美国禁用农药「多菌灵」，可致脑麻痺、肝脏腫瘤等癌症。包括香港正在销售的，香港食环署正在了解此事件。 专家指出，（多菌灵）跟其他农药一样，对脑部影响最大可引致局部麻痹，并会导致癌症。 @其實我是個演員007,您好，谢谢您的关注。这条消息是去年的谣言。央视已澄清此事为蓄意造谣（http://t.cn/zjukD5m ）。为了对广大消费者负责，可口可乐已针对该起恶性网络谣言攻击拿起法律武器来维护中国的良性商业环境。（http://t.cn/zjuR8a6），也恳请您不信谣，不传谣。[呵呵];,2013/3/13 21:35,rumor
今年有17种“问题食品”曝光：1兰州拉面，2砂锅粥‘加料’致癌，3来伊份，4立顿茶，5太子了奶粉，6星巴克冰乐，7东北饺子参老鼠肉，8蛋黄派和榴莲酥，9蒙牛，10统一奶茶，11蛇果上蜡，12可乐，13费列巧克力有‘活蛀虫’，14烧烤，15人造鸡蛋，16绝育黄瓜，17果粒橙！这是在服毒吗 厦门·集美大学体育学院,回复@韩泽_:无语。;回复@xxxxxx清土2:;回复@韩泽_:不懂。;,2013/3/13 19:22,rumor
今年3.15又有17 种“问题食品”曝光： 1兰州拉面2砂锅 粥‘加料’致癌3来伊 份4立顿茶5太子了奶粉6星巴克冰乐7东北饺子参老 鼠肉，8蛋黄派和榴莲酥，9蒙 牛10统一奶茶11蛇果上蜡 12可乐13费列巧克力有‘活蛀虫’14烧烤15人造鸡蛋16绝育黄瓜17果粒橙！这是 在服毒吗？（@杯酒论道）,,2013/3/13 12:42,rumor
中央电视台《焦点访谈》已经播出，务必把这条信息发给你知道的群。 可口可乐承认旗下(果粒橙)含有美国禁用农药「多菌灵」，多菌灵可致脑麻痺、肝脏腫瘤等癌症。包括香港正在销售的（果粒橙），香港食环署正在了解此事件。 md我以前就喜欢喝这个，怪不得我肝大脾虚浑身无缚鸡之力啊,回复@可口可乐微客服:那就好，希望继续保持品质！;回复@张依若:从微信新闻看来的...;恳请您不信谣，不传谣;,2013/3/13 6:26,rumor
中央电视台《焦点访谈》已经播出，务必把这条信息发给你知道的群。 可口可乐承认旗下(果粒橙)含有美国禁用农药「多菌灵」，多菌灵可致脑麻痺、肝脏腫瘤等癌症。专家指出，（多菌灵）跟其他农药一样，对脑部影响最大，可引致局部麻痹，并会导致癌症。,您好，谢谢您的关注。这条消息是去年的谣言。央视已澄清此事为蓄意造谣（http://t.cn/zjukD5m ）。为了对广大消费者负责，可口可乐已针对该起恶性网络谣言攻击拿起法律武器来维护中国的良性商业环境。（http://t.cn/zjuR8a6），也恳请您不信谣，不传谣。[呵呵];,2013/3/13 6:28,rumor
快快转发！中央台《焦点访谈》已经播出， 可口可乐承认旗下(果粒橙)含有美国禁用农药「多菌灵」，多菌灵可致脑麻痺、肝脏腫瘤等癌症。包括香港正在销售的（果粒橙）。专家指出（多菌灵）跟其他农药一样，对脑部影响最大，可引致局部麻痹，并会导致癌症。 ——请火速转给朋友，不要给孩子们喝这种饮料。,,2013/3/13 7:43,rumor
[3.15最新报告]又有17种“问题食品”曝光：1兰州拉面，2砂锅粥‘加料’致癌，3来伊份，4立顿茶，5太子了奶粉，6星巴克冰乐，7东北饺子参老鼠肉，8蛋黄派和榴莲酥，9蒙牛，10统一奶茶，11蛇果上蜡，12可乐，13费列巧克力有‘活蛀虫’，14烧烤，15人造鸡蛋，16绝育黄瓜，17果粒橙 苏州·白塘生态植物园,回复@可口可乐微客服:不好意思，原文不是我写的，我只是从搜狐新闻复制过来的;您好，这条消息是一个彻头彻尾的谣言。央视根本没有过报道（http://t.cn/zjukD5m ）。我们也已经针对这个网络谣言拿起了法律武器。（http://t.cn/zjuR8a6），也恳请您不信谣，不传谣。[呵呵];,2013/3/13 10:53,rumor
中央电视台《焦点访谈》已经播出，务必把这条信息发给你知道的群。 可口可乐承认旗下(果粒橙)含有美国禁用农药「多菌灵」，多菌灵可致脑麻痺、肝脏腫瘤等癌症。 专家指出，（多菌灵）跟其他农药一样，对脑部影响最大，可引致局部麻痹，请火速转给你在乎的朋友，不要给孩子们喝这种饮料。,您好，谢谢您的关注。这条消息是去年的谣言。央视已澄清此事为蓄意造谣（http://t.cn/zjukD5m ）。为了对广大消费者负责，可口可乐已针对该起恶性网络谣言攻击拿起法律武器来维护中国的良性商业环境。（http://t.cn/zjuR8a6），也恳请您不信谣，不传谣。;,2013/3/12 22:01,rumor
快转发，急！中央电视台《焦点访谈》已经播出， 可口可乐承认旗下(果粒橙)含有美国禁用农药多菌灵，多菌灵可致脑麻痺、肝脏腫瘤等癌症。香港食环署正在了解此事件。 专家指出，（多菌灵）跟其他农药一样，对脑部影响最大，可引致局部麻痹，并会导致癌症。 请不要给孩子们喝这种饮料。,,2013/3/13 9:37,rumor
"今年3.15又有17种产品“曝光""1、兰州拉面，2、砂锅粥‘加料’致癌，3、来伊份，4、立顿茶，5、太子了奶粉，6、星巴克冰乐，7、东北饺子参老鼠肉，8、蛋黄派和榴莲酥，9、蒙牛，10、统一奶茶，11、蛇果上蜡，12、可乐，13、费列巧克力有‘活蛀虫’，14、烧烤，15、人造鸡蛋，16 http",,2013/3/12 16:37,rumor
中央电视台《焦点访谈》已经播出： 可口可乐承认旗下(果粒橙)含有美国禁用农药「多菌灵」，多菌灵可致脑麻痺、肝脏腫瘤等癌症。包括香港正在销售的（果粒橙），香港食环署正在了解此事件。 专家指出，（多菌灵）跟其他农药一样，对脑部影响最大，可引致局部麻痹，并会导致癌症，特别对孩子危害最大。,亲爱的消费者，央视已澄清此事为蓄意造谣（http://t.cn/zjukD5m ）。为了对广大消费者负责，可口可乐已针对该起恶性网络谣言攻击拿起法律武器来维护中国的良性商业环境。（http://t.cn/zjuR8a6），也希望您删除谣言和我们一起不信谣，不传谣。[呵呵];,2013/3/12 14:32,rumor
中央台《焦点访谈》已播出，可口可乐承认旗下(果粒橙)含有美国禁用农药「多菌灵」，可致脑麻痺、肝脏腫瘤等癌症。包括香港正在销售的果粒橙，香港食环署正在了解此事件。专家指出多菌灵跟其他农药一样，对脑部影响最大，可引致局部麻痹，并会导致癌症。 请火速转给你的朋友，不要给孩子喝这种饮料。,,2013/3/12 15:12,rumor
各位朋友：中央电视台《焦点访谈》已经播出，务必把这条信息发给你知道的群。 可口可乐承认旗下(果粒橙)含有美国禁用农药「多菌灵」，多菌灵可致脑麻痺、肝脏腫瘤等癌症。包括香港正在销售的（果粒橙），香港食环署正在了解此事件。 专家指出，（多菌灵）跟其他农药一样，对脑部影响最大，引起麻痹,转发微博;转发微博;亲爱的消费者，央视已澄清此事为蓄意造谣（http://t.cn/zjukD5m ）。为了对广大消费者负责，可口可乐已针对该起恶性网络谣言攻击拿起法律武器来维护中国的良性商业环境。（http://t.cn/zjuR8a6），也希望您删除谣言和我们一起不信谣，不传谣。[呵呵];,2013/3/12 9:05,rumor
今年的食品问题：1兰州拉面，2砂锅粥‘加料’致癌，3来伊份，4立顿茶，5太子了奶粉，6星巴克冰乐，7东北饺子参老鼠肉，8蛋黄派和榴莲酥，9蒙牛，10统一奶茶，11蛇果上蜡，12可乐，13费列巧克力有‘活蛀虫’，14烧烤，15人造鸡蛋，16绝育黄瓜，17果粒橙！祝：害人的商家后代一生出来就夭折，投不了胎。,亲爱的消费者，此事完全子虚乌有。为了对广大消费者负责，可口可乐已针对该起恶性网络谣言攻击拿起法律武器来维护中国的良性商业环境。（http://t.cn/zjuR8a6），也希望您删除谣言和我们一起不信谣，不传谣。[呵呵]更多客观事实请点击新华网的报道：http://t.cn/zjur157;,2013/3/12 11:13,rumor
今年3.15又有17种“问题食品”曝光：1兰州拉面，2砂锅粥‘加料’致癌，3来伊份，4立顿茶，5太子了奶粉，6星巴克冰乐，7东北饺子参老鼠肉，8蛋黄派和榴莲酥，9蒙牛，10统一奶茶，11蛇果上蜡，12可乐，13费列巧克力有‘活蛀虫’，14烧烤，15人造鸡蛋，16绝育黄瓜，17果粒橙！国人都已经练成五毒神掌啦！                 ,回复:@CCAV头条新闻:[呵呵];回复@香菇观:恩 知道 我都已经禁言了呢;不要黒我兰州 兰州没有兰州拉面 只有牛肉面;,2013/3/12 11:02,rumor
【17种问题食品曝光】兰州拉面、砂锅粥、上海来伊份、立顿茶包、太子乐等婴儿奶粉、星巴克星冰乐、大陆东北饺子城、蛋黄派和榴莲酥、 统一的奶茶或其它含乳饮料、蛇果、可乐、费列罗巧克力、街头烧烤、人造鸡蛋、绝育黄瓜、果粒橙。                 ,,2013/3/12 2:36,rumor
：中央电视台《焦点访谈》已经播出 可口可乐承认旗下(果粒橙)含有美国禁用农药「多菌灵」，多菌灵可致脑麻痺、肝脏腫瘤等癌症。包括香港正在销 专家指出，（多菌灵）跟其他农药一样，对脑部影响最大，可引致局部麻痹，并会导致癌症。 请火速转给你在乎的朋友，不要给孩子们喝这种饮料。@天上的红太阳,妞儿帮我问了吗？;亲爱的消费者，此事完全子虚乌有。为了对广大消费者负责，可口可乐已针对该起恶性网络谣言攻击拿起法律武器来维护中国的良性商业环境。（http://t.cn/zjuR8a6），也希望您删除谣言和我们一起不信谣，不传谣。[呵呵]更多客观事实请点击新华网的报道：http://t.cn/zjur157;,2013/3/11 13:53,rumor
各位朋友：中央电视台报道可口可乐承认旗下(果粒橙)含有美国禁用农药「多菌灵」，多菌灵可致脑麻痺、肝脏腫瘤等癌症。包括香港正在销售的（果粒橙），专家指出，（多菌灵）跟其他农药一样，对脑部影响最大，可引致局部麻痹，并会导致癌症。 在乎的朋友，不要给孩子们喝这种饮料。,亲爱的消费者，央视已澄清此事为蓄意造谣（http://t.cn/zjukD5m ）。为了对广大消费者负责，可口可乐已针对该起恶性网络谣言攻击拿起法律武器来维护中国的良性商业环境。（http://t.cn/zjuR8a6），也希望您删除谣言和我们一起不信谣，不传谣。[呵呵];,2013/3/11 17:04,rumor
中央电视台《焦点访谈》已经播出， 可口可乐承认旗下(果粒橙)含有美国禁用农药「多菌灵」，多菌灵可致脑麻痺、肝脏腫瘤等癌症。包括香港正在销售的（果粒橙）。专家指出，（多菌灵）跟其他农药一样。不要给孩子们喝这种饮料。 我在,感谢您对可口可乐的关注。为了对广大消费者负责，可口可乐已针对该起恶性网络谣言攻击拿起法律武器来维护中国的良性商业环境。（http://t.cn/zjuR8a6），也希望您删除谣言和我们一起不信谣，不传谣。[呵呵]更多客观事实请点击新华网的报道：http://t.cn/zjur157;亲爱的消费者，央视已澄清此事为蓄意造谣（http://t.cn/zjukD5m ）。为了对广大消费者负责，可口可乐已针对该起恶性网络谣言攻击拿起法律武器来维护中国的良性商业环境。（http://t.cn/zjuR8a6），也希望您删除谣言和我们一起不信谣，不传谣。;,2013/3/11 21:46,rumor
各位朋友：中央电视台《焦点访谈》已经播出。 可口可乐承认旗下(果粒橙)含有美国禁用农药「多菌灵」，多菌灵可致脑麻痺、肝脏腫瘤等癌症。 专家指出，（多菌灵）跟其他农药一样，对脑部影响最大，可引致局部麻痹，并会导致癌症。 不要给孩子们喝这种饮料。❕还有什么是安全的?!!,回复@bobijuanmao:怎么突然发了这么一条…;回复@河馬希望世界和平:没有啊。;= = 你是被盗号了么…;,2013/3/11 20:18,rumor
《焦点访谈》已播出：可口可乐承认果粒橙含有美国禁用农药「多菌灵」，多菌灵可致脑麻痺、肝脏腫瘤等癌症。香港食环署正在了解此事件。 专家指出，多菌灵跟其他农药一样，对脑部影响最大，可引致局部麻痹，并会导致癌症。 ——请火速转给你在乎的朋友，不要给孩子们喝这种饮料。,本就是，最垃圾的饮品！！！有本事你删了我的ID，妈的！要么发不了评论，要么被删除，早就不想玩了！;回复@美汁源饮料:哦，不好意思，我也在你们的果汁里面看到过异物，脏脏的东西，早就不喝了！;亲爱的消费者，央视已澄清此事为蓄意造谣（http://t.cn/zjukD5m ）。为了对广大消费者负责，可口可乐已针对该起恶性网络谣言攻击拿起法律武器来维护中国的良性商业环境。（http://t.cn/zjuR8a6），也希望您删除谣言和我们一起不信谣，不传谣。;,2013/3/11 23:06,rumor
各位：中央电视台《焦点访谈》已经播出，务必把这条信息发给你知道的群。 可口可乐承认旗下(果粒橙)含有美国禁用农药「多菌灵」，多菌灵可致脑麻痺、肝脏腫瘤等癌症。包括香港在销售的（果粒橙），香港食环署正在了解此事。 专家说：多菌灵跟其他农药一样，对脑部影响最大，可致局部麻痹，并会导致癌症,回复@美汁源饮料:这段话看到很多遍，为什么会时不时地被传起来呢？;亲爱的消费者，央视已澄清此事为蓄意造谣（http://t.cn/zjukD5m ）。为了对广大消费者负责，可口可乐已针对该起恶性网络谣言攻击拿起法律武器来维护中国的良性商业环境。（http://t.cn/zjuR8a6），也希望您删除谣言和我们一起不信谣，不传谣。;,2013/3/11 22:48,rumor
麱快快转发，加急！各位朋友：中央电视台《焦点访谈》已经播出，务必把这条信息发给你知道的群。 可口可乐承认旗下(果粒橙)含有美国禁用农药「多菌灵」，多菌灵可致脑麻痺、肝脏腫瘤等癌症。 我在,回复@可口可乐微客服:请先用事实证明让大家相信，不过我一向不主张孩子喝饮料！;,2013/3/11 22:09,rumor
微信消息央视《焦点访谈》播出，可口可乐承认旗下(果粒橙)含有美国禁用农药「多菌灵」，可致脑麻痺、肝脏腫瘤等癌症。包括香港正在销售的（果粒橙），港食环署正在了解此事件。 多菌灵对脑部影响最大，可引致局部麻痹，并会导致癌症。请不要给孩子们喝这种饮料 我在,感谢您对可口可乐的关注。为了对广大消费者负责，可口可乐已针对该起恶性网络谣言攻击拿起法律武器来维护中国的良性商业环境。（http://t.cn/zjuR8a6），也希望您删除谣言和我们一起不信谣，不传谣。[呵呵]更多客观事实请点击新华网的报道：http://t.cn/zjur157;,2013/3/12 9:38,rumor
够恐怖的！我经常喝果粒橙，而且经常就是一口气喝掉1.25升大瓶的。以下信息转自网上：可口可乐公司承认旗下果粒橙含美国禁用农药多菌灵，浓度虽未超标，但专家指多菌灵可致脑麻痺、肝脏肿瘤....                 ,;回复@洛益_期货传教士:这不早年间的谣言了吗。。。并且多菌灵也不会造成脑麻痹和肝脏肿瘤啊 维基百科说的很明白啊。。。大环境是不好 但现在的人都怎么了 有被迫害妄想症了。。。不想想 可口可乐要是再出问题 中国还有能吃的东西了吗。。。;透...;,2013/3/11 17:28,rumor
快快转发，急急急！！！中央电视台<<焦点访谈>>已经播出，务必把这条信息发给你知道的群。可口可乐承认旗下(果粒橙)含有美国禁用农药  “多菌灵”，多菌灵可至脑麻痹、肝脏肿瘤等癌症。包括香港正在销售的(果粒橙)，香港食还署正在了解此事件。对脑部影响最大，可引致局部麻痹，并会导致癌症。,还是喝水吧;感谢您对可口可乐的关注。为了对广大消费者负责，可口可乐已针对该起恶性网络谣言攻击拿起法律武器来维护中国的良性商业环境。（http://t.cn/zjuR8a6），也希望您删除谣言和我们一起不信谣，不传谣。[呵呵]更多客观事实请点击新华网的报道：http://t.cn/zjur157;这个消息好像是很久前就有的了。;,2013/3/10 21:02,rumor
#时事热点#《焦点访谈》已播出可口可乐承认旗下(果粒橙)含有美国禁用农药「多菌灵」，它可致脑麻痺、肝脏腫瘤等癌症。包括香港正在销售的，食环署正了解此事件。专家指出它跟其他农药一样，对脑部影响最大可引致局部麻痹并导致癌症。请火速转给你在乎的朋友，不要再喝了！ http,感谢您对可口可乐的关注。为了对广大消费者负责，可口可乐已针对该起恶性网络谣言攻击拿起法律武器来维护中国的良性商业环境。（http://t.cn/zjuR8a6），也希望您删除谣言和我们一起不信谣，不传谣。[呵呵]更多客观事实请点击新华网的报道：http://t.cn/zjur157;亲爱的消费者，此事完全子虚乌有。为了对广大消费者负责，可口可乐已针对该起恶性网络谣言攻击拿起法律武器来维护中国的良性商业环境。（http://t.cn/zjuR8a6），也希望您删除谣言和我们一起不信谣，不传谣。[呵呵]更多客观事实请点击新华网的报道：http://t.cn/zjur157;,2013/3/11 9:24,rumor
中央电视台《焦点访谈》已经播出。 可口可乐承认旗下(果粒橙)含有美国禁用农药「多菌灵」，多菌灵可致脑麻痺、肝脏腫瘤等癌症。包括香港正在销售的（果粒橙），香港食环正在了解此事件。 专家指出，（多菌灵）跟其他农药一样，对脑部影响最大，可引致局部麻痹，并会导致癌症。 （转转微信）扩散〜,感谢您对可口可乐的关注。为了对广大消费者负责，可口可乐已针对该起恶性网络谣言攻击拿起法律武器来维护中国的良性商业环境。（http://t.cn/zjuR8a6），也希望您删除谣言和我们一起不信谣，不传谣。[呵呵]更多客观事实请点击新华网的报道：http://t.cn/zjur157;,2013/3/10 19:36,rumor
发表了博文 《宅急电！！》 - 快快转发，急急急！！！！！各位朋友：中央电视台《焦点访谈》已经播出，务必把这条信息发给你知道的群。 可口可乐承认旗下(果粒橙)含有美国禁用农药「多菌灵」，多菌灵可致脑麻 http,亲爱的消费者，此事完全子虚乌有。为了对广大消费者负责，可口可乐已针对该起恶性网络谣言攻击拿起法律武器来维护中国的良性商业环境。（http://t.cn/zjuR8a6），也希望您删除谣言和我们一起不信谣，不传谣。[呵呵]更多客观事实请点击新华网的报道：http://t.cn/zjur157;,2013/3/9 0:29,rumor
转发，急！！！！！中央电视台《焦点访谈》已经播出，务必把这条信息发给你知道的群。 可口可乐承认果粒橙含有美国禁用农药「多菌灵」，可致脑麻痺、肝脏腫瘤等癌症。包括香港正在销售的果粒橙专家指出，多菌灵跟其他农药一样，对脑部影响最大，可引致局部麻痹，并致癌症。 我在,亲爱的消费者，此事完全子虚乌有。为了对广大消费者负责，可口可乐已针对该起恶性网络谣言攻击拿起法律武器来维护中国的良性商业环境。（http://t.cn/zjuR8a6），也希望您删除谣言和我们一起不信谣，不传谣。[呵呵]更多客观事实请点击新华网的报道：http://t.cn/zjur157;,2013/3/9 15:05,rumor
《焦点访谈》播出，可口可乐承认旗下（果粒橙）含美国禁用农药“多菌灵”可致脑麻痹、肝脏肿瘤等癌症。包括香港正在销售的（果粒橙），香港食环署正在了解此事件。专家指出，“多菌灵”跟其它农药一样，对脑部影响最大，可引致局部麻痹，并会导致癌症。请不要给孩子喝这种饮料。 http,澄清：此文章纯属造谣！;,2013/3/7 20:43,rumor
《焦点访谈》已播出。 可口可乐承认旗下「果粒橙」含有美国禁用农药「多菌灵」，多菌灵可致脑麻痺、肝脏腫瘤等癌症。包括香港正在销售的 专家指出，跟其他农药一样，对脑部影响最大，可引致局部麻痹，并会导致癌症。 ——请转给你的朋友，不要喝这种饮料。@_CHIANTI_ @_Tiffany_s 北京·麦当劳(四道口餐厅),回复@_Tiffany_s:虽然可口可乐客服发评论说请删除信息，我觉得这玩意少喝少吃最好;现在没什么东西是可以吃可以喝的;感谢您对可口可乐的关注。为了对广大消费者负责，可口可乐已针对该起恶性网络谣言攻击拿起法律武器来维护中国的良性商业环境。（http://t.cn/zjuR8a6），也希望您删除谣言和我们一起不信谣，不传谣。[呵呵]更多客观事实请点击新华网的报道：http://t.cn/zjur157;,2013/3/8 20:29,rumor
中央电视台《焦点访谈》已经播出。 可口可乐承认(果粒橙)含有农药「多菌灵」，多菌灵可致脑麻痺、肝脏腫瘤等癌症。香港正在销售的（果粒橙），香港正在了解此事件。 （多菌灵）跟其他农药一样，对脑部影响最大，可引致局部麻痹，并会导致癌症。 请火速转给你在乎的朋友，不要给孩子们喝这种饮料。,,2013/3/7 12:56,rumor
中央电视台《焦点访谈》已经播出，把这条信息转发给你关心的人。 可口可乐承认旗下(果粒橙)含有美国禁用农药「多菌灵」，多菌灵可致脑麻痺、肝脏腫瘤等癌症。包括香港正在销售的（果粒橙），香港食环署正在了解此事件。 专家指出，（多菌灵）跟其他农药一样，对脑部影响最大，可引致局部麻痹！,;亲 这个是谣言，已经辟谣了;嚯，我是小强，一直都喝得果粒橙。。 //@烟如墨:;,2013/2/28 22:07,rumor
【7.6万箱含氯可口可乐流入市场】2月初，可口可乐山西饮料公司因管道改造，致使消毒用的含氯处理水混入9批次12万箱可口可乐中，目前确认76391箱流入市场。山西质监局调查事件时发现，该公司以维修电脑为由删除了2月4日到8日部分相关生产记录和全部电邮，关键证人被安排带薪休假。http,回复@JOJO娜娜兔:我喝百事的呀~~从来不喝可口可乐的~;回复@糖籽超人:平时我喝得是百事~;;,2013/2/2 10:58,rumor
中央电视台《焦点访谈》播出： 可口可乐旗下《果粒橙》含有美国禁用农药“多菌灵”，多菌灵可致脑麻痺、肝脏腫瘤等癌症。包括香港食环署正在清查此事件。 专家指出“多菌灵”跟其他农药一样，对脑部影响最大，可引致局部麻痹，并会导致癌症。请朋友们珍惜身体健康不要喝这种饮料，尤其是我们的孩子。                 ,@么么驴-;还好，平时都不习惯给孩子喝饮料，要喝就自己榨果汁给他喝！;哎，向来不喜欢喝这个//@yuyu-dy: 还有能喝的吗？？？？？;,2013/1/8 20:53,rumor
可口可乐果粒橙含农药！有喝过的速度转发！ @宇菲Claire @借点尔钱 中央电视台《焦点访谈》已经播出。 可口可乐承认旗下(果粒橙)含有美国禁用农药「多菌灵」，多菌灵可致脑麻痺、肝脏腫瘤等癌症。包括香港正在销售的（果粒橙。 求你火速转给你在乎的一百个同胞朋友，每个员工! 不要给孩子喝这种饮料！,感谢您对可口可乐的关注。央视已澄清此事为蓄意造谣（http://t.cn/zjukD5m ）。为了对广大消费者负责，可口可乐已针对该起恶性网络谣言攻击拿起法律武器来维护中国的良性商业环境。（http://t.cn/zjuR8a6），也欢迎您和我们一起不信谣，不传谣。[呵呵];,2013/1/7 14:10,rumor
各位，中央电视台《焦点访谈》已经播出，如果愿意，把这条信息发给你的朋友。 可口可乐承认旗下(果粒橙)含有美国禁用农药「多菌灵」，多菌灵可致脑麻痺、肝脏腫瘤等癌症。包括香港正在销售的（果粒橙），香港食环署正在了解此事件。 跟其他农药一样，对脑部影响最大，可引致局部麻痹，并会导致癌症。,感谢您对可口可乐的关注。央视已澄清此事为蓄意造谣http://t.cn/zjukD5m 。为了对广大消费者负责，可口可乐已针对该起恶性网络谣言攻击拿起法律武器来维护中国的良性商业环境。（http://t.cn/zjuR8a6），也欢迎您和我们一起不信谣，不传谣。[呵呵];亲，央视早就出来辟谣了。。。：http://weibo.com/2656274875/zdyxtf6yg;可是白开水也有问题;,2013/1/14 14:32,rumor
各位粑粑麻麻们注意啦焦点访谈已播出，可口可乐承认旗下(果粒橙)含有美国禁用农药「多菌灵」，多菌灵可致脑麻痺、肝脏腫瘤等癌症。多对脑部影响最大，可引致局部麻痹，并会导致癌症不要给孩子们喝这种饮料。@悦己范亚雯 @盛如夏花5266 @Vicky钟 @乔琳_prlady爱美丽 @姚苒豆豆,感谢您对可口可乐的关注。央视已澄清此事为蓄意造谣（http://t.cn/zjukD5m ）。为了对广大消费者负责，可口可乐已针对该起恶性网络谣言攻击拿起法律武器来维护中国的良性商业环境。（http://t.cn/zjuR8a6），也希望您删除谣言和我们一起不信谣，不传谣。[呵呵];@蒋大玮玮玮玮玮玮;这是假新闻，焦点访谈根本没播。。已经辟谣啦。。;,2013/1/6 20:56,rumor
各位亲朋们中央电视台《焦点访谈》已经播出，如果愿意，把这条信息发给你知道的群。 可口可乐承认旗下(果粒橙)含有美国禁用农药「多菌灵」，多菌灵可致脑麻痺、肝脏腫瘤等癌症。包括香港正在销售的（果粒橙），香港食环署正在了解此事件。 专家指出，（多菌灵）跟其他农药一样，对脑部影响最大,亲爱的消费者，央视已澄清此事为蓄意造谣（http://t.cn/zjukD5m ）。为了对广大消费者负责，可口可乐已针对该起恶性网络谣言攻击拿起法律武器来维护中国的良性商业环境。（http://t.cn/zjuR8a6），也希望您删除谣言和我们一起不信谣，不传谣。[呵呵];,2013/1/11 16:04,rumor
中央电视台《焦点访谈》已经播出： 可口可乐公司承认其旗下的果粒橙含有美国禁用农药「多菌灵」！ 专家指出，多菌灵跟其他农药一样，对脑部影响最大，可引致局部麻痹，并可导致癌症。  宁可相信，不喝也罢！ 请火速转给你在乎的朋友，更不要给孩子们喝这种饮料啦！,感谢您对可口可乐的关注。央视已澄清此事为蓄意造谣（http://t.cn/zjukD5m ）。为了对广大消费者负责，可口可乐已针对该起恶性网络谣言攻击拿起法律武器来维护中国的良性商业环境。（http://t.cn/zjuR8a6），也欢迎您和我们一起不信谣，不传谣。[呵呵];,2013/1/11 11:44,rumor
中央电台焦点访谈播出，可口可乐承认旗下(果粒橙)含有美国禁用农药多菌灵，多菌灵可致脑麻痺、肝脏腫瘤等癌症。包括香港正在销售的果粒橙，香港食环署正在了解此事件。 专家指出多菌灵对脑部影响最大，可引致局部麻痹，并导致癌症。请火速转发，不要喝这种饮料@澳洲帮-互助电台,回复@澳洲移民专家Lanning:亲爱的消费者，央视已澄清此事为蓄意造谣http://t.cn/zjukD5m 。为了对广大消费者负责，可口可乐已针对该起恶性网络谣言攻击拿起法律武器来维护中国的良性商业环境。（http://t.cn/zjuR8a6），也欢迎您和我们一起不信谣，不传谣。[呵呵];回复@Poseidon12:没有看到您维信留言啊;回复@美汁源饮料:这条是北京神州数码单位的朋友在维信上转发的，他请大家转发，他们都是有孩子的人，所以我们也跟着转发，害怕小朋友喝了有害。如果没有此类事当然最好了;,2013/1/5 11:47,rumor
"近期中央电视台《焦点访谈》播出,可口可乐旗下(果粒橙)含有#美国禁用农药多菌灵#,多菌灵可致脑麻痺、肝脏腫瘤等癌症.包括香港正在销售的果粒橙,香港食环署正在了解此事件.专家指出,多菌灵跟其他农药一样,对脑部影响最大,可引致局部麻痹,并会导致癌症.请火速转给所有朋友,不要再喝这种饮料,转发扩散开..                 ",//@晓烽不是小疯: @这就是我平凡的郭淼 @绵绵-陈晓钿 @橙假JJ @18丶锐杰 @Daimhin  //@CM-C曼-VIE:@L-婉纯 @锦娴-只因为是你 @_陈桂鑫 @Chen-钰婉 @Elaine陈旭芬 @Hello李瑶 @黄思绒 @晓烽不是小疯;啊 这可是我的最爱呀//@Mr-Jia-斌哥://@ElaineLYL的空间: @KK海底鱼 @爱吃香蕉的鲤鱼 @Mr-Jia-斌哥 @Mandy相 @晓滨该思过 @萍lyp;;,2013/1/6 1:12,rumor
"@谈笑古今- 各位，中央电视台《焦点访谈》已经播出,可口可乐承认旗下[果粒橙]含有美国禁用农药「多菌灵」,现包括香港正在销售的[果粒橙]香港食环署正在了解此事件.专家指出[多菌灵]跟其他农药一样,对脑部影响最大,可引致局部麻痹,并会导致癌症。请火速转给你的朋友，不要给孩子们喝这种饮料 。转                 ","一年前就听国外的朋友说了，还好我从来不喝饮料。//@晓开始: @陈晓晓浩 @果果妈的夏天 @紫甘蓝de范儿 @花净净 @咕咚0 @水m水m水 以后少喝吧;@龙孝MARK @;央视报的你求证啥//@翔宇岛: 求证 //@俗事随语:@半岛老布 看过报道？//@醒云居士: //@菩萨道123: //@道坚法师: //@苗涛:还能有什么可以喝的吗？//@ningcoln: //@ningcoln: 专家指出[多菌灵]跟其他农药一样,对脑部影响最大,可引致局部麻痹,并会导致癌症。请火速转给你的朋友，不要给孩子们喝这种饮料 。;",2013/1/5 17:09,rumor
中央电视台《焦点访谈》已经播出，可口可乐承认旗下(果粒橙)含有美国禁用农药多菌灵，多菌灵可致脑麻痺、肝脏腫瘤等癌症。专家指出，多菌灵跟其他农药一样，对脑部影响最大，可引致局部麻痹，并会导致癌症。 ——当初种多肉的时候，有两盆长了斑点，差一点买多菌灵，实体店都没有卖，原来是禁药。,回复@可口可乐微客服:打开链接，没找到您说的资料，不过你的留言还像是官方说的话。看看第前一个在我这留言的算什么呀！一来就告呀告的。这么不客气这样的态度，就是赢了官司也输了形象，一看就不专业，一点危机处理的本事也没有，越帮越忙。;亲爱的消费者，央视已澄清此事为蓄意造谣（http://t.cn/zjukD5m ）。为了对广大消费者负责，可口可乐已针对该起恶性网络谣言攻击拿起法律武器来维护中国的良性商业环境。（http://t.cn/zjuR8a6），也欢迎您和我们一起不信谣，不传谣。[呵呵];哇噻，现在在我微博里的，不是卖广告的就是卖广告的。;,2013/1/8 15:26,rumor
各位亲们中央电视台《焦点访谈》已经播出，可口可乐承认旗下(果粒橙)含有美国禁用农药「多菌灵」多菌灵可致脑麻痺、肝脏腫瘤等癌症。包括香港正在销售的（果粒橙），香港食环署正在了解此事件。 专家指出，（多菌灵）跟其他农药一样，对脑部影响最大，可引致局部麻痹，并会导致癌症。这是真的吗？,,2013/1/8 14:27,rumor
中央台《焦点访谈》已经播出，可口可乐承认旗下(果粒橙)含有美国禁用农药「多菌灵」，多菌灵可致脑麻痺、肝脏腫瘤等癌症。包括香港正在销售的（果粒橙），香港食环署正在了解此事件。 专家指出，（多菌灵）跟其他农药一样，对脑部影响最大，可引致局部麻痹，并会导致癌症。（转自同业群）,"回复@多大事啊啊:经查，此前虽有类似内容新闻报道，但并未见《焦点访谈》播出过相关内容。被举报人言论属于“捏造细节”,构成“发布不实信息”。虽无即时危险，但应予澄清，现根据《新浪微博社区管理规定（微博社区管理中心）第22条，予以标识处理。;回复@陈爱咪:;回复@多大事啊啊:新华社 http://weibo.com/1699432410/zdxWzgy58 与 央视 http://t.cn/zjus2h5 都刊登了，这个是网络恶意谣言攻击。望君明查。;",2013/1/8 18:15,rumor
央视《焦点访谈》已经播，可口可乐承认旗下(果粒橙)含有美国禁用农药「多菌灵」，可致脑麻痺、肝脏腫瘤等癌症。包括香港正在销售的，香港食环署正在了解此事件。 专家指出，（多菌灵）跟其他农药一样，对脑部影响最大，可引致局部麻痹，并会导致癌症。 ——请不要再喝了，安全最重要。                 ,回复@Tony_小强:亲爱的消费者，央视已澄清此事为蓄意造谣（http://t.cn/zjukD5m ）。为了对广大消费者负责，可口可乐已针对该起恶性网络谣言攻击拿起法律武器来维护中国的良性商业环境。（http://t.cn/zjuR8a6），也欢迎您和我们一起不信谣，不传谣。[呵呵];@OOTEM;陈奕迅要断财路啦;,2013/1/4 22:24,rumor
【央视焦点访谈 果粒橙农药事件】可口可乐承认旗下(果粒橙)含有美国禁用农药「多菌灵」，多菌灵可致脑麻痺、肝脏腫瘤等癌症。包括香港正在销售的（果粒橙），香港食环署正在了解此事件。企业法律咨询http,;感谢您对可口可乐的关注。其实央视焦点访谈从未有过该报道，纯属造谣。我们也用事实说话：http://t.cn/zjnAcIX;,2013/1/6 10:23,rumor
#三合资讯#锦州三合雪佛兰提醒您《焦点访谈》播出， 可口可乐承认旗下(果粒橙)含有美国禁用农药「多菌灵」，多菌灵可致脑麻痺、肝脏腫瘤等癌症。专家指出，（多菌灵）跟其他农药一样，对脑部影响最大，可引致局部麻痹，并会导致癌症。销售电话： 0416-2987777 在线咨询QQ：139041669                 ,感谢您对可口可乐的关注。其实央视焦点访谈从未有过该报道，纯属造谣。我们也用事实说话：http://t.cn/zjnAcIX;,2013/1/6 8:43,rumor
人民网、央视《焦点访谈》报道，可口可乐承认旗下(果粒橙)含有美国禁用农药“多菌灵”。包括香港正在销售的（果粒橙），香港食环署正在了解此事件。 专家指出，（多菌灵）跟其他农药一样，对脑部影响最大，可引致局部麻痹，并会导致癌症。 ——请火速转播，特别不要给孩子们喝这种饮料。                 ,顶;回复@Hello凝洁:查完了，浓度符合国家标准，非常低，已经是国内饮料里最好的了！;回复@Hello凝洁:这个去年10年就说，但是也没有结果哦！;,2013/1/5 23:43,rumor
谁看到过这个报道：各位，中央电视台《焦点访谈》已经播出，可口可乐承认旗下(果粒橙)含有美国禁用农药「多菌灵」，多菌灵可致脑麻痺、肝脏腫瘤等癌症。专家指出，多菌灵跟其他农药一样，对脑部影响最大，可引致局部麻痹，并会导致癌症，更不要给孩子们喝这种饮料。可怕的[发怒],感谢您对可口可乐的关注。我们相信，谣言终将止于科学事实：http://t.cn/zjnAcIX;回复@旅程since1977:避谣说是假的。;承认了？为何不禁呢？;,2013/1/5 20:40,rumor
小朋友父母请关注：中央电视台《焦点访谈》已经播出， 可口可乐承认旗下(果粒橙)含有美国禁用农药多菌灵，多菌灵可致脑麻痺、肝脏腫瘤等癌症。包括香港正在销售的（果粒橙） 专家指出，（多菌灵）跟其他农药一样，对脑部影响最大，可引致局部麻痹，并会导致癌症。 请火速转发不要给孩子们喝这种饮料。,我最喜欢喝了！;,2013/1/6 12:47,rumor
各位亲们中央电视台《焦点访谈》已经播出，如果愿意，把这条信息发给你知道的群。 可口可乐承认旗下(果粒橙)含有美国禁用农药「多菌灵」，多菌灵可致脑麻痺、肝脏腫瘤等癌症。包括香港正在销售的（果粒橙），香港食环署正在了解此事件。 专家指出@白河2012 对脑部影响最大可引致局部麻痹并会导致癌症。,亲爱的消费者，央视已澄清此事为蓄意造谣http://t.cn/zjukD5m 。为了对广大消费者负责，可口可乐已针对该起恶性网络谣言攻击拿起法律武器来维护中国的良性商业环境。（http://t.cn/zjuR8a6），也欢迎您和我们一起不信谣，不传谣。[呵呵];回复@苹果旅行:现在这种事太多了，昨天QQ，还有同事飞信我，就发微博了，核实到真没有，也懒得去核实，能喝太多了，所以我选择信其有。哈哈。;亲，想知道你在传播这条谣言的时候，核实过他的真实性么？@cctv焦点访谈 在过去一年节目视频中根本没有到所谓的曝光内容。;,2013/1/5 20:58,rumor
#新闻#【果粒橙事件：少喝饮料多喝水】央视《焦点访谈》播出：可口可乐承认旗下(果粒橙)含有农药多菌灵。多菌灵在美国是违法的，但在国内属合法，属于农药中的“低毒”，已经喝了就不用太担心了。孕妈、哺乳妈妈、备孕妈妈以及小盆友们，少喝加工饮料、多喝白开水，减少添加剂、残留农药等摄入风险~                 ,@张子赓SAI_饕餮 转给爸看看！//@小小香瓜珊: 还是喝白开水吧 //@陈小晃:@静静走_慢慢冲 看看你最爱的果粒橙//@o面_面o:;;@O哩DO;,2013/1/5 14:01,rumor
各位亲们：《焦点访谈》已经播出，可口可乐承认旗下(果粒橙)含有美国禁用农药多菌灵，多菌灵可致脑麻痺、肝脏腫瘤等癌症。包括香港正在销售的，香港食环署正在了解此事。 专家指出：多菌灵跟其他农药一样，对脑部影响最大，可引致局部麻痹，并会导致癌症。——请不要给孩子们喝这种饮料！,好可怕！//@月明flora: 天哪！;领导怎么总能找到被删的东东！下回发了第一时间电话通知下;亲爱的消费者，其实央视焦点访谈从未有过该报道，纯属造谣。我们的心一直和消费者同在。小美也用事实说话：http://t.cn/zjnAcIX;,2013/1/5 22:37,rumor
中央电视台《焦点访谈》已经播出， 可口可乐承认旗下(果粒橙)含有美国禁用农药「多菌灵」，多菌灵可致脑麻痺、肝脏腫瘤等癌症，请火速转给你在乎的朋友，不要给孩子们喝这种饮料。,亲爱的消费者，央视已澄清此事为蓄意造谣（http://t.cn/zjukD5m ）。为了对广大消费者负责，可口可乐已针对该起恶性网络谣言攻击拿起法律武器来维护中国的良性商业环境。（http://t.cn/zjuR8a6），也希望您删除谣言和我们一起不信谣，不传谣。[呵呵];回复@日见莲花:商业媒体哇;视频呢？发出来啊！别只是说！;,2013/1/6 9:04,rumor
"各位亲们中央电视台《焦点访谈》已经播出， 可口可乐承认旗下(果粒橙)含有美国禁用农药「多菌灵」可致脑麻痺,肝脏腫瘤等癌症,香港正在销售的（果粒橙），香港食环署正在了解此事件。 专家指出，跟农药一样，对脑部影响最大，可局部麻痹，并会导致癌症不要给孩子们喝这种饮料。                 ","感谢您对可口可乐的关注。其实央视焦点访谈从未有过该报道，纯属造谣。我们也用事实说话：http://t.cn/zjE0x6o;这条信息是朋友发给我的，我就粘贴了一下发出去了，我也经常喝果粒橙，看到有些惊讶，所以就转发了!;你好，做为传可口可乐-果粒橙含""多菌灵""的大V们之一, 请核实信息,您登录cctv焦点访谈的全年节目视频,您根本找不到所谓曝光的那期 ！这里是全部节目目录链接：http://t.cn/zjE1SjX 另外这是个传了一年的恶意谣言，一次又一次被辟谣的谣言，请不要再帮腔了？谣言分析贴：http://t.cn/zjEKZNx;",2013/1/5 18:16,rumor
中央电视台焦点访谈已播出，可口可乐承认旗下(果粒橙)含有美国禁用农药「多菌灵」多菌灵可致脑麻痺、肝脏腫瘤等癌症。包括香港正在销售的（果粒橙）港食环署正在了解此事件。 专家指出（多菌灵）跟其他农药一样对脑部影响最大，可引致局部麻痹并会导致癌症。 千万别喝这种饮料。                 ,感谢您对可口可乐的关注。央视已澄清此事为蓄意造谣（http://t.cn/zjukD5m ）。为了对广大消费者负责，可口可乐已针对该起恶性网络谣言攻击拿起法律武器来维护中国的良性商业环境。（http://t.cn/zjuR8a6），也欢迎您和我们一起不信谣，不传谣。[呵呵];,2013/1/4 13:56,rumor
各位亲们中央电视台《焦点访谈》已经播出，如果愿意，把这条信息发给你的朋友。可口可乐承认旗下(果粒橙)含有美国禁用农药多菌灵，多菌灵可致脑麻痺、肝脏腫瘤等癌症。包括香港正在销售的（果粒橙），香港食环署正在了解此事件 ——请火速转给你在乎的朋友，不要给孩子们喝这种饮料。,到你这看下，希望你能快乐每一天;感谢您对可口可乐的关注。央视已澄清此事为蓄意造谣（http://t.cn/zjukD5m ）。为了对广大消费者负责，可口可乐已针对该起恶性网络谣言攻击拿起法律武器来维护中国的良性商业环境。（http://t.cn/zjuR8a6），也欢迎您和我们一起不信谣，不传谣。[呵呵];,2013/1/4 10:59,rumor
各位亲们中央电视台《焦点访谈》已经播出，如果愿意，把这条信息发给你知道的群。 可口可乐承认旗下(果粒橙)含有美国禁用农药「多菌灵」，多菌灵可致脑麻痺、肝脏腫瘤等癌症。包括香港正在销售的（果粒橙），香港食环署正在了解此事件。 专家指出，（多菌灵）跟其他农药一样 北京·桔子水晶建国门酒店,亲爱的消费者，其实央视焦点访谈从未有过该报道，纯属造谣。我们的心一直和消费者同在。小美也用事实说话：http://t.cn/zjE0x6o;真的么？那还能喝啥？;,2013/1/4 22:29,rumor
中央电视台《焦点访谈》已经播出， 可口可乐承认旗下(果粒橙)含有美国禁用农药多菌灵可致脑麻痺、肝脏腫瘤等癌症。包括香港正在销售的（果粒橙），香港食环署正在了解此事件。 专家指出，对脑部影响最大，可引致局部麻痹，并会导致癌症。 ——请火速转给你在乎的朋友，不要给孩子们喝这种饮料,,2013/1/5 10:59,rumor
《焦点访谈》已经播出，可口可乐承认旗下(果粒橙)含有美国禁用农药「多菌灵」，多菌灵可致脑麻痺、肝脏腫瘤等癌症。包括香港正在销售的，香港食环署正在了解此事件（多菌灵）跟其他农药一样，对脑部影响最大，可引致局部麻痹，导致癌症。 @南海网总编辑韩潮光 @海南新闻中心 我在,转发微博;,2013/1/4 11:08,rumor
各位亲们中央电视台《焦点访谈》已经播出，可口可乐承认旗下(果粒橙)含有美国禁用农药「多菌灵」，多菌灵可致脑麻痺、肝脏腫瘤等癌症。 （多菌灵）跟其他农药一样，对脑部影响最大，可引致局部麻痹，并会导致癌症。 http,感谢您对可口可乐的关注。其实央视焦点访谈从未有过该报道，纯属造谣。我们也用事实说话：http://t.cn/zjE0x6o @甜z甜y @中国经济周刊路永庆@中国商人杂志社@苦甛;@甜z甜y @中国经济周刊路永庆@中国商人杂志社@苦甛;,2013/1/5 14:27,rumor
转发来自央视的消息：中央电视台《焦点访谈》已经播出，可口可乐承认旗下(果粒橙)含有美国禁用农药「多菌灵」，多菌灵可致脑麻痺、肝脏腫瘤等癌症。包括香港正在销售的（果粒橙），香港食环署正在了解此事件。 专家指出，（多菌灵）跟其他农药一样，对脑部影响最大，可引致局部麻痹，并会导致癌症。,回复@孔凡威:感谢您对可口可乐的关注。央视已澄清此事为蓄意造谣（http://t.cn/zjukD5m ）。为了对广大消费者负责，可口可乐已针对该起恶性网络谣言攻击拿起法律武器来维护中国的良性商业环境。（http://t.cn/zjuR8a6），也希望您删除谣言和我们一起不信谣，不传谣。[呵呵];回复@林姝敏:好久没有回你评论而已啦！;回复@阿曼蓝羽:好久不见你冒泡了，最近怎样？我忙到这会。碎去咯！美女！;,2013/1/5 0:55,rumor
中央电视台《焦点访谈》已经播出，可口可乐承认旗下(果粒橙)含有美国禁用农药「多菌灵」，多菌灵可致脑麻痺、肝脏腫瘤等癌症。包括香港正在销售的（果粒橙），香港食环署正在了解此事件。 专家指出，（多菌灵）跟其他农药一样，对脑部影响最大，可引致局部麻痹，并会导致癌症。@X-CLUB镭战主题酒吧                 ,亲爱的消费者，央视已澄清此事为蓄意造谣http://t.cn/zjukD5m 。为了对广大消费者负责，可口可乐已针对该起恶性网络谣言攻击拿起法律武器来维护中国的良性商业环境。（http://t.cn/zjuR8a6），也欢迎您和我们一起不信谣，不传谣。[呵呵];,2013/1/4 17:08,rumor
"各位亲们中央电视台《焦点访谈》已经播出, 可口可乐承认旗下(果粒橙)含有美国禁用农药「多菌灵」，多菌灵可致癌症。香港食环署正在了解此事件。 专家指出，（多菌灵）跟其他农药一样，对脑部影响最大，可引致局部麻痹，并会导致癌症。 ——请火速转给你在乎的朋友，不要给孩子们喝这种饮料。",,2013/1/4 10:35,rumor
中央电视台《焦点访谈》播出，可口可乐承认旗下(果粒橙)含有美国禁用农药「多菌灵」，多菌灵可致脑麻痺、对脑部影响最大、肝脏肿瘤、癌症。请火速转给你在乎的朋友，不要给孩子们喝这种饮料。水是最好的饮料。 我在,,2013/1/4 19:14,rumor
《焦点访谈》已经播出，可口可乐承认旗下果粒橙含有美国禁用农药「多菌灵」，多菌灵可致脑麻痺、肝脏腫瘤等癌症。包括香港正在销售的果粒橙，香港食环署正在了解此事件。 专家指出，多菌灵跟其他农药一样，对脑部影响最大，可致局部麻痹，并导致癌症。 请火速停止购入，不要喝这种饮料。,回复@漩涡_Ruby:亲爱的消费者，央视已澄清此事为蓄意造谣（http://t.cn/zjukD5m ）。为了对广大消费者负责，可口可乐已针对该起恶性网络谣言攻击拿起法律武器来维护中国的良性商业环境。（http://t.cn/zjuR8a6），也欢迎您和我们一起不信谣，不传谣。[呵呵];大家注意了，其实最健康的饮料就是水。;兄弟姐妹们要注意了！;,2013/1/4 16:34,rumor
