好久没有发微博了[呵呵]这次发微博我想说，我失眠了，睡不着了，肿么办好痛苦啊555555@可乐肥猫 我在,,2013/1/4 23:59,non-rumor
201314.这个特殊的日子，是与寝室的小鬼们一起度过的。去Fiona租的公寓包馄饨、水饺、可乐鸡翅、围着火锅吃散伙饭，一共吃了4场。吃完后晚上10点半了，然后一路上打雪仗回学校，打的可猛了。青春就应该这样，该疯就疯，再不疯狂我们就老了！以后我会记在正值青春的时候我遇见过你们。  原图 ,或许   以后的时光再也没有这样开心的我们了  爱你们;,2013/1/4 23:59,non-rumor
今晚听到你所说的话，让我有点害怕，可乐老婆，我是爱你的，真不想让我心爱的女人成为别人，我是没钱，但我是真心的爱你，说不定只要我努力，我一定行的，别抛弃我，好不好。我害怕失去你，真的很怕失去你。  原图 ,我知道你會難過、你會傷心、但是如果我愛一個人、我會跟家人反抗到底的。一輩子很長、我希望的是疼我一輩子的人。;,2013/1/4 23:59,non-rumor
干了一瓶冰可乐，光脚，用凉水洗衣服，在大姨妈来临的时候，我是要作死！  原图 ,回复@紫韵之秋:太胖了，整没了~~~~;假笑不好看，双眼皮怎么没了？;,2013/1/4 23:59,non-rumor
"我在@微盘 分享了一个很不错的文件：""12111802王若琳.mp3""，快来看看吧~@薯我脆_小可乐 我记得的啦只是拖着不去做~o(>﹏<)o I M骚瑞~！渣录音机的软件好久没有官方更新了这个噪码率就将就听吧 ;-) http",嗯嗯！终于等到了。。。;@井砚 也送你听~;,2013/1/4 23:58,non-rumor
在今天，我也想要这样或是那样的浪漫……没有最失望，只有更失望。睡不着，特地跑出去喝口冰可乐，凉自肺腑。好多事我似乎想明白了可又好似做梦般看不长远，努力压抑我的坏情绪，坚持下去起码能放过自己。如果不曾难受过又怎能证明曾经幸福过，功过是非一念间，不过是庸人自扰而已……罢了罢了！  ,,2013/1/4 23:58,non-rumor
晚上叫了@游咖咖乌贼烧 的外送，百香果的很爱吼。可乐很好喝噢，里面是加了金橘吗？  原图 ,是呀是呀，品名就是金桔可乐呀。;,2013/1/4 23:58,non-rumor
我才刚评论就瞬间删帖啦@对可乐说分手的上进青年  ,回复@恋恋欢乐:[懒得理你][懒得理你]哈哈哈~~~;回复@对可乐说分手的上进青年:;低调点;,2013/1/5 23:59,non-rumor
又是你又是你又是你！只有你只有你只有你！@香草_可乐 听twines首分飞燕，就会想起你！有初恋的感觉！今晚banana asia...手撕包菜，不错！  原图 ,,2013/1/5 23:59,non-rumor
"【“香草”到底是什么植物？】不少人都喜欢吃香草味的冰激凌，其实“香草”是一种兰花哦~它叫香荚兰Vanilla planifolia，会结出果荚，鲜果荚没什么香味，需要杀青、发酵、烘干、陈化等过程，才会发出浓郁香气。马达加斯加是世界最大的香草出产国.其实,看看香草味可乐的包装,上面已经印了一朵香荚兰哦  原图 ",,2013/1/5 23:59,non-rumor
今晚大家一起在教师公寓做饭，一起打牌，一起打扫卫生。考完试大家就回家咯， 估计就要明年才能见面咯， 总算吃到了小郭做的可乐鸡翅，回到寝室发现室友给自己烧了洗脚的热水，收了洗衣房的衣服，哈哈，感慨下不多的大学日子！ 我在,回复@死胖子CJX:就只有戴老板走了！;你寝室难道还有人没走;,2013/1/5 23:59,non-rumor
午夜诱惑：尖椒小炒肉+KFC可乐，辣西西，香  #美图秀秀Android版#  原图 ,回复@石头来砌墙:吃光了才想起来拍;回复@黄油拌饭或猪油拌饭:嘿嘿，越辣越吃;尖椒小炒肉，我的心头爱呀!;,2013/1/5 23:58,non-rumor
可乐再不健康，倒影出来的杯子却不失硬朗。敢于发现生活中的美•  原图 ,回复@李昊洲:回来电话我，俺最近忙的都要晕死了;回复@妖先生的店:8号;你好就回來噢;,2013/1/5 23:58,non-rumor
【可乐鸡翅】1、将鸡翅，姜葱洗净，姜切片，葱折断，起油锅，爆香姜葱。2、鸡翅下锅，煎至表面稍黄，加入两勺的生抽，翻炒一小会儿。3、可乐倒入锅中，烧开后改中小火慢焖。4、待鸡翅焖软后，大火收干汤汁就行了。  原图 ,,2013/1/5 23:58,non-rumor
针对近期从QQ群、微信到微博对于可口可乐旗下美汁源的攻击诋毁，可口可乐中国及美汁源饮料已官方辟谣。谣言提及的《焦点访谈》栏目报道子虚乌有。《焦点访谈》最近没有，从来也没有报道过此类节目。 恳请各位朋友不信谣，不传谣。详情请见官方声明！@cindy静静静 @砚真 @拾五贰拾  ,亲爱的消费者，央视已澄清此事为蓄意造谣（http://t.cn/zjukD5m ）。为了对广大消费者负责，可口可乐已针对该起恶性网络谣言攻击拿起法律武器来维护中国的良性商业环境。（http://t.cn/zjuR8a6），也欢迎您和我们一起不信谣，不传谣。[呵呵];@聪聪很忙--tim @秦月飞花 @飞-可乐海 @風聲雨深 @军军大头 @Mr-_-coke @张家小建 @soddyxusi @超级无敌退休蜘蛛侠;,2013/1/5 23:58,non-rumor
半夜这个点老公想喝可乐，非常想喝，但又因为太冷了不想出门买，怎么办呢？后来我们叫了麦当劳外卖，可乐直接送到家  ,回复@fantasticYa:她睡觉了，哈哈！;我们家可乐从来不断，可乐在我家就是水;公主应该更开心;,2013/1/5 23:57,non-rumor
酒和可乐都喝了，略伤身。。性格所致，到现在都没有醉过略想发次酒疯  ,回复@娇娇小苦逼:看别人发酒疯的样子我就不想喝了。。;回复@冰果不错不错:带你一个么[挖鼻屎];;,2013/1/5 23:57,non-rumor
"可乐鸡翅  
原始用户",,2013/1/5 23:57,non-rumor
【治疗感冒的10种妙方】⑴热水泡脚⑵盐水漱口⑶冷水浴面⑷按摩鼻沟：两手对搓掌心热后按摩迎香穴(位于鼻沟内、横平鼻外缘中点)十余次⑸白酒擦身⑹可乐煮姜⑺呼吸蒸汽⑻热风吹面⑼蒜泥蜂蜜：等份蒜泥与蜂蜜混匀白开水送服⑽香油拌蛋：1两香油加热后打入1个鸡蛋冲进沸水搅匀。  原图 ,,2013/1/6 23:59,non-rumor
 @小可樂的麻麻咪 我们也挑了个好妈妈。小可乐也挑了对了。  原图 ,,2013/1/6 23:59,non-rumor
【水是最值得推荐的第一健康饮料】身体是一株植物，正确的“灌溉尝试”很重要。在医生眼里，糖是健康的大敌。研究证实，一听可乐中的糖能持续3小时让免疫系统能力下降30%，每天饮一次或多次可乐会使人患代谢综合征的风险加倍。最健康的饮品是水，每天8杯，其次才是咖啡和茶。  原图 ,,2013/1/6 23:59,non-rumor
从一阵对冰可乐的强烈欲望中醒来，冰箱里唯一能喝的却只有酒和一碗汤。操，好烧(≡＿≡)  ,,2013/1/6 23:57,non-rumor
晚上第一次尝试做可乐鸡翅，热乎乎得，还冒气呢，实在没法忍，吃了2个哇，太腻味了，什么能解腻? 睡前一称，貌似109?明早会有惊喜么?期待…晚安…[雪人][雪]  原图 ,回复@哇哩呜哩:可乐鸡翅，我表达有问题?;这叫什么菜啊;,2013/1/6 23:56,non-rumor
一度以为服务员给上了一听山寨可乐，原来是迷彩百事！  原图 ,,2013/1/6 23:56,non-rumor
王同学和李同学大老远给我带的可乐，真是有心啊！[汽车]  原图 ,,2013/1/7 23:59,non-rumor
"@火星人real @小雷哇 俩可乐王子，下次喝可乐的时候得小心点昂。。。  
原始用户",我真的已经把可乐戒了;,2013/1/7 23:59,non-rumor
可乐在生活中的六种妙用：1.可以用来清洁烧糊的锅；2.染发之后发现颜色有点重，用可乐洗头可帮你让颜色变浅些；3.能清洁你的首饰，让它们重现光彩。钻石除外；4.能够清除水壶里的残垢；6.把可乐和番茄酱以1比1的比例混合，能够做出美味的烤肉酱。  ,,2013/1/7 23:58,non-rumor
最近怎么了 吊丝们一夜之间都变成了屎娃娃 晚上一当事人现身说法讲了高速路上的各种囧与挣扎  太可乐了  ,回复@奇牙空间:那我替你代讲吧;回复@nakemilk:华阳不是屌丝聚集地么;回复@yaya_1983:坚决抵制;,2013/1/7 23:58,non-rumor
【孕妈妈不可吃的18种食物】【容易导致流产的食物】：1.螃蟹 2.甲鱼 3.薏米 4.马齿苋。【对胎儿有害的食物】：5.罐头食品 6.菠菜 7.巧克力和山楂 8.猪肝 9.久存的土豆 10.热性作料 11.味精 12.桂圆、荔枝 13.石榴 14.腌制酸菜 15.西瓜 16.饮浓茶 17.饮咖啡和可乐型饮料 18、饮酒  ,,2013/1/7 23:58,non-rumor
一路狂飙回家上厕所，才几杯可乐就通了，看来真的是老了。。冬天喝可乐雪碧实在是伤不起。下次咱们要换点别的@Tracytotti_11 @蕃茄叔叔丶  ,回复@蕃茄叔叔丶:不是有部电影叫「喜爱夜蒲」么。。夜蒲应该就是国语的泡吧？迪吧？我也不大懂国语怎么说;回复@蕃茄叔叔丶:我也不知道，你问@不靠谱90前 。。;夜浦是啥东西。？下次我们喝奶;,2013/1/7 23:58,non-rumor
【DIY秘制可乐鸡翅】1、鸡翅洗净，其中一面划两刀；2、加两勺料酒 一勺酱油 少许胡椒粉拌匀，腌制两小时以上；3、锅中放两勺油，将鸡翅放入，盖上锅盖；4、小火煎至两面金黄；5、下姜丝和葱白，转中火翻炒一分钟；6、倒入可乐和两勺老抽，烧开后转小火炖煮二十五分钟；7、转大火收汁  原图 ,,2013/1/7 23:57,non-rumor
【厦门最好吃蛋糕】有一家蛋糕店，多数人不知道她在哪里。原料全部欧洲进口，顶级师傅手工制作，蛋糕出炉后四小时吃完，吃过之后其他蛋糕都难以入口。除了微博和官网，哪都订不了。帅哥闪电送货，据说长得黝黑比古天乐帅的老板可乐每周一天亲自送货。她是谁？她是厦门最好吃蛋糕：MiuCake慕蔻  原图 ,怎么订呢？有电话吗;@脆皮鸡- 去这家买吧;有微信吗;,2013/1/8 22:06,non-rumor
许愿3个。。。。。。。（奔2。快乐）。感谢陪我疯，陪我闹的疯子。今天过后，我真的长大了。我很感谢一路上有你们。@王子米风 @我爱吃薯条加可乐 @nerve06 @Iris心媛 @a阿牙 @杨小妹kk 祝自己快乐。[手套]  ,回复@周_傻傻:好嘛，大姨妈记错了，秀研呐，生日快乐;回复@a阿牙:是秀研！你才是正宇，好不好;正宇呐;,2013/1/9 0:00,non-rumor
买罐冰可乐有那么难么！要么没卖要么卖完，要么直接关门不带这么玩人的哩  ,回复@思侠-Hong:软，不拆穿你;回复@潘婉娟:[挖鼻屎]别说出来哩;回复@思侠-Hong:不会吧？那这就是你记忆力不好了喔！;,2013/1/8 23:59,non-rumor
 @大烦熊 圣诞限量版 白色百事可乐！  原图 ,,2013/1/8 23:59,non-rumor
今天做了姜汁可乐，治感冒！看在我这么贤惠的份上快点好吧我同学说三年木有看见我生过病，一病就这么严重的。。，大四把身体休息坏了？  ,回复@影谜-:好多了;多喝水，加油！;,2013/1/8 23:59,non-rumor
@伍长_你是最棒的王 【洛天依原创】长恨歌【PV付】   UP主：可乐+牛奶 http,,2013/1/8 23:59,non-rumor
乐事新口味——劲爆百事可乐鸡味~你又试过未？个人感觉，哎呦！不错哦~  原图 ,回复@疯狂丶薇博控:妖;回复@懵锋唔系bee:;你买广告多咯;,2013/1/8 23:58,non-rumor
洗澡，再洗澡，接着继续洗，还是很烫，喝了冰可乐，躺床上，好类，久违的胃痛，剧烈无比，然后反省，感觉，醒悟，一月份，肯定，走不到尽头了，，  TMD谁人年轻不曾二，，，  原图 ,回复@Crystal洁洁:。。。;回复@得失先生: 此时无声胜有声！;回复@Crystal洁洁:你的效果已经很明显了;,2013/1/8 23:58,non-rumor
为什么我觉得前2种女生都是极品啊 而且100个可乐戒指去收大把啦 我年轻时候一周都喝20罐//@_卖萌小肥ki,我去杀精哥;回复@_Vissy西瓜儿:现在很少喝啦 改喝牛奶花茶之类的;年轻。。你现在是有多老;,2013/1/8 23:58,non-rumor
为什么我的网络传文件就断线，而且要折腾好久才连上@萌叔@疯狂可乐  ,你@ 谁了啊;,2013/1/8 23:58,non-rumor
1、我看到你，心情比上坟还要纠结呀。。。。。。2、看见你就好像看见市场上快下市的小青菜，5毛钱一大把。3、人是铁，范是钢，一天不装憋得慌。4、老板、有没有可乐？给我拿瓶雪碧。5、你长了一副“请你来骂我”的嘴脸。  原图 ,;那还是不见你了！;;,2013/1/8 23:58,non-rumor
#达人生日祝福# @可乐的梦游计 在你生日之际，用微博送上我的祝福：祝小寿星生日快乐，天天开心，涨工资涨粉丝！  ,,2013/1/8 23:57,non-rumor
毕业之后都未黎过恶人菊宵夜了，今晚吾饮酒劈可乐 我在,,2013/1/8 23:57,non-rumor
你吃，或者不吃零食，大脸就在那里，不悲不喜；你喝，或者不喝可乐，腰围就在那里，不来不去；你跑，或者不跑步，体重就在那里，不增不减；你减，或者不减肥，肉就在你身上，不舍不弃；来脂肪的怀里，或者，让胖子住进别人的心里，默然，想吃，忍住，纠结，泪崩！  ,乱箭穿心，习惯就好。;,2013/1/8 23:57,non-rumor
可乐加薄荷糖叫做一柱冲天  原图 ,,2013/1/8 23:57,non-rumor
随着可乐的康复，坏消息也少了，@瞧那熊样 也比前二天有好转，我的心情也渐渐舒缓，希望好事相伴！  ,,2013/1/9 23:58,non-rumor
晚上，我和女儿在客厅看电视，老公在书房上网，我有点渴了，却不想动，就说：老公，拿瓶可乐给我。老公从书房出来给我拿了一瓶，又跑回书房。这时，五岁的女儿也喊到：爸爸，我也要喝。老公不耐烦的说：自己拿！女儿愣了一下，又喊到：老公，我也要喝。 （转）@恋上微小说  原图 ,回复@小五夫子:岂敢岂敢！;回复@O_young_man:你这是……让我们去倒水吗？;回复@O_young_man:犀利啊！;,2013/1/9 17:40,non-rumor
灿烂的微笑：扎西德勒来到@萝莉的家官网 再度寻找#西藏•梦#听@可乐叫阿肥 讲述骑行的故事可爱的藏族小孩最实在的精神力量  原图 ,;[花心];,2013/1/10 23:59,non-rumor
可乐同朱古力其实系绝配！好耐都无试过甘奢侈晚上吃呢两样野了！  原图 ,回复@我的奢侈品WoDeLv:系啊！哈哈！;增肥佳品！;回复@仙仙jenny:;,2013/1/10 23:59,non-rumor
【来自菲律宾民间】可乐瓶子+漂白水=55瓦灯泡。 （转）  原图 ,,2013/1/10 23:59,non-rumor
吃了15个鸭肫'喝了一瓶可乐'爽歪歪'睡觉觉。。  ,回复@Mr_Waterman:回2b'我在超市买时数的。。;2b，你是吃完再数还是边数边吃的;,2013/1/10 23:59,non-rumor
跟这个地方吃了无数顿了，5-10块就能吃饱，感觉还挺干净的。地铁坐个大吊角也不过两块钱。是我的错觉么。。。交通比两年前来这便宜了，别的也都还好。只有可乐一块五稍微有点贵。。。收拾收拾牌明天去赛场了。希望交易能有个好收获，至少把下周去环球影城的钱赚出来[做鬼脸] 新加坡·诺维娜广场  显示地图 ,回复@无耻伟人李小博:不是说两条腿走路么？比赛的时候专心比赛，没比赛的时候当然是Trade重要吧。一天玩游戏，一天吃饭的道理;回复@danny_sl:起步总是艰难的，一次两次也打击不到我，新加坡本来预期也不是太高。相较之下，我更期待关于赞助的谈判结果，看看是否能争取更多。;回复@无耻伟人李小博:最关心的还是trade的结果，也能看看实际的情况;,2013/1/10 23:59,non-rumor
【饮酒千杯不醉8种方法】①不要空腹饮酒--可以在赴宴之前吃点高蛋白食物；②别和可乐等碳酸饮料同喝；③多喝白开水，勤上厕所；④多吃绿叶蔬菜；⑤喝浓茶并不解酒，酒后可以喝点淡茶；⑥宜慢不宜快；⑦食饮结合--饮酒时吃猪肝最好；⑧饮酒后吃点甜点和水果。  原图 ,,2013/1/10 23:59,non-rumor
胃好疼。     冰可乐冰激凌害死我了..吃货没有好胃真操蛋. 我在这里,看你还敢不敢偷偷约会！哈哈！那么冷的天气还吃雪糕，你以为你是我啊！;,2013/1/10 23:58,non-rumor
我有一个神奇的舍友@俊玉__  一回学校就边吃花生边喝可乐边看电影  我想她一定是知道金融工程下学期有重修班  原图 ,回复@一头鳕鱼:;回复@阿瑾姑娘:我是好人→_→ 顺便提醒了她下学期重修就要延毕的事;好坏啊你哈哈哈哈哈哈;,2013/1/10 23:58,non-rumor
以前我总是迷恋甜甜的巧克力和喝不完的可乐，还有童话里的王子。而时间不会因为我的幼稚而停留。改变还是发生，带着点莫名的心悸。 当巧克力和可乐变质的时候，童话书也总会落满灰尘。  原图 ,,2013/1/10 23:58,non-rumor
百事可乐全新概念LOGO设计 ——09年百事可乐更换了新的标志，但是作为设计师，Design Boutique并不觉得这个标志相对于之前的标志有多大改变和突破。事实上确实是这样子的，这些年来，百事可乐在标志的改变上一直都非常小心。 Design Boutique认为，百事可乐则需要鼓足勇气，大胆的重新设计他们的标志。  原图 ,真的巨喜欢 百事的logo 一直都很喜欢;还没原来的好看。。不像饮料LOGO哦。。;越来越不像可以喝的东西;,2013/1/11 19:52,non-rumor
看完了劉奶茶同學的微電影，我想帶著我的kr，在這個2013裏面拍一部關於自己的微電影。導演，編劇，攝影，剪切都是青森一個人，哦哈哈。然後限量做幾張出來。@寒叉叉许的愿望都成真 @少年持卷 @TIA可乐要加油 @宗政莫莫 @林大尧ly @我本沉默飞扬AFK  ,回复@少年持卷:有机会的;回复@青森系鵪鶉仔:我来我来;回复@林大尧ly:好的，路人甲;,2013/1/11 23:59,non-rumor
唱完歌很随性站在大马路上吃鸡排喝可乐，结果被某坏人撞见，一脸嫌弃的表情！@韩韩糊糊爱竖琴 @Chin0 @Vera_Mao  ,,2013/1/11 23:59,non-rumor
半夜扣又渴了。想喝冰可乐。喝着白开水 告诉自己这是新推出的可乐品种。可你妹的乐。可乐会这么平淡无期的味道吗？这么平淡我还不如喝白开水。 我在这里,,2013/1/11 23:59,non-rumor
尼玛坑爹的KFC满10元送1可乐，我被送了4杯！加上套餐里本来就有的1杯，晚上我被喝了5杯可乐！！！ 我在,;回复@我是茵:;回复@水的时代:说是就这五天;,2013/1/11 23:59,non-rumor
小手拉大手，暖暖，满满的都是爱，想你啊@可乐就不加冰，没你的日子真难熬啊  ,,2013/1/11 23:59,non-rumor
#南昌化妆师培训#【乳房的爱恨食物】为了关爱自己的乳房，应多吃的食物：1、大豆。2、食用菌类。3、海带。4、坚果、种子类食物。5、鱼类及海产品。6、牛奶及乳制品。7、各色水果。8、蔬菜。9、谷类。为了乳房健康应该少吃的食物：1、盐和快餐食品。2、肉类。3、咖啡、可乐。官网http,//@南昌帮: mm果断收藏;//@南昌帮:mm果断收藏;,2013/1/11 23:59,non-rumor
小肯买满10元免费送小可乐，热豆浆，甜筒，热咖啡，四选一！买个全家桶送7杯小可乐，喝可乐喝到饱，送东西送到顾客怕…真心累吖。  ,回复@duoduocw:;真系辛苦啊了;亲，你可以选择不要啊，不送你又嫌贵，送你又嫌多，体谅一下别人的不容易吧;,2013/1/11 23:59,non-rumor
瞬间想喝可乐，然后叫了个KFC，那个送外卖的应该会想杀了我吧，哈哈哈哈  ,哈哈;有我风范;缺德;,2013/1/11 23:58,non-rumor
好女人修炼：1，愤怒的时候，数到30，再说话。2，喜欢的东西自己努力买，不要指望别人送。3，永远不会再有第二个男人像爸爸这样爱你，所以最爱的男人当然是爸爸。4，不要认为找个有钱男人就什么都有了。世界上年轻的女孩子，多的就像货柜上的可乐，喝不喝都无所谓。5，看透的时候，假装没看透。  原图 ,,2013/1/11 23:58,non-rumor
我们在同一个地方生活，就不应该擦肩而过。我在#可乐公寓#创建了陌陌群组【妹子是你掉的砖头吗？】，群号11091727，等你加入。http,,2013/1/11 23:57,non-rumor
"晚上觉得冷,吃了几块巧克力.脸上马上就发了.基本可以判断,我的过敏源扩大了,以前吃巧克力不会过敏.所以,我打算忌咖啡,巧克力,可可,可乐等食品一段时间,顺便把面包,馒头,包子也忌了(医生让我忌面食我一直没能忌掉).看看过敏情况是否会好转.【先让我把早上买的菠萝包吃掉[lt切克闹]  ",回复@肚肚style:P.S. 免疫力不好的话不要经常熬夜~;回复@lobtail:好的，我下载一个XD;推荐你个活法儿网的过日子程序，有不少食物的特性介绍~;,2013/1/11 23:57,non-rumor
冬季感冒分为风寒、风热两种，风寒感冒表现为怕冷、出汗少、咳嗽等；风热感冒表现为鼻塞、痰稠、爱口渴。姜丝可乐只对风寒感冒有效，风热感冒患者喝了适得其反。大枣姜汤可以改善女性手脚冰凉的症状，对治疗寒凉引起的胃病也非常有效，但不适于热性体质的人喝，且大枣糖分高，糖尿病患者也不宜服用。  ,,2013/1/11 23:57,non-rumor
【饮酒千万别兑饮料】很多人喝酒时，喜欢兑点碳酸饮料。比如红酒加雪碧，啤酒加可乐等，以为这样酒被“稀释”了，可以降低“酒劲”！其实不然，因为酒精在碳酸的作用下，很容易通过血脑屏障进入脑内，造成伤害。饮用会影响健康，导致肥胖和其他慢性病。为了亲朋好友的健康，赶紧@ 他们！  原图 ,还有不同的酒也不能混着喝;什么叫伪科学，这就是典型。建议原PO主去申请诺贝尔奖，以后脑科恶性肿瘤患者一律用碳酸饮料送服药物以促进吸收。傻逼PO主，给你扫盲下，能否通过血脑屏障，只跟分子量有关，跟其他完全无关，你若能证明有关你就发了，那么多科学家都解决不了的问题给你解决了。傻逼无极限！ @博物格子间 快来看傻逼;注意吧;,2013/3/6 11:02,non-rumor
"喝太多可乐,躺了一小时了,还倍儿清醒，这太不像我风格了幸好明天不用早起  ",回复@蘑菇蘑菇毒蘑菇:三八节。。要放半天哦;回复@Takumiya:我没等到排名就睡着了;回复@徐风:要上班啊。。;,2013/3/7 23:59,non-rumor
@可乐妈_Serena 大城市就是不一样啊，房子好贵啊，另外那谁，shu辣叔可想你了，他要去找你玩去  ,哈哈。让shula叔直接给我电联！你是有钱人，米兰的房子都不适合你;,2013/3/7 23:59,non-rumor
#韩国物价#想了解韩国物价？看看韩国大卖场里水果、零食、饮料、牛奶都卖多少钱吧！一个西瓜约RMB 152，一个哈密瓜约RMB 98，一串香蕉约RMB 28，一盒草莓约RMB 40，一袋苹果约RMB 35，一包薯片约RMB 7，一盒巧克力派约RMB 38，1盒牛奶RMB 14，一罐香蕉奶约RMB 4，1.8ℓ可乐RMB 14。你觉得贵吗？  原图 ,@谭霞芬 去吃水果就悲剧了;@贤旭love_;回复@弄面孔上有屎粒fanning:你是想说keng qiang na吧！;,2013/3/7 17:59,non-rumor
桥头bp加40升93，送可乐，昆仑山 我在这里,回复@小希_西西:没有那么贵吧，只是水一瓶而儿;回复@肥婆粒:我地啊，长期有野送的，只不过我觉得bp的油好似无甘赖烧，依家好少去加;回复@恋语如锋:好像十五！;,2013/3/8 23:59,non-rumor
是不是觉得自己特心酸，你去试试到天桥底下打一夜地铺；是不是觉得自己特艰难，你去试试到工地上挑一天黄钻；是不是觉得自己特窝囊，你去试试到大街上翻垃圾桶找可乐瓶。你现在过得太苦，是因为过去活得太好。真得太累了，就好好睡上一觉，醒来再干，没有太子命就别把自己当少爷！@law霸闹来  原图 ,,2013/3/8 23:59,non-rumor
 @张哆啦何A梦 @可乐可以加冰了 我们到啦！你们早点睡觉，晚安！ 我在,回复@可乐可以加冰了:意料中的！肯定是安排好了的，她资历最短，她不淘汰谁淘汰！;尚文杰着淘汰了;,2013/3/8 23:58,non-rumor
唉，点解5饮得酒，3度的水果酒，头痛的像喝了几杯白酒。。。好弱，以后不碰，别逼我，帮我点支可乐好了 我在,回复@胡尼玛撸贝斯煲糖水:听说有，喝前喝一勺纯的;回复@周嘉琦很想很努力:有用吗？;喝蜜糖;,2013/3/8 23:58,non-rumor
收藏了 //【喝可乐吃炸鸡易刺激雌激素分泌】http,,2013/3/8 23:58,non-rumor
每次他们一起出去玩，她总会买可乐给他喝，他说为什么你每次都只买可乐呢？她笑笑说，因为可乐和恋爱是好朋友，我希望它冒着气泡跳跃在你的胸膛里，去帮我问问你的心，到底喜不喜欢我！从此他不再喝可乐。后来可乐告诉我了，你不喜欢它也不喜欢我。  原图 ,,2013/3/8 23:58,non-rumor
【可口可乐的经典包装】左至右依次为：1899年 – 1900年 – 1915年 – 1916年 – 1957年 – 1986年。（1899年，即清朝光绪二十五年~OMG！）  ,,2013/3/8 23:57,non-rumor
赶在12点前离开公司了.... 的士司机看我这么悲催的加完班 很可爱的祝我节日快乐~... 还要送我一瓶可乐 还让我回家必须吃两个味道的方便面庆祝一下...... 我连走路的力气都没有了 怎么煮泡面... finally i can have a rest!!! what a day today!!  ,回复@Daisy飘飘飘:哦 你还有吃饭喝二两的习惯呢;回复@庄儿妹:没有了 都喝完了;回复@Daisy飘飘飘:猜你肯定备着 少喝一点;,2013/3/8 23:57,non-rumor
这就是终极。。。坐等更新。。。@sneaker-fax @其实我是百事可乐啊喂  原图 ,大丧尸。。。;,2013/3/8 23:57,non-rumor
当好劳累的时候，一只烧春鸡+一杯可乐就OK了~哈哈~！我仲未霖到听晚带啥啊？怎么办？？  ,呵呵！没有就只有献吻了;,2013/3/8 23:57,non-rumor
昏暗的烛光，牛X的骰子，一半的可乐，微醺的人们，我们在寻找什么？？  原图 ,回复@艾妮玛活的很带感:好吧，有缘…;回复@黑猫警长小艾:哇哦，我们住的很近额。。。;回复@艾妮玛活的很带感:是吧，我家在楼上好吧;,2013/3/9 23:59,non-rumor
【可乐的六种妙用】①可乐放锅内煮沸可把锅底烧糊物质去除；②染发后颜色重，用点可乐洗头会让颜色变浅；③把首饰放可乐里用牙刷清洁，能让首饰重现光彩；④把可乐倒入水壶里一天后能清除残垢；⑤把可乐和番茄酱以一比一混合能够做出美味的烧烤酱；⑥可乐倒入马桶能洁厕。  ,,2013/3/9 23:59,non-rumor
"五分钟前刚把两个翅和两块原味鸡的皮, 还有一杯可乐塞进了肚儿里..... 哎, 肿么就辣么没起子呢我!!   ",,2013/3/9 23:59,non-rumor
" @熊小团1127  得血小板减少性紫癜 疾控中心找专家会诊的结论就是不排除疫苗引起的。这个病没有对症药物 只能吃激素维持（上图是可乐以前，下图是近照）。可乐妈说是进口疫苗，流感第二针赛诺菲巴斯德，打了疫苗以后出现血小板减少性紫癜。提醒：如果打了疫苗有不对劲的要及时上报....  
原始用户",,2013/3/9 23:59,non-rumor
"想念여의도的樱花林荫路,想念仁荷校园内樱花大道下弹着吉他唱着벚꽃엔딩的欧吧们~还十分十分怀念坐在樱花树下吃炸鸡喝可乐!~我想吃炸鸡!~ 我在",,2013/3/9 23:58,non-rumor
以后的国安球迷估计得弄个入会仪式 入会的都得宣誓 我志愿加入国安球迷协会 做到年年涨价不喊贵 场场都喝可乐水 不擦干净附近的椅子 绝不回家 每年都买一瓶酒 谁敢不遵守以上制度还说三道四 我绝对做个真北京人 真球迷 把这些矫情的人骂死。。。宣誓完毕 我在这里,,2013/3/9 23:58,non-rumor
谢谢你们，让我觉得很幸福@七年-走起 @可乐的盛夏光年 @vamos8 @婧小七  ,回复@易大胖纸:[呵呵]谢谢;生快，生快。;回复@可乐的盛夏光年:屁！;,2013/3/9 23:58,non-rumor
从下午到现在 一没注意喝了5瓶可乐。。。以后得慎重 我在,,2013/3/10 23:59,non-rumor
 你什么时候能把可乐喝到这个境界，你就成功了！  http,,2013/3/10 23:58,non-rumor
今天去亚马逊下单，满150减30，可乐了！于是把计划买的买了，没计划买的也买了，刚才发现计划买的漏掉了一本。我会再回来的[淚][淚]  ,回覆@不死之灵魂:哈哈~也算是看了好久了~就是漏了一本~;回覆@臭p红:我看的可杂啦！泰戈尔诗集，欧亨利小说集，看见，寻路中国，致我们逝去的青春;求介绍;,2013/3/10 23:58,non-rumor
十杯水都不如一瓶百事可乐可乐 好求口渴  ,晓得了哈！;回复@霍渣渣:人才市场我还没去过，你去搞哈嘛！;回复@欢欢欢欢huan:嗯但是人才市场呢我觉得网上的很难等的感觉;,2013/3/10 23:58,non-rumor
永生难忘的回忆，一个字，爽。。。。。有你们此生无憾啊。。。。。。@麦日芳 @MXL2B麦片 @OlD-麦 @LoveLoveLove-MZC @最近喜欢喝可乐的阳光妹妹  原图 ,哟，不错哦 @HingLiang;肯定有//@麦日芳:;耿系啦，因为有…………两个大嫂啦嘛，讲笑哈！//@最近喜欢喝可乐的阳光妹妹: 跟你们在一起，无论在家还是出到外面，感觉好温暖，好开心 //@MXL2B麦片:;,2013/3/10 23:58,non-rumor
这边将遍布我们种的甘蔗@_@@厕所歌星 @可乐啡咖 @柳州青年黄小翔 @再次装酷   原图 ,,2013/3/10 23:58,non-rumor
 《北京主场球迷不满裁判扔可乐》 (来自 @新浪体育) http,,2013/3/10 23:58,non-rumor
部分新道具，都有情侣装！还有N多充气道具！最近一直忙着外面的推广活动，没多少时间增加一些服装道具，大家有啥想玩的，也可以留言说一说，可乐很乐意听取大家的意见，大家开心就系可乐的追求  原图 ,回复@可乐照相馆广州店:;回复@vins930:3月14日，全日有无时间做兼职？;古装穿越！哈哈;,2013/3/10 23:57,non-rumor
【韩语常用词汇】오렌지쥬스 柳橙汁 포도쥬스 葡萄汁 콜라 可乐 사나다汽水 아나스커피 冰咖啡 커피 咖啡 카푸치노커피 卡布奇诺咖啡 비엔나커피 维也纳咖啡 만트닝커피 曼特宁咖啡  原图 ,,2013/3/10 23:57,non-rumor
很想做到不去想你 也没有觉得伤心也没有觉得痛心疾首想要捶胸顿足 可是在接完电话后 老是出现幻听 我们一起唱过的林宥嘉的残酷月光 我们都喜欢林宥嘉 我们一起走过操场 我偷偷翻看你客厅的书 那么多的人为你伤心那么多人记住你 我就算了吧 以后记得再相遇记得再请我吃寿司请我看电影记得还有可乐  ,下辈子再见 下辈子再告诉我 你怎么骗我说 你喜欢长头发的女生;,2013/3/10 23:56,non-rumor
晚上回来的时候不是给你买了一碗方便面和一个大煎饼了么 还喝了一瓶可乐 是 你是一天没吃 可晚上你都吃了这么多了 刚过几个点阿 你又开始叫唤饿 你让我情何以堪 你能不能让我保持体型了阿 我整死你信不信 要么瘦要么死没听过阿 夏天快要来了没听过阿 泥妹的胃！  显示地图 原图 ,你好美女;美！;,2013/3/10 23:56,non-rumor
平安在阳光下，说说快乐那回事，是不是很应景？其实心里那抹阳光比什么都重要，自己开心才能给大家开心，你说呢？喜欢这类温暖的题材 @可口可乐  ”http,;哎。。。这条最上面的评论都是雪雪，千树梨飞雪，你有印象么。。。要走的留不住啊呵呵;回复@刘姝shuzi:;,2013/3/11 15:53,non-rumor
从某种角度来说，可品可乐教育我们饮料业的模式是什么！LV包教育我们时尚的模式是什么！地产业教育我们投机业是什以！IT业教育我们现代企业的模式是什么！我们正在接受世界工业的模式的教育，只有这样的我们才能和世界真正接轨！对于这些我们可以不用，但不能不了解！！不知道那就是可怕的事情！！  ,,2013/3/11 23:59,non-rumor
经过大会批准!应观众要求特发此图@z-锐绵 @L耿武I @个啊佳燕啦 @-Z晓娜 @啊曼玲Strive @李畅然_喝着可乐继续耍流氓 @李嘉仪_Hao的爱人 @LLLLL_老尾 @Mmmmmmnn_ @vjd李玉武 @z--丹平 @郑梓超 我在,亲，把这图片给手哥虐一下应该很MAN;回复@_李_斯煜:字怎么变了呢！;要怎么说呢…哈哈哈哈哈，不错不错。;,2013/3/11 23:59,non-rumor
左手边桌角下有一瓶前天喝了一半的可乐，此时特别想拎起来喝个两口，爽一下，可一想到今晚累到半死跳的一集郑多燕可能白跳，作罢，只好苦逼兮兮的拿起手边的白水喝了两口。[悲催]#就是特别惨啊#  ,,2013/3/11 23:59,non-rumor
你看他们整的好哟，@G佳怡 游戏耍起，七星椒吃起，可乐喝起的。 我在,,2013/3/11 23:59,non-rumor
【戒掉可乐】将煮熟但未去皮的鸡蛋泡入可乐中，一年过后，鸡蛋皮化成了渣滓，而鸡蛋完好无损！而可乐影响人体对钙的吸收，对牙齿及骨骼有损伤已是公认的事实，朋友们，少喝可乐！  原图 ,@Fairy謎_ @周杰小伦伦 戒掉可乐吧同志们！;@H_yolg 戒可乐雪碧;鸡蛋放那一年肯定臭了，是不是戒掉空气啊;,2013/3/12 19:59,non-rumor
为什么我要叫汤圆呢。因为我的古牧小男友〜一个叫可乐一个叫汤圆。和它们一起我就特别安心和开心@大胖子奎奎  原图 ,回复@小胖子是汤圆:;回复@大胖子奎奎:。。顶你妹！他是你最大的情敌[挖鼻屎];他不是要顶你么，你还快乐。。。;,2013/3/12 23:58,non-rumor
一个小时之内跑了不下10次厕所。。果然打牌赌喝可乐比喝酒更带劲。。 @Joyin_弓长茵 @chen陈嘉淇 @日玉清 下次咱们再来 我在这里,回复@离家出走的小妖:;回复@日玉清:;好 奉陪到底;,2013/3/12 23:58,non-rumor
好久没吃汉堡加可乐了，胃痛，我还要看米兰呢  ,回复@evonnemahang:桑透了偶的心。。。身坚志残？还不如身残志坚，你得对此负责到底[挖鼻屎];回复@熊猫O乱马:二手烟[挖鼻屎];回复@似是故人_:天暖点;,2013/3/12 23:58,non-rumor
"你越来越厉害了。。。这个也会。。。我要可乐味道的。。。下次再见准备好哦。。。@瞿少少 要什么口味的  
原始用户",,2013/3/12 23:58,non-rumor
无法遏制的欲望在胸口翻涌~ 我~我~我~ 我~好想喝一瓶冰镇可乐啊~~~~~~🍹  ,回复@歌派儿:晕，不是啊，就是渴的很想喝冰水。。嘻嘻;冲个冷水澡吧，这样可以让你抑制下你的欲望！呵呵！@嘛嘛琳 她又发春了！呵呵！;,2013/3/12 23:57,non-rumor
@梁晓彤MissSimple 远离可乐//@香槟的夏天,,2013/3/12 23:57,non-rumor
今天给可乐宝贝拿出的新玩具----磁性黑白板。把家里的冰箱贴往上贴啊贴！后来有拿出彩色蜡笔开始画画。具体画什么知不道！俺们不懂抽象派的大作。  #Weico+#@甘蔗滴 @小石头芳  原图 ,,2013/3/12 23:56,non-rumor
2013年3月12日 23：59 前终于赶得及播下两粒种子！要快高长大哈~不要这么快死在我手里咯！可喜可贺可口可乐！[落叶]  原图 ,回复@幸运星crystal:嗦的丝捏;[bm可爱]左下角那个乌龟我也有个一样滴;,2013/3/12 23:56,non-rumor
 @似水流年的茄子 @博一笑0411 @Coldfirer @Happy薯条2011 @乐视Anita @沙漠里的可乐罐 @Sophie__Ma @wiwiya @vivi_这些年 。你们吃过西红柿炒土豆的吗？我今天看见有人吃了，我是没吃过啊！ 我在,薯条蘸番茄酱的感觉出来了;没 不会中毒吗;没见过。咋炒的。土豆片啊。块啊。还是丝啊;,2013/3/12 23:56,non-rumor
刚才在百货看见一老兄真是搞笑.他刚打开可乐喝两口，晃了下，井喷了。拿嘴去堵，坚持着，终于从鼻子里喷出来了。。。.  原图 ,,2013/3/13 23:59,non-rumor
 @可乐a仇 说好要不吃东西的，结果还是饿了要吃烧烤。 我在这里,回复@适合短发:本来是不吃的呀~还不是因为某淫大驾咩~;回复@可乐a仇:她貌似晚饭也吃过哎…还假惺惺的说本来不吃的;;,2013/3/13 23:59,non-rumor
【交际场合非喝不可情况下的自我保护】1.不空腹喝；2.喝酒前最好喝杯牛奶或者酸奶；3.不可与可乐，汽水等碳酸饮料混合；4.提倡多吃绿叶蔬菜和豆制品；5.吃海鲜大餐时尽量避免喝啤酒；6.提倡喝红酒 。  ,,2013/3/13 23:59,non-rumor
天上的星星要睡觉了，楚凡小小盆友也要睡觉了吧！小可乐跟爸爸晚安！  原图 ,夠，夠光;回复@李暖nuan:默契;父子俩表情都一样;,2013/3/13 23:58,non-rumor
哈哈哈可乐有的是！//@Swan_Miss想太多,,2013/3/13 23:58,non-rumor
一碗饭，几碗汤一瓶矿泉水，一瓶可乐。两条香蕉，一个米粉，一笼蒸饺，一杯冰沙。一条雪糕，，想不到回到宿舍还有双皮奶和啤酒……今晚的胃该知足了吧  ,回复@Elaine660:唔多杂之;你也吃太多了吧;回复@Coyou2011:;,2013/3/13 23:58,non-rumor
人生不如意十之八九 想喝可乐的时候 突然发现售卖机只剩雪碧🙀 哎 只能咽着口水想着可乐味😿  ,说的这么惨 2楼有的;回复@宝小jing:额……半小时前可以有……哈只;回复@胖兔子_宝宝:嗯呐 要的 快给本宫送过来;,2013/3/13 23:58,non-rumor
美国人、荷兰人、墨西哥人和德国人去酒吧。美国人说“给我世界啤酒之王百威”；荷兰人说“给我全世界最好的啤酒真正的泉水酿的喜力”；墨西哥人说“我要最出色的啤酒科罗纳”；德国人说“可乐”。其他人惊问：“难道德国人没有值得自己骄傲的啤酒吗？”他淡定的答道“既然你们都不喝啤酒，我也不喝。”  原图 ,@_早安lili 酒鬼;德国人果真腹黑到家了，冷笑话之王啊。;既然你们都不喝啤酒、、、;,2013/8/18 14:28,non-rumor
第363天，带小家伙出去玩儿，都说可乐来了就热闹了，他可是主角！是哦，他整天不是把这个弄哭了，就是把那个弄喊了，自己却乐呵呵的，能不热闹嘛！  ,回复@SWY-小唐唐:;搬新家啦;,2013/8/19 23:58,non-rumor
"我和强仔的默契真不是盖的!小可乐都一岁多了,前些日子聊天才知道他一直认为孩子名字是他起的!可我一直很骄傲的认为我起的名字还不错! 我在这里",说到这 可乐大名叫啥啊;,2013/8/19 23:57,non-rumor
#上海夏天#酸梅汤，纵然有各种可乐、果汁，但大家最爱的消暑清凉饮料永远是那一碗酸梅汤！大汗淋漓时，喝一杯冰镇酸梅汤，再打个嗝，那团火就灭了，真瑟意！话说酸梅汤历史悠久，乌梅、山楂、甘草为主料，经传承改良，如今已是酸甜可口、止渴降火、祛痰止咳的极品。  原图 ,好久没有吃了;回复@乐游上海:外滩看黄浦江，城隍庙吃油泡面，圆明讲堂看圆瑛法师遗物展，淮海路上练心志，梅龙镇里喝喝茶，静安寺里拜金佛。;回复@佛光达摩:是啊，还有什么推荐丫[花心];,2013/8/20 10:51,non-rumor
@极限滑手-可楽 HAPPY BIRTHDAY 可乐锅锅27岁咯……童鞋们快来送祝福吧！蛋糕有点大@陪自己看星星_龙振宇 @PS丶观音 @ps-源源 @哎哟喂-这不是梦蓵妹纸迈 @爱刹车的小婉儿 我在这里,祝可乐哥哥生日快乐;回复@阿宝GD东莞V都市轮滑:多少度的火?;回复@ps-源源:;,2013/8/20 23:59,non-rumor
我在想你们了。想我们的108，想我们的夜游，想我们的可乐，想我们的游泳池，想我们的圭峰山想你们。。。求约会，求见面，求聚会[被电]@陳-大橙大师 @M-oll-Y @-在狂奔的蜗牛 @爱灏宝宝 @Belinda_Lady  原图 ,求圭峰山泳池开放时间;miss you;回复@-在狂奔的蜗牛:你地有人上班。有人又在深圳。。。;,2013/8/20 23:59,non-rumor
姐今晚的两大杰作，都是第一次做，什么时候再开趴啊@魏格纳的朋友 @大眼仔的妈妈 @伊甸园园主 @Just_keep_waiting @可乐猫丁丁 @辛亥革命的三枪 我在,回复@秦媛QINYUAN:我也喜欢，下个就做芝心的;回复@鼠男米米:青椒好吗，只是切颗粒啦;你不是披萨加葱花那么混搭吧！;,2013/8/20 23:59,non-rumor
给我一瓶百事可乐我可以变成麦霸  ,,2013/8/20 23:58,non-rumor
不知道为什么，好像不想睡觉。。收拾好东西，出去到处逛吧，我知道自己在家待不久的。。有姐姐陪我，发觉今天过的特别快，很满足的说。。第二次弄可乐鸡翅，时间太赶，可惜没弄好，姐等下次再吃啦。。#一路行走#  ,回复@lilyward:看情况吧，有时间再玩;回学校玩吧……;你好，话题#一路行走#暂无主持人，赶快去抢吧！http://t.cn/zHwTXRq;,2013/8/20 23:58,non-rumor
今天晚上为节省时间去吃肯德鸡。一个鸡腿汉堡，一对烤翅，二对辣翅，一个大份薯条，一杯可乐。。大叔神了。。。 我在,回复@爱冬草:;好久没吃过KFC的人表示很想吃;回复@温州程凡01:;,2013/8/20 23:58,non-rumor
微小说的特点是在看完前永远都不知道故事的最重要的情报。所就像我现在心中想的主角也许是楼上老王，他的老婆昨天和领导在办公室调情时，被秘书小李看到了，小李醋意激增发作时不小心把可乐撒在了裙子上。然后在回家的时候被家里正要出门的阿旺舔的一干二净。阿旺出门的时候吃了街  原图 ,,2013/8/20 23:58,non-rumor
第一天的晚餐，我平时不喝可乐的人也喝了，因为太渴了 我在,不错哦~  关注你好久了，也关注下我呗，hoho~;,2013/8/20 23:58,non-rumor
去你妹的，死垃圾，鬼地方，一个月停二十天水，还总是在洗澡时停，不然就流黄水，脏得要死。物业，我诅咒你全家……收了钱说洗水池，开了水龙头不是可乐就是咖啡……不然就来个停水计。@湛江电视台第一视线 @湛江潮流情报 @湛江晚报 我在这里,回复@在水里梦游:没水洗澡;回复@不是好人的张振宁的微博:。。。你家收留收费?姐不用钱住的地方还是有的，干嘛要浪费钱吖?;来我家！收费的，欢迎沈老板;,2013/8/21 23:57,non-rumor
"通过@微盘 下载了@可口可乐 分享的""Mayday__MV_(Coke_Ver)_-0810.mov""，推荐给大家！ Mayday__MV_(Coke_Ver)_-0810.mov   原图 ",,2013/8/21 23:57,non-rumor
"@可乐里开出的花 军训的时候有没有星期天的休息啊? 我刚好军训中间过生日,想跟同学出去玩啊.  ",回复@可乐里开出的花:杯具了。。。。。;学姐只能说，，，呵呵;,2013/8/22 23:59,non-rumor
好饿，明天去食堂吃热干面+韭菜饼+可乐好了。感觉口味有点重。  ,,2013/8/22 23:59,non-rumor
【大叔随手拍】#可口可乐渝美食#不知道此时此刻的小伙伴们睡觉了没，黑马我发图了，不管你们看与不看，美食就在那里，不离不弃。。。@闷骚小红 @重庆杜秋@长安野人@何泛泛@二手牛忙@惊涛拍雪-cq @渔儿de眼泪 @HeliusLost@_Backlight_@Becky赵幺幺@可口可乐重庆  原图 ,*^_^*【抑癌蔬菜排行】熟红薯98.7%，生红薯94.4％，芦笋93.9%，花椰菜82.8%，卷心菜91.4％，菜花90.8%，欧芹83.7%，茄子皮74%，甜椒55.5%，胡萝卜46.5%，金花菜37.6%，荠菜35.4%，苤蓝34.7%，芥菜32.9%，雪里蕻29.8%，番茄23.8%。⊙ o ⊙http://t.cn/zQsYfA9;回复@闷骚小红:o;回复@Susie_Su_:哦;,2013/8/22 23:59,non-rumor
#我的网址我的可乐#360导航，你也太有个性了吧！玩个性网址还有独一无二的可乐定制瓶拿，我和我的小伙伴都惊呆啦！这货亲自给我做一瓶有我的名字的可口可乐啊！ （分享自 @360导航） http,,2013/8/22 23:59,non-rumor
怎么感觉这么凄凉的...喝一罐可乐都要自己掏钱...//分享网易新闻,,2013/8/22 23:59,non-rumor
我们是红色家族[做鬼脸]@可口可乐 @可口可乐中国  原图 ,,2013/8/22 23:59,non-rumor
真爽。。。我想吃拉面，想吃炸鸡，想喝啤酒，想喝可乐，想吃串儿。。。【视频：【高清】范冰冰三得利乌龙茶30秒广告【日本版】【吃面】【清纯】】 （分享自 @优酷网） http,,2013/8/22 23:58,non-rumor
"帮你转！@阿信 @五月天 为了几个公仔，我连全家每天什么时候进货都知道了，还有直营店跟加盟店的区别，跟可乐的供应商哈拉，跟店员开玩笑装熟，可是我必须要讲，我服了，还有更厉害的五迷为公仔去跟【全家】送货的货车，连司机都搞掂了！【你问我爱你有多深，我爱你有几分。。。】呜呜  
原始用户",回复@失晕鱼鱼:你直接叫怪兽给一套你。;tnnd，为了这几个公仔，不但原销奉还，还发微博以身相许做咕喱，为了@五月天 豁出去了，可怜下我，让我问抢到一套吧！@Mayday瑪莎 @monster怪獸 @阿信 @五月天頑石 @冠佑Ming;,2013/8/22 23:57,non-rumor
【轻松搞定鸡米花】自制鸡米花，搭配可乐，躺沙发，看电视，玩电脑，这就是屌丝想要的生活。#美食#  [组图共6张] 原图 ,@慢热的麦兜;做了，味道好不错…;回复@吃饱了睡觉好长肉:我收藏了;,2015/4/8 10:23,non-rumor
这两天做题做的生心具疲，100%啦！#春色#好累阿〜好好给自己充充电！🌻好想喝可乐哦〜晚安〜🍀  原图 ,,2015/4/8 23:59,non-rumor
#白开水小姐与可乐先生的爱情#是不是就像可乐掺上白开水就变得不好喝一样，就算白开水小姐再怎么喜欢可乐先生他们也不会在一起  ,,2015/4/8 23:59,non-rumor
看过这样一个视频来揭秘的，其实是翻过来的，一个肌肉男通过喝可乐，吃膨化食品，一个小时就成一个大胖子，有兴趣去优酷去搜。 //@全球健身中心,,2015/4/8 23:58,non-rumor
@進撃的龍醬 @hancy @可乐乐的真爱们都身高171 周六那场中了哟中了哟中了哟！谢谢@Icy_黑皮嫂 谢谢@人格分裂症候群  ,恭喜www;也谢谢V总帮抽票！！！@米斯特薇;回复@人格分裂症候群:qq上谢过了，但是不知道wb是啥~;,2015/4/8 23:58,non-rumor
上周一大学室友在群里说他那边新开了一家会所，要我们过去玩。我们都是成年人了，都跃跃欲试，甚至几个成了家的都忍不住。哥们又说：你们来，我包吃包住包玩！然后我们就约定周末去了。晚上到了，通宵的玩，喝着可乐雪碧，吃着烧饼包子。真尼玛坑，原来新开的是网络会所！  原图 ,,2015/4/8 23:58,non-rumor
可乐鸡翅…辣椒炒肉…干瘪四季豆…酱黄瓜…咖喱鸡肉…地三鲜…水煮鱼…麻辣鱼…紫菜蛋花汤！宿舍能人多！二萌生快！@yi萌萌萌主 @王斓Y @乖乖隆地咚小姐 @rose没有丝  原图 ,有木有视频！》最近还做吗！;回复@WangyuAnyuaNY:还怕老鼠来光顾;回复@M_an-527:不早说！！！！;,2015/4/8 23:57,non-rumor
【蒜香可乐鸡】琵琶腿洗净剁小块加盐抓匀放置15分钟。放沸水中汆烫下捞出洗净浮沫沥干。热锅凉油，放入姜片，拍碎的蒜和葱白，小火慢慢煸炒。炒到姜蒜有点金黄色，香味出来。放鸡块翻炒，加料酒，生抽翻炒至微微上色，一点盐调味。倒入一听可乐煮开，小火煮20分钟左右。大火收汁，撒上葱段拌炒即可。  原图 ,,2015/4/8 23:57,non-rumor
@中一在线 微博曝光萧山江东工业区污水排入钱江这事儿，新浪都出新闻了。不过，果不其然，总有辩解。如果金中一当时不怕麻烦一点，用个可乐瓶啥的，把污水样本留一瓶，可就没那么好说了。@杭州环保  ,,2015/4/8 23:57,non-rumor
【宅在家，做美食】这次速报酱要介绍如何制作可乐饼～弹幕里有亲们问怎么没可乐呀？科普一下：可乐饼的名字取自法语中的croquette→日语,@little-鸟;@Skwinne;看着不难;,2015/4/9 19:01,non-rumor
你有没有拿着红酒杯子倒点可乐，然后装的很优雅的喝掉。  ,[懒得理你]貌似没有，不过我很喜欢红酒！;,2015/4/9 23:59,non-rumor
Lena莉娜 大云家、MIDA家、谭谭、大C家、fx、apple家、天马、可乐家、小雪家、A-LAN、涉谷、阿晓家、汇美、药、吴梦思、彬彬家、红遍天、RP、pinknono、pinky家、首尔站、臭豆豆、TT家、UNEED家、彩嘉鞋、洋气等逾1300家，全网最低，资源最全➕V信：191577767  #高端独家一手货源##一手货源##一件代发#  [组图共7张] 原图 ,,2015/4/9 23:58,non-rumor
饮料可乐，矿泉水，香烟，送银鹏-九龙豪府，腿儿已送达。  ,,2015/4/9 23:56,non-rumor
儿子班里每个学期都有一次美食节，只可以带自制食品，八人一组，一人带三样，这次分配的任务是可乐鸡翅、饼干等。可乐鸡翅相信每个童鞋都爱的，[花心]蔓越莓饼干，这回用@乖乖与臭臭的妈 的配方，蔓越莓真足料，，还整了个大理石吐司，忙碌一晚，总算完成任务。  [组图共2张] 原图 ,哇哦～～～第一图，内容非常丰富～～都好棒～～～[花心][花心];,2015/4/9 23:56,non-rumor
【每日广告】可口可乐平面广告，质感超逼真，效果超酷。  原图 ,,2015/4/10 23:59,non-rumor
本来打算去广州图书馆的  后来天气实在太冷了就没出门  磨到了五点去买菜 回来之后就没停歇  洗菜腌鸡翅   虽然到了好晚才吃饭  可是有菜有饭还有可乐鸡翅 感觉真的有家的感觉  吃完又开始熬鸡汤  熬了三个小时 鸡汤超美味的   现在肚子还是涨的   这样的生活我喜欢 （煮鸡汤我有秘诀）没有图😭  ,回复@Elraine_:OK;去广图约我啊;,2015/4/10 23:58,non-rumor
暖暖的下午，吃着最爱的可乐味棒棒糖，听着自己最喜欢的歌，去把没看完的书看完…有时候，真的只是在等一个结果，不管你曾经有多任性，幸福来临的时候，你会是乖的…两个下午，一样的路，蓝蓝的天刚变暗露两颗星星的时候最美，吃着棒棒糖坐在电梯台阶上下来的我们很开心…一切都很好，讲给你听…晚安  ,,2015/4/10 23:58,non-rumor
你本来只喜欢喝白水，见可乐很爽口于是加了碳酸，看橙汁很甜就加了糖，正因为你常跟别人作比较，于是才什么都想要，以至于后来，却不知自己真正想要什么。有时候，别人拥有的幸福并不适合你，当你丢掉那些碳酸和糖精，你才是你，当你失去一切的时候，你才知道唯一想要的是什么。  ,,2015/4/10 23:58,non-rumor
#乐词陪我记单词#第10天，背诵词汇751个 天气这么好，背背单词喝喝可乐，人森啊~总得有个目标是不~@乐词背单词 @石雷鹏老师  @尹延  @苏小懒57 谢啦～   原图 ,,2015/4/10 23:57,non-rumor
九种鸡翅的做法~可乐鸡翅、香辣鸡翅、蜜汁烤翅……都是喜欢吃的  [组图共9张] 原图 ,回复@陳扬一:好哒好哒 么么哒;回复@王小潼whatsup:想吃的图都留下;@陳扬一 给我做;,2015/4/10 18:01,non-rumor
今天很高兴参加了@可口可乐乐在上海 举办的金钱豹北欧美食免费试吃会，品尝了很多好吃的，还玩了游戏，赢了奖品@2015Lucky星 上海·银都名墅  显示地图 [组图共9张] 原图 ,回复@2015Lucky星:;收获满满的一天呀[花心];,2015/4/11 23:59,non-rumor
可乐雪碧可兼得 红星路  显示地图 原图 ,,2015/4/11 23:59,non-rumor
今天发现自己好像只有吃药的时候才会喝白水，另外都是喝咖啡红茶奶茶果茶可乐雪碧啤酒牛奶，这样好像不太好吧。。。  原图 ,,2015/4/11 23:59,non-rumor
m记推出了双层麦辣鸡腿堡 多了一整块肉个头挺大 加一杯可乐只要15块 原谅我这一生不羁放荡做广告谢谢  ,回复@Succis:省钱啊其实;又吃炸的还配可乐，饭团君啊;饭团;,2015/4/11 23:58,non-rumor
老夫聊发少年狂，携宝来看午夜场。速度可乐爆米花，激情青春活力扬。  [组图共4张] 原图 ,Rush套套润滑油  一出一进活塞动 嗯嗯哦哦啊啊啊  写不下去了我;看完回家干一场，速度激情两相望，吻一口，地久天长。干一炮，吹拉弹唱。;,2015/4/11 23:58,non-rumor
想吃妈妈做的可乐鸡翅然后窝在一起看电视、爸爸削的苹果、 爷爷做的炸酱面奶奶做的鱼、  实在闲的无聊就看着弟弟打游戏   有得就有失虽然现实无奈但知足就好…… 平安南大街  显示地图 原图 ,,2015/4/11 23:57,non-rumor
冰箱里存了一只可乐，高兴不高兴的时候打开来喝一口。  ,回复@马伟_2:可乐能醉人我也是醉了;回复@摇小马:喝两口就醉怎么喝得完……含糖碳酸还是少喝了！;然后直到过期了你也没有喝完;,2015/4/11 23:57,non-rumor
一组上世纪广为流传的可口可乐广告海报，【性感可爱的复古风】相比现在【简约炫酷风】和【明星云集的广告片】，你更喜欢哪一种？╰(●'◡'●)╮  [组图共9张] 原图 ,@JC-walker;美;回复@Seng小慕:对的！办公室的墙壁上面有挂着;,2015/4/11 12:00,non-rumor
我见过最漂亮的手是给我擦鼻涕的手 我哭的最快的时候是看到你 我喝过带气泡最多的可乐是两分钟到我楼下的可口 我最雀跃的下雨天是撑的你的伞 我淋过最大的雨是你烈日下的不回头 这些你变成了生活的你们 首南东路  显示地图 ,[悲傷];生活中好多的感动，一个个都是鲜活的心。文艺鸟。;,2015/4/12 23:59,non-rumor
@TL丽芳 下午打电话警告我，据说是她昨晚梦到我和她在监狱里面，解梦说在她梦里出现的人最近会走霉运，结果挂完电话不久我和闺蜜公交车坐过站！晚上动车票买错买成明天的！改签又没票！可乐还没开喝就倒了！晚上班会没去被记班导记三节旷课！看时间的时候手机摔在地上！结果屏幕…裂了  原图 ,回复@0-_郭莉莉:会中的！;回复@0-_郭莉莉:;回复@0-_郭莉莉:明天啊;,2015/4/12 23:59,non-rumor
1183 刚刚把“速度与激情7”看完，该片主要表达了：赛车、肌肉、美女、暴力、家庭......如何要用东西比喻，顶多算是可乐，基本没什么营养。  ,,2015/4/12 23:59,non-rumor
【可乐鸡翅】1.鸡翅洗净，加入盐、油、酱油及姜片腌3个小时；2.蒜头起热锅爆香；3.把鸡翅煎至微黄；4.砂锅中倒入可乐，煲至沸腾；5.加入鸡翅、八角；6.中小火煮至汁变浓，最后调入盐、老抽。   原图 ,,2015/4/12 23:58,non-rumor
看电影一直都比较喜欢一个人看！吃着爆米花喝着可乐或者偷带麦旋风进去！这感觉简直就是要升天好吗！！睡前想想就开心  ,回复@elise_y:一个人M痛[睡觉];一个人睡觉😪;,2015/4/12 23:58,non-rumor
免费看书可乐多，今天你看了嘛？免费书城-免费看书旗小说！掌阅最佳追书神器！  ,,2015/4/12 23:57,non-rumor
最近开心的事：1.书桓夸我们app上的漫画好好看！2.和峰峰同框了，最近买百事可乐可能在瓶身看到我3.有一位曾经说“风评问题”拒绝过我们的作者，最近主动说要入驻我们，说通过长期观察觉得我们团队很真诚很棒！4.收到凉风老师一封非常感人的信。跟大家分享  [组图共9张] 原图 ,超棒的(๑˃̵ᴗ˂̵)و;我家峰哥;其实我觉得安妮的漫画画的很不错啊;,2015/5/15 22:23,non-rumor
小浪花，生日快乐哟。祝你早日找到一个好男银。希望明年还能在一起玩耍，最后愿你岁月静好，安然若素。@宁夏请我喝可乐  原图 ,,2015/5/15 23:59,non-rumor
【可乐排骨】自从可乐鸡翅风行之后，就喜欢用可乐烧荤菜，今天再来道可乐排骨！端上桌，可谓艳ι惊四座，吃上一口就停不了口了，哈哈……  ,,2015/5/15 23:59,non-rumor
可乐坚强，今日拔甲，决定正确，甲床有裂口超过8小时不可缝合，清除淤血和脓液。谢谢你，打麻药的时候还哭喊妈妈坚持不住了，之后在安慰我妈妈不痛了，而我一直处于晕血中，眼晕耳聋腿软，为了儿子拼了！  [组图共9张] 原图 ,,2015/5/15 23:59,non-rumor
超慢镜头捕捉曼妥思与可乐产生的化学反应 http,,2015/5/15 23:58,non-rumor
我的微博等级达到Lv13喽，还获得了3次抽取专属好礼的机会！变身土豪就靠ta了！ @精神病加神精 @我心太可乐223 快来帮我赢取额外抽奖机会吧！详情请戳→帮助好友拿大奖  原图 ,,2015/5/15 23:58,non-rumor
爱犬“可乐”也是醉了～携马鞭草实拍图祝福亲们晚安，周末愉快！  [组图共4张] 原图 ,,2015/5/15 23:57,non-rumor
大可乐直接拉低了其他手机的逼格，严重怀疑小编是在黑其他手机。 //【国家领导见面互赠手机？盘点那些年的国礼手机！】http,,2015/5/15 23:57,non-rumor
看完19块送爆米花和可乐的妇联2，大龄女大学生农院路火炬路宵夜游 农院路  显示地图 [组图共4张] 原图 ,回复@YY来过:没有第一部好看，全当看人脸了;好看么？;,2015/5/16 23:59,non-rumor
18.8团的还送了可乐和爆米花。这家电影院3⃣️d还不错效果。感觉还是一比较好看。  [组图共2张] 原图 ,,2015/5/16 23:59,non-rumor
【牛人】世界上最大的嘴巴 口中能含一瓶可乐 ！！未经家长同意切↑勿模仿！！  ,,2015/5/16 23:58,non-rumor
樱桃味的可乐，我先帮大家尝尝哦！~[花心]  原图 ,,2015/5/16 23:58,non-rumor
十八块五=3D复联2+一桶爆米花+一杯可乐，再也没有比周末看场电影来得解气过瘾了，色构什么的滚一边吧👏👏  [组图共9张] 原图 ,👍;回复@Is魚田田:Yes;Is it a good one?;,2015/5/16 23:58,non-rumor
乐宝贝新歌《我想有个温暖的家》的MV已出炉新MV看得姐姐好心疼乐乐将这首歌诠释得非常好，相信大家看了MV，都会被乐宝贝打动乐宝贝不哭，让可乐糖为你遮风挡雨你，要快乐长大@刘乐乐--音乐天使  [组图共9张] 原图 ,回复@刘乐乐美图网:谢谢;回复@刘乐乐--音乐天使:乐乐是个有爱心的宝贝，我们爱你;回复@梦想家女王拥有钻石心i:QQ音乐或酷狗音乐哈;,2015/5/16 23:57,non-rumor
夏天喝可口可乐，清凉，挡不住的感觉，轻松喝可口可乐！  原图 ,没人啊没人啊;,2015/5/16 23:57,non-rumor
#为爱切胃# 非诚一男嘉宾为减肥切除胃的90%！原来一顿能喝2L可乐，现在迷你装的要分三次才能喝完……对自己太狠 社会肥胖歧视之大！非诚男嘉宾切胃减肥！  [组图共2张] 原图 ,然并卵;怎么热评里的胖子这么惨，我挺喜欢跟胖子玩啊，从没歧视过。前任还204斤呢。;回复@October小七:这样，真的好吗;,2015/5/16 19:15,non-rumor
517我要吃，我是吃货我幸福。简简单单的粟米羹+可乐鸡翅+虾仁芦笋——mark@2015.5.17  ,,2015/5/17 23:59,non-rumor
@丹尼崽 自制mojito 手艺不错哦没有雪碧我们用可乐 也是太能凑合了口感不错  原图 ,墨吉托;,2015/5/17 23:59,non-rumor
今日作死：熬夜到4点，晚餐吃了一整份的鸡米花，喝了半瓶可乐，一杯奶茶，六点起渣了两小时基三，玩电脑到现在并刷起了微博_(,,2015/5/17 23:58,non-rumor
看的还是刘大勇的烂字幕，哭笑不得。电影很精彩，老美的特效真的无人能比，搞不懂那些说难看的什么心态，人辛辛苦苦拍这么久，弄电脑的人都很辛苦的！快银为什么不是Evan PetersTOT今天从下午吃到半夜，九毛九玉米汁贡茶墨鱼丸可乐爆米花，酷爱撑死。22号外婆家就正式营业了哟！  [组图共2张] 原图 ,回复@VIII_Z:是他没空;回复@NicoLobin:提前一个星期买票也不行吗;我还没看;,2015/5/17 23:58,non-rumor
有些人相交了几个月，却比认识数十年的人更投机。有些人很久不联系，却可能比天天都见面的某些人更亲近。朋友要像茶一样历久弥醇，而不是甜腻的可乐，喧嚣过后，曲终人散。喜欢的人，要好好珍惜。不喜欢的人，也不要勉强自己去刻意微笑。可以为朋友做一些改变，只是不要改到面目全非就好。  ,,2015/5/17 23:57,non-rumor
今天的可乐没有喝完，可以留到明天喝，一个美好的期待  ,回复@羊毛睡袋_一只大胖:请你紧紧抓住这个室友的肩膀，然后用脑袋砸她的脑袋;回复@拆拆_还是支持小破仁啦:;回复@尾巴_niconiconi:;,2015/5/17 23:57,non-rumor
回馈粉丝，搞个抽奖。在此条微博发布时间之前关注了本组，并在今年内转发过主页任意一条微博的同学，转发本条微博，将有机会得到2015可口可乐粉丝堂好莱坞动漫大展 #李佩斯#【1888VIP票】一张，奖品将于漫展开幕当日现场交于中奖人。5月20日下午5点发布抽奖结果，请中奖者在24小时内给予答复，过期重抽  [组图共3张] 原图 ,求抽我！！！！！;互粉互粉 永不掉粉;回复@别怪我拔屌无情:;,2015/5/18 14:43,non-rumor
三份炸鸡 两份大薯 可乐加冰 谢谢 //@阿凡题是倔强大头妹,,2015/5/18 23:59,non-rumor
我就想说可口可乐花了多少钱在#广告狂人结局#最终集植入了那么个让人永远不能忘怀的广告？！效果太好了  ,,2015/5/18 23:59,non-rumor
听个工人说，他好久没喝过可乐，心酸//@逗逼的日常,,2015/5/18 23:58,non-rumor
最后的最后，这位广告狂人是又为可口可乐创造了一支经典广告吗？再见，唐，再见，那美好的几年。  原图 ,,2015/5/18 23:57,non-rumor
#可口可乐#好想全买了啊啊啊啊啊[崩溃][崩溃][崩溃]  [组图共9张] 原图 ,,2015/5/18 23:56,non-rumor
自从有了小绿杯子，再也不喝可乐咯，一次又健康又换算的投资[拍照] 环城北路  显示地图 ,西食堂门口找不见我的照片;么么哒;,2015/5/18 23:56,non-rumor
可乐，酸奶，柠檬茶，各种粉还有快递堆。你好贼船…  [组图共9张] 原图 ,,2015/5/19 23:56,non-rumor
【宝宝不宜多吃20种食物】1、桔子；2、菠菜；3、鸡蛋；4、浓茶；5、果冻；6、咸鱼；7、泡泡糖；8、糖精；9、豆类；10.人参；11、罐头；12、爆米花；13、方便面；14、葵花籽；1•5、可乐；16、动物脂肪；17、烤羊肉串；18、巧克力；19、食盐；20、猪肝。  ,,2015/5/20 23:59,non-rumor
在家里会很清楚地知道困知道饿，而这些感觉在学校往往被时间赶着走，该吃饭了该睡觉了，就像可乐出门之后几乎忘记所有在家训练成功的动作，兴奋和警惕掺半，紧张多过安乐。  ,,2015/5/20 23:59,non-rumor
可乐贴心小棉袄 刚刚睡觉的时候 她摸着我的手说：嘛嘛你没手表吧 我答：是的 她说：我小时候给你买吧（其实想说的是长大了给你买）买高飞的给你好不好？我听完瞬间泪奔 好暖心的感觉  （因为高飞是她喜欢的手表 我没买到 买了个米奇给她）她见我流泪 接着说：嘛嘛 你别哭 我下午就去买…她以为我哭是因  [组图共6张] 原图 ,,2015/5/20 23:59,non-rumor
今天从早上睁开眼睛起，万事都不顺，是明显的不顺，就连买瓶冰镇啤酒解解愁，却因啤酒被冻到冰柜取不出来，只好拿了瓶可乐，悲催的是喝瓶可乐也不让人省心，揭盖就是赠饮，还得抽时间去兑……  原图 ,,2015/5/20 23:59,non-rumor
我也不明白自己为什么要大晚上吃完冰淇淋又喝一罐冰可乐…🌛  原图 ,我每天都很不明白;回复@DoubleUYS:喝可乐磨牙的人伤不起啊;回复@Nanala辣辣:那你也来试试冰淇淋➕冰可乐;,2015/5/20 23:57,non-rumor
白衬衫男胖友 美翻惹 @_可乐不快乐啊  原图 ,回复@金韩彬的帽子-:单身狗走开;回复@闹不闹得住菇啊:你笑他胖他能看到哦;回复@金韩彬的帽子-:还是被你发现了;,2015/5/20 23:57,non-rumor
