#武汉封城后的市民生活#【对于“封城”，听听武汉市民怎么说】1月23日，武汉“封城”后，街头巷尾，路上行人少了许多，口罩成了每个人必备之物。记者街头随机采访了多位武汉市民。交通不便，有市民表示不能回老家就留在武汉过年。对此次疫情，市民纷纷表示有信心，相信一定会战胜疫情。（郑子颜）@中新视频  http,武汉市民我不知道，但武汉的领导全是沙雕;第一个阿姨的口罩不管用的，要买医用的或者n90n95;市民大姐：最担心没菜吃。记者：为什么呢？;,2020-01-23 22:01,non-rumor
【记者四次探访武汉发热患者定点医院 #武汉市民冒雨排队就诊#】武汉市第七医院为武汉中心城区发热患者定点诊疗医院，23日晚上7时过，封面新闻记者在现第七医院现场看到，有很多市民带着口罩，依然冒雨在现场有序排队等待就诊。23日，据悉上海、四川等地的医疗队伍已经前往湖北支援，武汉还将以小汤山模式建医院。（封面新闻）#武汉封城后的市民生活 #  http,转发微博;好难过;一个门诊有这么多发热的在等待确诊吗;,2020-01-23 23:59,non-rumor
今天#武汉封城#  原图 ,,2020-01-23 23:59,non-rumor
终于封城了，知道这一天会来临，也知道就在这几天，但是没想到是在我回家的前一天，今天凌晨两点下班后看到这个消息，大半年没回家就等过年回家的我内心平静。买票的时候纠结要不要回家过年，即使清楚明白的知道我目前是健康的没有任何病毒，仍旧忐忑不安怕万一，因为那都是我最亲爱的家人朋友，是我每日心心念念的一群人儿，我不愿远方的他们因为我有任何的意外，正因如此思念战胜了担忧我买了回家的车票。第一时间在朋友圈看到封城的消息，我骗自己是谣言，即使后来确定是官方消息，即使知道我今年回不去了，仍然不愿把票退了，抱着一种莫名的期待，从网上出现第一条关于武汉的消息以来我的微信从未有过的繁忙，但是冲在一线的我不知道该怎么回复那些来自那远方的问候，我不知道该如何把握一个合适的度让他们知道我是真的安好，只是告诉他们我可以过年回家报平安，直到今天封城了，微信消息再次不间断的赶来。后来我告诉家人我退票了。就在刚刚我真的退票了。 ,希望安好！;抱抱;,2020-01-23 23:59,non-rumor
#武汉封城后的市民生活#我不出门，我超乖的🙋被窝里的生活也可以多姿多彩[加油]大家要平安啊🙏  [组图共3张] 原图 ,好棒 保护好自己，都会好起来的 同款酒，🍻新年快乐;你这个滑稽就很灵性;还有位置嘛，加我一个;,2020-01-23 23:59,non-rumor
#江苏新增4例新冠肺炎#我希望无锡封城，我怕死  ,我希望每个持有健康验血报告的人才能离开自己当前所在城市;刚回无锡过年，过几天还要回苏州上班，太怕了;+1;,2020-01-23 23:59,non-rumor
封城后的24小时，“空城”武汉的物价、交通 、生活真实状况记录大家都想让城市好起来特别感谢还在坚守岗位让城市正常运转的人特别特别是最一线的医护人员！等大家都好起来我们春天见新年快乐！本视频素材提供给人民网视频和澎湃新闻也可供全网新闻使用，但不要搬运到外网视频所得收益都会捐赠#武汉VLOG# #封城日记#  http,武汉绝大多数人没跑，我们在忍受着疫区恐慌，交通停摆，物资紧缺。我们也是普通人，吃野味的也不是我们！欺上瞒下的也不是我们！确确实实给全国人民添麻烦了！但我们也是最真实的受害者！即使如此，我们仍然承受着。没有任何道理对我们地图炮谢谢🙏;“我知道有一些画面看起来很像电影场景，空无一人的街，临时封闭的城市。但我们知道，『这不是电影，也和电影不一样』。每个人都在用自己的努力让这座城市正常运转。”;终于有个正能量视频了，被键盘侠都骂抑郁了，;,2020-01-24 17:16,non-rumor
我在看：【世卫组织：中国有权采取封城等措施 将为病毒命名】#跟新浪看热点#  世卫组织：中国有权采取封城等措施 将为病毒命名  ,,2020-01-24 23:59,non-rumor
除夕之夜，我过得很幸福，但是我更牵挂有难之人，虽然素不相识，但是家事国事天下事，作为一个弱小的知识分子，比起我面前之福，我更应该去关心这些涉及的万众之福，毫不夸张的可以说应该去关心一个国家 甚至这个地球，相信我们的祖国，相信除夕之夜奔波于前线的医务工作者 专家 领导人，武汉没有封城，只是封住了病毒传播的通道，加油武汉，挺住陌生人…… ,,2020-01-24 23:59,non-rumor
#襄阳挺住# 加油襄阳希望大家安好#襄阳封城# 一个都不少疫情很严重都别出门了加油！  ,,2020-01-24 23:59,non-rumor
能让武汉封城北京所有庙会取消贺岁电影全部下架全国戒备百城空巷疫情一定严重请放下你的盲目自信请照顾好自己和家人对自己和家人朋友负责请不要点赞，请转发，请相互转告！  原图 ,,2020-01-24 23:59,non-rumor
能让武汉封城、北京所有庙会取消、贺岁电影全部下架、全国一级戒备、百城空巷，疫情一定严重到超乎我们的想象了！请放下你的盲目自信... 请照顾好自己和家人，对自己和家人负责请务必取消一切聚会🙏  原图 ,,2020-01-24 23:59,non-rumor
虽然很担心疫情  很担心重庆会不会封城很担心家人身体状况但是千玺弟弟是真的帅2019年平平安安的过去了2020年希望也是平平安安的不求大富大贵  但求家人朋友身体康健 平安幸福🙏🙏🙏🙏🙏🙏🙏哦弥陀佛 哦弥陀佛  [组图共2张] 原图 ,,2020-01-24 23:59,non-rumor
"@河南共青团@江西共青团  @湖南公安 建议与他省接壤的湖北城市，由接壤省份点对点帮助筹措物资，唇亡齿寒。湖北人民也是中国人民，不忘初心，牢记使命。封城封路，但不要寒凉了人心，成为了省和省之间的间隙。没有接壤的城市，应由中央分配给其他省一对一帮助！这样体现了其他省份面对疫情的应对能力！  
原始用户",,2020-01-25 23:59,non-rumor
#疫情辟谣# 【网传长沙封城系谣言】1月25日下午，有网友发布消息称“长沙封城”，自己所乘车辆来到长沙西收费站出口，被告知“封城请掉头”。于是，自己只能返回。就“长沙封城”的传言，记者同时向湖南省高速公路交通警察局相关负责人求证，对方回应，截止25日下午5点30分，全省高速公路通行状况正常，高速交警暂时未接到这方面管制的消息。“长沙封城”传言不实。#封村#  http,,2020-01-25 23:59,non-rumor
非典都没有封城  能让武汉封城多城市所有庙会取消 贺岁电影全部下架全国戒备百城空巷 疫情一定严重⚠️请放下你的盲目自信照顾好自己和家人对自己和家人朋友负责希望一切能够平安顺遂[爱心]  原图 ,,2020-01-25 23:59,non-rumor
能让武汉封城、北京上海成都所有庙会取消、贺岁电影全部下架、全国戒备百城空巷的！！疫情一定严重到超乎我们想象了！我们向来都善于遗忘、容易感动，又自信无比... 新春佳节快乐的同时，请照顾好自己和家人，请对自己和家人负责！钟南山院士呼吁：解决疫情最快，成本最低的方式就是全中国人民在家隔离两周，这样对全国经济影响最小，对生命健康最有利。全中国人民都在家过春节，不要走亲访友，不是人情淡薄，是生命第一。待春暖花开之时，我们都可以走上街头，不用口罩，繁花与共！🙏🙏🙏嘉美汇定制墙面提醒大家防疫情从我做起🙏🙏🙏#嘉美汇定制墙面# http,,2020-01-25 23:59,non-rumor
我好像有当饭圈女孩的潜质……有点小开心呢……传谣言的不得好死！话我就放这！！！不服来辩！！！#南昌封城#  ,,2020-01-25 23:59,non-rumor
【北京市交通委：#北京市不封城#】据中国之声，北京市交通委今天回应，明确表示北京市不会封城。  原图 ,都特么以为封城跟关你家大门一样简单啊;回复@DF6854:如果广东面积比你北京大 经济比你北京发达 那你北京还是个屁首都吗？网络上不缺你这种杠精 当你享受待遇的时候有没有想过其他地方？凭啥你本地人考清华北大就不用那么高分？你用你智商为零的脑子想过么？说到底你不就是认为北京有优越感？现在广东不是感染人数最多？难道是你北京？用点脑吧你;北京有的地方封路了;,2020-01-26 17:37,non-rumor
#抗击新型肺炎我们在行动# 物质充裕省长 一个口罩口误二次 ，长时间纠正，口罩生产能力108亿，后面传纸条纠正10.8亿。再纠正108万。一个周市长，口罩戴反还说刚从疫区回来，整个武汉都是疫区，请问您回的地方是哪里？#武汉封城#  [组图共4张] 原图 ,,2020-01-26 23:59,non-rumor
市政府封城之前七八个小时就出通知 是不是故意给人时间逃跑？县政府村委会泄露返乡人员资料 是不是逼迫他们不予配合？有些人真的该多个屁股才能想明白事情 亦或是非蠢即坏的别有用心  ,,2020-01-26 23:59,non-rumor
#500万人离开武汉#首先我觉得封城确实晚了，重视度不够，导致太多隐患离开武汉四处传播，但是这个问题不应该由我们这些既没出钱也没出力的人来吐槽，因为我们无法以上帝视角考虑事情，我们能做的应该是相信国家相信政府会给我们一个好的结果，在家好好待着配合工作，时刻关注疫情是好事，但是恶语相向非君子所为。 http,,2020-01-26 23:59,non-rumor
无辜这词只配形容不可抗力受到牵连的人，而不是用来形容那些吃野味和封城之后还周围跑去旅游的人，后者是真的会害死人  ,最烦的就是那些鸡屎言论类比，中国这么多人，不都被迫给那少数作死的人买单;那叫死有余辜;,2020-01-26 23:59,non-rumor
我就想说 我是武汉人 我身边的武汉人 都是讲胃口的人  都响应号召留在家里 为了以防万一 从封城到今天 我姥爷 我爸妈 和我们都是独自隔离 原本的团圆完全被打乱了 姥爷80多岁了 今年都没能跟他一起过年  每天吃点面条什么的度日 怎么还有这么多人在骂？走的绝大部分都是返乡的外地人  怎么什么都能怪别人？做人还是善良一点比较好 http,老妹，武汉的水质有没有什么异常;理解，不要在意那些键盘， 我是河南的，表示支持武汉，一起度过难关 ！;大家都懂得。;,2020-01-26 23:59,non-rumor
到处封城封村，我们也两天没出门，三十去了坟，回来就自动隔离，好在过年啊家吃的都有，也没什么特别需要，家里待着挺好。今天基本是村村封了，说明大家的意识都挺强，愿这一切早点过去🙏  ,,2020-01-26 23:59,non-rumor
"不是封城后500w人逃离了武汉98所高校的大学生和外来务工人员的基数就很大 这500w人里面大多是正常放假返乡或旅游的吧 当时zf也没有公开疫情的严重程度 大家什么都不知道……  
原始用户",,2020-01-26 23:59,non-rumor
"大哥，你在家盖上大被捂捂汗不好吗？ 出来瞎得瑟啥啊！没直飞还转机，估计是当时要封城，随便买了张票吧？千言万语啊！你气死我了！  
原始用户",,2020-01-26 23:59,non-rumor
#交通委表示北京不会封城# 北京市交通委今天明确表示北京市不会封城，网友纷纷表达了自己的想法。有人说封城代价太大，可能导致哄抢生活物资等问题！有人说不封城，等800w返程人员一拥而入，北京就要变成下一个武汉！特殊时期，让我们众志成城，共渡难关，武汉加油，中国加油！ http,我觉得钱可以再赚，命没了就是没了;你们说封城就封城，北京是你们个人的吗？那是中国属于每一个老百姓的，就你们只顾小家不顾大家的，如果可以，政府早就封城了，这么大岁数，说话都不长脑子吗;回复@A大大100:你🐎还在吗 打个电话问问;,2020-01-27 11:14,non-rumor
- 回家，是突然间的决定十分钟时间不到，决定结束这一次的西行；询问了家人的意见 他们一路每天都会跟我讲疫情的进展 ；听取了朋友的建议再往西可能遇见封城或者外地人隔离 ；图片是兰州的朋友拍的，下雪的那个晚上我正好连夜赶去吃那一家记忆中阿西亚  http,,2020-01-27 23:59,non-rumor
还是得回归正常如果不写下点什么 以后拿什么做参考呢？醒来第一件事 自然是关注疫情消息眼见数字一天更比一天大且窜的快多希望看见的是一切都过去虽然不看篮球 但科比还是知道的巨星陨落 及其四子女 可能是未来的巨星下午阿富汗一客机坠毁大家都在说 希望重启2020 真的！完全在家的第三天 今日好歹去了菜地及河边上海复工时间推至2.10火车站预计恢复时间为二月底第一次很想回去上班而不是如此般困在家中事情的进展远超估计谁能想到20号之前消息袅袅 哪怕回来时的口罩也是随意戴着22号之后的世界仿若翻天覆地武汉封火车站封高速停运公共交通接着湖北十三市封城宜昌火车站关闭 公共交通停运 乡间道路亦封锁慢慢从不在意的开玩笑到侥幸到没有感情也关注了很多又似乎没有是个别样的春节又一年拼图完成 今年母上是主力军晚安 [组图共7张] 原图 ,,2020-01-27 23:59,non-rumor
封城第五日。今天有事要办所以出了趟门，去了医院、超市、汉阳，车子路过江汉一桥的时候，真切感觉到了城市的空寂。特别难过。  ,加油💪;我要出去玩;还能开车出门吗？;,2020-01-27 23:59,non-rumor
今天居家三宝全面启用，飞行棋、电影和斗地主。老人们也不知道是闷久了还是咋地，都秧tiatia的。中午之后就只有小闹药在线，绝对金霸王。三天年就要过了，可能要收jiang了吧。而我尽量，控制自己刷开手机。任何平台仍然买不到口罩和酒精。盒马也至今未成功线上下单。#封城日记# 第5天 http,我守着零点在盒马刷到了两箱水果，蔬菜秒光抢不到…;加油;只能说一声加油;,2020-01-27 23:59,non-rumor
明天就回家了，不知道封没封城#vlog##临沂大学##校园# 德州·平原县 庶桓Shuan的微博视频  显示地图 ,回复@stresspuppy2:;走心了;,2020-01-27 23:59,non-rumor
#河南硬核# 许昌确诊第一例肺炎病例，今天许昌已经封城，为了防止大众恐慌还发了短信给群众，各个小区开始测量体温消毒，这效率🐂  [组图共2张] 原图 ,,2020-01-27 23:59,non-rumor
孤单想有个家这时候有人陪伴该多好啊封城第四天画画熬汤做运动武汉，加油啊。  [组图共3张] 原图 ,别出门，戴口罩，勤洗手🙏🙏🙏;,2020-01-27 23:59,non-rumor
最近网上流传新型肺炎病毒，一打开网页就是这个病毒，增加了多少例，治疗了多少例，死亡了多少例。不要被公布出来的数字吓到，都冷静下来好好的想想，就算是没有这个病毒普通的感冒，或者是各种疾病每天会有多少生命失去，只不过这些都没有公布出来而已，如果这些死亡数字公布出来是不是每一座城市都要封城，有病毒就有解药💊，不要每天被网上公布的数字吓到，都醒醒吧。好好的静下心来想想。全中国都在戴口罩戴口罩，这几天都戴口罩戴的都快发疯了，憋死我啦，啥时候是个头啊[撇嘴][撇嘴][撇嘴][撇嘴][撇嘴] http,,2020-01-27 23:59,non-rumor
我现在出发，去附近的加油站，看看封城期间是否24小时正常营业。 武汉 武汉金晓的微博视频  显示地图 ,辛苦了！不过就欣赏你这种用事实说话的！;幸苦了;注意安全;,2020-01-27 23:59,non-rumor
#武汉封城后的市民生活##封城日记# 1.27正月初三，封城的第五天快四点才睡，同样是睡到十一点才起，没有下雨了，依旧三餐并成两餐过……打开微博，看到科比的离开，我差点以为看到了假热搜，翻看朋友圈才发现喜欢他的粉丝朋友都发圈悼念了。。。原来是真的2020怎么了？？真的想重启一下，如果可以的话今天刷剧了，已经在家待到浑身上下不虚服了，然而依旧一动不能动，每天步数不过百。。。连50都难。。。太可怕了。。小朋友今天趁着外公出门抽烟，忍不住的也“出了个门”，另一只脚还没有跨出去就进来了。。。天气预报里面的太阳离我们越来越近了，战争胜利还会远吗？感谢来自各地的支援，加油~一起都会好起来的。。。话说想吃热干面了 http,回复@Cooooooong:你也要早点休息，这样抵抗力就不会差，加油;回复@iMiya菲儿:大家有要注意鸭;回复@ShakeTree_Xx:也许，他在走回来的路上……没事，近期碰不到他;,2020-01-27 23:59,non-rumor
今天是封城的第一天 天黑之后觉得公园没人了 就下楼去公园溜溜自己  抬头发现今天星星超级多   很美  原图 ,,2020-01-27 23:59,non-rumor
【#武汉市长称若能控制好疫情不怕历史留骂名#】27日，武汉市长周先旺在接受央视专访时表示，一个超千万人口的城市，采取封城、在人类史上是从没有过的，但是面对现在的情况，我们把门关了，有可能把疾病关在城内，在历史上我们都会留下骂名。但只要是有利于疾病的控制、有利于人民生命安全，（武汉市委书记）马国强同志和我承担什么责任都可以。因为关门，最后说要问责，说人民群众有意见，我们愿意革职以谢天下。http,虽然市长也有责任 但别每次都是这个市长出来挡枪 书记当缩头乌龟合适啊;革职的不该是你 而是那个肥头大耳的省长！;先不骂你 毕竟我到现在都不知道马书记长啥样;,2020-01-27 15:59,non-rumor
前几天封城，今天封路了，在家其实也无所谓，苦逼的是我还要上班，每天只能走路上班了。再想想我们这对患难夫妇，老公初二就回到了工作岗位，说是什么时候解封才能回来，看来我们要很久不能见面了，儿子也只能丢在一边了，有一对工作特殊得爸妈没办法唉。希望能快点控制疫情吧#新型肺炎疫情可能元宵节前好转# #带着边框一起拍# 原图 ,;会好起来的！;,2020-01-28 23:59,non-rumor
这两天封城了，窝在家里快发霉，不能吃火锅，不能和朋友聚餐，不能出门买东西，不能化妆打扮出去浪格外想非哥哥，又有些许情怯。最喜欢最喜欢的人，能为你做的实在不多，但是喜欢的感情一分也不会少。不是说“思君如满月，夜夜减清辉”嘛？在非公子这里好像只有“长相思兮长相忆，短相思兮无穷极”耶  ,,2020-01-28 23:59,non-rumor
在家关了9天，今天终于戴着口罩和一次性手套出门了！  下楼倒垃圾任务完成  原来外面的温度这么低，原来外面的空气这么凛冽，原来能自在的出门也是一种奢侈！  希望这一切都能快点再快点过去。我们想无拘无束的呼吸，我们想自由自在的拥抱阳光，拥抱生活！  #封城日记#  ,希望疫情快点过去！心与你们同在！加油哦;,2020-01-28 23:59,non-rumor
2020，这本该是一个完整的数字，这却也是众多人感受到很不平凡的一年，而今，再多的言语也稍显苍白，仅仅希望疫情能赶紧得到控制和清理，希望一切都赶紧好起来，我们能坦然相对，无需封城，无需恐慌，无需口罩面对。加油，武汉，加油，中国🇨🇳。 泸水  显示地图 原图 ,,2020-01-28 23:59,non-rumor
只要一有好消息解除封城老子立马回武汉  ,,2020-01-28 23:59,non-rumor
【#印度封城后恒河变清澈# 专家：部分河段河水可直接饮用】4月13日，印媒报道称封锁措施下，恒河水质逐渐变好。3月24日，印度总理莫迪宣布“封国”，大量工业生产活动停工，排到恒河的污水减少。人们进入河中活动和向河中倾倒垃圾的情况也随之减少。印媒称甚至有科学家认为部分河段河水可直接饮用。#聚焦新冠肺炎疫情#@新京报我们视频 http,;部分？不是一直都可以直饮吗？;还直接饮用;,2020-04-14 15:05,non-rumor
其实各国防疫犯了方向性错误。美国，意大利，俄罗斯都是和中国断航，去过中国的人14天不得入境。这就是大家的积极防疫。但事实上，在武汉封城时其他地方早就有了社区疫情，大家只检测与中国旅游有关的症状人。从疫情扩散数据看，武汉是中国的源，病例最多，周边省份次之。但周边省也就1000多例，远点的只有几百，一百。如果从武汉传播的话，世界各国2月份的数据是比较真实的。但欧美国家数据都是十万，百万，这不可能是武汉传过去的。中国人口密度大，在封城前也自由传播了11，12，1这3个月。看看美国疫情数据，纽约等东部很严重，西部就比较缓。再看看加拿大，情况也类似。大家说纽约州长抗疫不力，其实很大概率美国纽约附近是源头，旁边的新泽西不像纽约有大城市，但也是第2严重，那一块都很严重。疫情传播应该是中心最浓，然后慢慢向周边扩散。当然还与抗疫，人员交流，人口密度，气候，人种，时间等有关。早发现，早隔离，早防止，是抗疫的有效方法。中国只是比世界其他地方早发现而已，所以扩散得还不是很严重就控制住了。 ,,2020-04-15 23:59,non-rumor
#Juno&Lachlan# #海外抗疫日记# #澳洲疫情# 一个猝不及防的更新之——澳洲超市竟然被抢空了！维州目前已经宣布进入紧急状态，但除了大型活动被取消以外还没有感受到什么大的改变。封城还遥遥无期，学校也没有全部停课。然后我也是真的没想到，超市是见证维州进入紧急状态的唯一地点…… http,,2020-04-15 23:58,non-rumor
【平凡英雄！为抗击疫情“无缝对接”：#新冠疫苗志愿者曾在武汉开救护车建方舱#】向亚飞是新冠疫苗志愿者，编号006。向亚飞说，自武汉封城起，他就一直在做抗疫志愿者。曾接送医护工作者一个星期，参与建立方舱医院，还开救护车接发热病人40多天。隔离后，他又帮助农户卖起滞销水果。@人民日报 @一手video http,回复@甜美inin:巧了 我也....;敬佩！;平凡而伟大;,2020-04-15 23:58,non-rumor
【#黑龙江交警辟谣哈尔滨封城#：高速路正常通行】近日，网上有人称“哈尔滨要封城，高速公路禁止通行”。对此，黑龙江交警进行了官方辟谣：目前哈尔滨周边所有高速公路，除个别路段因维修扩建等需要采取临时管制措施外，均处于正常运行状态。另据红星新闻消息，哈尔滨市市长热线工作人员表示，哈尔滨市目前依旧处于疫情防控期，严格按此前的防控要求进行相应管制，尚未接到解除管控、恢复正常秩序的通知，（黑龙江高速交警）http,,2020-04-15 23:56,non-rumor
邓勇老师的封城日记！“这2个多月靠这支钢笔熬过来了，也算是这次疫情留下的有意义的个人记忆吧。”邓勇语  [组图共12张] 原图 ,,2020-04-15 23:55,non-rumor
刚刚微信群里，老板分享了两段视频，一个在美国旧金山工作生活八年的小哥，冒风险实拍的新冠疫情下“封城”的旧金山部分街头情景……真的是一场没有硝烟的战争，谁都没有预料到整个地球会被一个病毒弄成这样～～希望一切都能好起来，不讲政治、不讲意识形态，好好的为了全人类的共存和发展，把“它”干点掉吧～ http,,2020-04-15 23:55,non-rumor
"           新浪微博【拒发】我的博文《暗杀现场网络日记》，是几个意思？！  能让方方顺利发表《封城日记》，而独独不允许我发表《暗杀现场网络日记》！  露馅了吧？！    东窗事发，败局已定！ 好自为之吧！   【今天再试，还是不能发】      
原始用户",图片评论 评论配图;,2020-04-15 23:54,non-rumor
【印度全国封城延长 #孟买大批民工要求返乡#】印度NDTV当地时间15日报道，印度昨天宣布全国封锁令延长至5月3日。大量滞留在孟买的民工来到火车站，希望能返乡。警察告诉他们将会发放食物或者安置到营地，但还是没有说服大批民工。由于车站前拥挤不堪，警方和民工之后发生冲突。印度媒体报道，孟买确诊1500例病例。在印度刚实施封锁措施时，德里汽车站外就有大批民工排队，希望能乘车返回村庄。许多失去工作的日薪民工甚至选择徒步回村庄。  http,印度才是最大的炸弹;人类的灾难莫过于此，人真不是蠢，是真的不工作就会饿死…;印度的卫生状况一旦大规模感染，就真的是人间地狱了;,2020-04-15 10:03,non-rumor
疫情如此严重的武汉封城期间，一个退休老太太足不出户是如何去见证和目击的？ 现在看来，方方日记，更应该早点在海外出版，越早越好  ,@方方 英文版和德文版的序贴出来让大家看看;,2020-04-16 23:59,non-rumor
【#探究印度防疫现状#：贫民窟患者得不到检测 封城民众生活难以为继】全球疫情前景扑朔迷离，欧洲各国曲线缓慢企稳，美国仍在快速增长，印度是否会成为新震中备受关注。为了探寻印度贫民窟防疫现状，BBC驻印度记者深入孟买最大贫民窟揭开未解之谜：多数疑似患者得不到检测，因为检测试剂短缺，同时封城措施让民众面临失业、食物短缺等多重困境。http,印度就是一枚定时炸弹;就这个水平怎么超上海？我看抄上海都费劲;印度不是患者少，而是都没有检测出来🙃;,2020-04-16 07:50,non-rumor
难以置信！印度封城期间 猴子跑到屋顶放风筝 围观民众发出惊呼燃新闻的秒拍视频  ,我特么还不如猴子，至今不会放风筝;不会放风筝的举手🙌;不愧是阿三，连猴子都开挂;,2020-04-17 23:59,non-rumor
自从1月23号武汉封城以来就没吃过热干面，直到本周一（4月13号）终于在食堂吃到了杂酱面，周三吃到了热干面，周五吃到了牛肉面，2020年的这几个月在武汉生活真是不容易啊。宝宝也开始长的白白胖胖，手都和莲藕一样，一节一节的，一切都是新的开始，加油吧，我的2020！ 武汉  显示地图 [组图共6张] 原图 ,,2020-04-17 23:58,non-rumor
一、大快人心！铁腕普京终于向美国亮剑！面对特朗普抗疫不力，四处甩锅的滑稽表演，俄罗斯总统普京忍无可忍，长剑直指美国。近日，俄罗斯联合伊朗、叙利亚、古巴和委内瑞拉等几个国家将抹黑中国，到处甩锅的美国告上了联合国！他们一致认为，要求联合国取消美国妨碍各国抗击新冠疫情的单方面制裁，并要求美国就疫情做出赔偿。显然这一事件让特朗普措手不及，不过也是他咎由自取。在国内确诊人数接近60万，全美进入“重大灾难状态”的危机时刻，老特的作为完全是一反常态，又岂能不惹众怒？也许这次亮剑不会对美国有实质性的影响，可让世人意识到，美国并不是强悍得不敢触碰。得道多助，失道寡助。因为，道义终究在有良知的人心里，出来混，迟早是要还的。大家认同普京的做法吗？你们怎么看？二、瑞典的死亡率超过了美国，不封城，也不停课，一切活动正常进行中，至今也不宣布强制隔离，瑞典政府相信卫生部们的专业建议，坚定走群体免疫的路线。这说明，世界上不同的国家选择不同的制度，也是对滴？ http,,2020-04-17 23:55,non-rumor
今日确诊5599，累计108692新增死亡847，累计14576#新冠肺炎##英国封城日记##海外抗疫日记##英国疫情#  [组图共2张] 原图 ,,2020-04-17 23:55,non-rumor
"从2019年第四季度比还是从封城时开始比，参照不同，结果非常不同。  
原始用户",,2020-04-17 23:55,non-rumor
"美国明显的甩锅，我们1月3号向世卫组织通报，20号宣布人传人，23号武汉封城，这个病毒是新病毒，我们是闭卷考试，对病毒没有认识，这个病毒很怪，有无症状感染者，有14天潜伏期，我们对国际没有隐瞒。这是美国在向我们甩锅，那是美国无耻流氓的表现。美国不知道可能会造成大流行吗？美国知道，但是他们大意，他们傲慢，他们认为只有黄种人才会得这个病。23号封城，几乎全国封城，上海总共7人死亡，江苏0死亡，如果美国防疫得当，那么他也就只有几个人的死亡病例了，但是你看，他现在感染快70万，是谁的错，这是美国在甩锅。1918年西班牙大流感是美国的，天花、艾滋病病毒、H1N1是美国的,美国应该向世界赔偿。 ",,2020-04-17 23:51,non-rumor
#武汉，最硬气的城市# #新周刊·硬核读书会# 什么是武汉？2020年以前，提起武汉，外地人多半会想起那一碗评价两极的热干面，四轮离地的公交车，珞珈山上的落英缤纷，以及令人忌惮的武汉方言。经历了2020年初76天的封城之后，一些东西已经悄然改变，它们会在武汉身上留下的一道道或深或浅的擦痕，永远成为这座城市记忆的一部分。这座伫立在长江边的城市，曾多次被卷入历史的浪潮，无数人来来去去，留下说不尽的沧桑往事。有武汉人，也有外来者，他们像今天这般，一同守住了这座城市，也改变着这座城市的纵横肌理。http,夏天极热，冬天很冷…这样的气候，也使得这个地方的人，又爆烈又坚韧吧！;武汉经常经历极端性的天气，这或许也是造成武汉人硬气刚直的原因。;图八那条街已经开始拆除，图九什么时候才能再次恢复到人挤人走不动道的时候。[加油][加油];,2020-04-18 10:42,non-rumor
【#意大利封城奏效ICU新冠患者减少#】据《纽约时报》报道，两周前，意大利的重症监护病房(ICU)还有逾4000名新冠患者；而到了17日，ICU中的患者数量降至2812人。同时，住院的新冠患者也从4月4日的29010人降至25786人。专家表示，疫情缓解是由于意大利在全国范围内实施的“封城”措施，大大减缓了病毒传播速度。意大利从3月10日起进入全国“封城”状态，已两次延长“封城”措施，目前的“封城”措施将持续到5月3日。http,,2020-04-18 23:59,non-rumor
夜深人静的时候，内心的负面情绪被放到最大，人间不值得啊，1月23日武汉封城，我们每天起早贪黑上班防疫，今天4月18日，可以说大部分人没休息几天，我就三月底休息了一天…上70+天休1，这真是绝无仅有此生一次的体验了，然而这种体验更操蛋的是，防疫补贴确实说要补，从80一天补到150一天，但是加班费值班费一分钱都不发了：）想着心里真的是太尼玛委屈了，不说每天戴口罩骑车子赶去上班，抓破脑子写东西做表格，接电话打电话处理民怨，被人骂的狗血淋头我都被骂哭过，风吹雨打守路口连防护服都不给！…好在我没去送菜买药，不然我早辞职跑路了。也是心疼社区的人，做了这么多事，涨了工资就可以不发加班值班费了，领导们一直拖着不发钱的原因，首当其冲是他们自己发不了钱所以也见不得别人好，拖久了，钱变多了，就不发了…基层打工仔永远别想从zf手里拿到劳动对等报酬咯，算下来怎么说也有将近两万的，最后每个人拿到手也就几千块，时间期限还是到3月31号…还说如果上面发钱就把4月这半个多月补给我们，不发钱就不给，真的是太难了…咱命不值钱啊不值钱…既不给我加工资，又不给我把防疫的报酬发放到位。这三个月，心真的是被单位伤的透透的，还有人劝我们说钱不重要，重要的是工作的环境，我可再你玛的见，钱是多少人的命，疫情期间武汉物价涨的什么样心里没点比数吗，我们付出了十分，却只回报了我们4分，自己是公务员还来跟我们比，上了几天班？做了几个事？却拿了比我们多的钱？可原地爆炸吧恶心的阶级官僚主义，我呸。 ,,2020-04-18 23:58,non-rumor
欧美为啥出现整体智力下降？口罩封城这么抗拒！？火烧5g基站更是叫人惊掉大牙。。。。。。  ,,2020-04-18 23:57,non-rumor
"急心复工的后果出来了。广州要封城才对。  
原始用户",,2020-04-18 23:56,non-rumor
1月23日武汉封城那天美国仅有一个病例时还指责中国反应过度，如今4月18日超过七十万人//@aduing1982,,2020-04-18 23:56,non-rumor
#国外甩锅势力对方方的评价# 恶果爆发！#海外留学生怒怼方方# 这都是方方造的孽！诡异，一个足不出户虚构的所谓封城日记，还未出版，竟已被西方捧成了畅销书，足可看出在方方日记的背后，有多少在幕后黑手推波助澜。要把方方当作重型炮弹的企图#关注新冠肺炎##我看抗疫#看图文  [组图共3张] 原图 ,,2020-04-18 23:56,non-rumor
今天是封城的第26天了，时间过的很快，一眨眼，挣得钱还没等还款，就要回到解放前了，时间过的好慢，不知要多久我才能继续开工，我知道自己一个月就到极限了，一到三十天不开工就会变得焦虑心慌，可能是我自己的天性，公主身子丫鬟命，算卦说今年我的一年会特别的辛苦，特别累，感觉哪里都不是很顺，是命理一大苦年了！我对自己说没事，哪一年不苦了，挺一挺就过去了，有时候对自己说，没事我这么努力，以后会好的 http,,2020-04-18 23:54,non-rumor
哈尔滨感染链条又延长了!曾光：不认为现在需要封城！ 哈尔滨感染链条又延长了!曾光,,2020-04-18 23:52,non-rumor
"收藏备查『方方的武汉封城日记（完整篇,建议收藏）』方方的武汉封城日记（完整篇,建议收藏）  ",方方听说日记;证据啊！;,2020-04-18 23:52,non-rumor
哎呀呀终于有人爆财新网这个恶心的媒体了，我们封城之初就拿着一线的新闻要求用户给app充值的大！人！渣！👉🏻👉🏻👉🏻@财新网 我被财新网投诉了  ,,2020-04-18 23:52,non-rumor
【武汉回到山东复工！#车窗上的留言让他哭了10分钟#】“祝您平安！武汉加油！必胜！”汽车上厚厚的灰尘，让玻璃上的三句祝福语格外清晰。这是王波在1月21号回到武汉后，时隔82天再次在济南看到自己的车。身处武汉，经历前所未有的封城，当看到山东人对他和武汉的祝福时，王波哭了。（闪电视频）http,湖北人民谢谢大家的支持和鼓励 谢谢;温暖的人;山东好棒;,2020-04-19 12:33,non-rumor
对病毒起了很大缓冲作用的，除了各地封城之外，如果真的中西结合治疗得以减少重症患者，那抓住这个机会让有经验的医生有计划地向国际亮出中西医结合的好处，经验分享，还可以宣传中医。预料会被西医攻击，但事实胜于雄辩。有人敢亮出来，专业地道出来吗？  ,,2020-04-19 23:57,non-rumor
岁月痕迹：老家哈尔滨今天又要封城了，战胜疫情的路就像图片一样，曲折艰难，全省人民的艰苦付出，被一个人给破坏了 湖州  显示地图 [组图共3张] 原图 ,没封城;没封城啊，说的是封小区吧;,2020-04-19 23:56,non-rumor
芭提雅封城！很多人一直在关心Daisy，问我最近泰国的情况如何！最近泰国除了封城，宵禁，大多数人在家办公！当然，为了保护自己，也为了保护他人，Daisy最近也是一直把自己关在家里，实在憋不住，跑一趟芭提雅透个气，芭提雅现在海边也开始关闭了！所以可以说基本大家都自我隔离了，现在情况也一直在好转，疫情控制的非常好！#海外抗疫日记# http,回复@齐成林·:哈哈感觉如何？特别清净;我在芭提雅;,2020-04-19 23:55,non-rumor
经济大幅下滑、企业大规模裁员、失业人数暴增，为了遏制病毒传播而采取的限制措施已经造成了经济影响。不过特朗普的支持者和想要复工的人群却把矛头指向了美国顶级传染病专家福奇博士，认为这位专家关于遏制病毒传播的建议损害了经济。媒体报道，在疫情还十分严峻的当下，本周六包括得克萨斯州、密歇根州在内的美国多地出现了抗议活动，除了抗议封城措施外，有人还在现场喊出了“炒掉福奇”的口号。4月16日美国总统特朗普16日宣布了分阶段“重启”美国经济的指导方针，将何时取消居家令等限制措施的决定权授予各州州长。不过此前福奇博士在周二接受采访时表示，美国还没有重新开放经济活动所需的测试和追踪程序。实际上，在提出执行社交距离措施后，福奇博士已经在网络上成为了被攻击的目标。一些特朗普的支持者认为，美国当下的困境是福奇造成的。有媒体统计，4月初社交媒体上已有超过70个账号使用“福奇欺诈”（FauciFraud）的标签，其中一些账号甚至一天发布上百条内容。为了保护福奇博士的安全，4月初美国卫生与公众服务部已经为他提供了更强的安保措施。美国卫生与公共服务部部长Alex M. Azar II担心，随着美国越来越多的地方因新冠病毒而采取严格的限制措施，针对这位知名专家的威胁也越来越大。面对针对他个人的威胁，福奇博士在4月初接受采访时表示，自己选择了这种生活，他知道这种生活是什么样的。自己能做的只有专注于必须做的工作，把所有事情放到一边，尽量不去注意到那些事。 ,,2020-04-19 23:54,non-rumor
目前武汉和湖北省的疫情已经控制得相当好了。现在黑龙江省成为了防疫的重中之重。我对黑龙江援鄂的医生们，刚从一个战场回来，在隔离后来不及休息，就要投入到另一个战场。尤其是绥芬河口岸，仍然要承受中国人持续从俄罗斯入境的压力一段时间。而哈尔滨则出现了聚集性病例，但我相信，目前对那里的输入性病例还在可控范围之内，还不至于封城。希望黑龙江人民放平心态，把这一段艰难时刻尽快度过去。 ,,2020-04-19 23:53,non-rumor
封城期间找到了此生挚爱，杏仁豆奶，恭喜我 新加坡·NUS UTown  显示地图 ,减肥神器;回复@闷声作大环:这样，大环可会不开心的啊;回复@HHGGWW:那是工作期间;,2020-04-19 23:53,non-rumor
【#武汉被感染一线记者捐献父亲遗体#：希望以此来挽救更多的生命】武汉“封城”后，敖慕麟作为凤凰卫视特约记者，一直为外界报道武汉一线情况，父亲敖醒吾主动当起司机，每天开车载儿子做报道。后敖慕麟一家三口相继感染，他和母亲于2月中旬治愈，父亲转入金银潭医院ICU接受治疗。3月29日，敖醒吾在抢救无效后不幸离世。56天，一家人没能等来团圆饭。收到消息的当晚，敖慕麟和母亲做了一个艰难的决定——将父亲的遗体捐献，作医学研究之用，希望以此来挽救更多的生命。#聚焦新冠肺炎疫情#http,这一家子都是伟大的;命运捉弄人…希望一切会都会好起来 珍惜身边的每一个人;记得三月份我还转发微博帮这位媒体同行的父亲求助，希望有人可以捐献血液，没想到最后老人还是走了;,2020-04-20 23:16,non-rumor
"宁静的澳门生活,趁这个特殊时期,走走停停,用摄影来纪录疫情下的生活📹重新认识澳门这个纸醉金迷和文艺浪漫气息并存的小城市，十分喜欢小街道里面有各种风格的咖啡小店😍#疫情下的澳門生活##封城下的澳門街頭# 澳门特区·澳门历史城区  显示地图 [组图共9张] 原图 ",回复@小熊妮o3o:亲，现在澳门回去珠海的时候还是需要隔离14天喔;朋友 现在去澳门需要隔离吗？;,2020-04-20 23:59,non-rumor
今天看小老弟写作业，要写一篇关于#疫情# 的观后感，我便和他讲了讲可以怎样怎样写。  片刻间，一个个词语便在头脑中罗列起来：医护人员、雷神山、方舱医院、封城、国家科技力量、团结一心……  当我想到国际角度时，眼泪慢慢掉了下来。不得不说，现在的中国🇨🇳与过去对比，完全是两个样子。我想，这源于一代代年轻工程师在科技事业的奉献。还有，这里一定要提一下#中国外交天团[超话]#，我真的是越来越喜欢这几位。感觉这两方面对我国影响力的提升都有很深的影响。  没想到，从前很少因为感动落泪的我，现在也是此般落泪。也许是，我看到如今国家的强大力量，让我颇有感触；也许是，随着年龄的增长，经历的增多，变得感性了吧。  但无论怎样说，通过这次疫情，相信每个人对国家的看法多少都会有些改变。 ,,2020-04-20 23:58,non-rumor
风言风语该停止了吧『广州不是疫区更不会封城』广州不是疫区更不会封城  ,,2020-04-20 23:57,non-rumor
【市长感染新冠肺炎去世，#意大利市民违令上街送别市长# 】据独立报19日报道，意大利萨维亚诺市市长因感染新冠肺炎去世，上百名群众违反居家令上街送别市长。据悉，他除了市长这一身份，还是一名奋战在疫情前线的医生。在葬礼当日，众多市民违反封城令上街送市长，还有人拦下了灵车痛哭。（环视频）  http,,2020-04-20 23:54,non-rumor
封城以来，终于游上泳了🏊♀️玩到回家倒头就睡 深圳  显示地图 [组图共3张] 原图 ,,2020-04-20 23:54,non-rumor
巴西总统博索纳罗称，他要求巴西各州在本周内结束封城  原图 ,你是打算英勇无比的向病毒发起冲锋吗？;果然是特朗普的忠实粉丝，这俩纳粹头目;总统是真🐮啊，比大统领还🐮，支持一个;,2020-04-20 23:52,non-rumor
