【在中国，每条狗都可能是死神】中国是仅次于印度的第二大狂犬病国家，每年平均有两千个死亡病例，他们中的许多人，在发病后的几天内，因咽喉疼痛肿胀阻塞呼吸道、癫痫发作或脏器衰竭，悲哀又可怕地死在了8月的高发期。详见在中国，每条狗都可能是死神 （来源：浪潮工作室）  [组图共9张] 原图 ,这话说的太绝对太过分了吧;每个人还是死神呢！想让大家认识和预防狂犬病和规范宠物狗领养，肉狗养殖、流浪狗管理，而不是引起节奏，就注意下文文章的标题和质量。;那导盲犬。。搜救犬 工作的时候  你们在哪？现在很多城市人养的狗都会自觉打狂犬疫苗好吧？取关谢谢。;,2017-08-14 16:20,non-rumor
爱狗人士快来围观你家主宗惹的祸……狂犬病真的很吓人！爱狗人士要克制！有的野狗没打育苗的还有野性的！不小心被咬的你再是爱狗人士也得这样  【狂犬病发作是这样吗?】  ,,2017-08-15 23:59,non-rumor
"真不知道这种吃狗肉的人咋想的，这种时刻巴不得所有狗都有传染病狂犬病！！吃死你们逼嘴馋的！  
原始用户",,2017-08-15 23:47,non-rumor
不管不管老子就是护犊子你是狂犬病挑清楚再怼别咬到老子养的犊子  ,,2017-08-15 23:40,non-rumor
标题不负责任。吸毒幻觉也可能凭什么说狂犬病？有医生确诊吗？脑残  【狂犬病发作是这样吗?】  ,,2017-08-15 23:18,non-rumor
买巴西龟，我爸看了大叫说这只乌龟有埃博拉病毒，在我爸的启迪下，昨天坐在车后座，看到一条狗满脑子都是狂犬病，吓了一跳，小腿被勾了，尼玛被害妄想症太严重。  ,,2017-08-15 22:52,non-rumor
得了狂犬病的人，可怜！！ http,,2017-08-15 22:44,non-rumor
分享一下几个智障，一波是微博上遇到的，扬  [奋斗]言狂犬病潜伏期40年、六七十年甚至终身潜伏，健康犬也带毒的；一个是B站遇到的，扬言“工业文明都是先抄袭再创新”。对于以上人士，我只想对你[c囧]们说：去你个大西瓜！反手一个煤气罐走好不送！  ,,2017-08-15 22:36,non-rumor
男子口水流不止 确诊狂犬病13小时后去世http,,2017-08-16 23:44,non-rumor
《吉林微信群疯传女子“狂犬病”发作医院爬地吼叫 相关部门介入》 http,,2017-08-16 23:11,non-rumor
医院里犯病了，狂犬病，真可怕了#经典幽默搞笑视频# #搞笑内涵图# #迷之微笑# 露颗大门牙的秒拍视频  ,,2017-08-16 23:09,non-rumor
我爸刚把我叫过去给我看一个朋友圈的视频，一女子在地上爬行神志不清狂吼乱叫状似丧尸，标题是郑州二院一女的得了狂犬病……他以此视频教育我半天让我不要随便招猫逗狗，我只好点头应和，回来一搜新闻说这是谣言 明明是吉林二院的事情，这个人得的是精神病也不是狂犬病 哈哈哈哈哈哈哈哈哈哈朋友圈害人不浅 ,我爸爸也是;同一个世界，同一个家长;哈哈 我爸刚给我发了 笑死我了;,2017-08-16 23:02,non-rumor
这是神经病吧，很多动物都有狂犬病毒，难道得了狂犬病就得学狗叫？汪星人表示很委屈  【狂犬病发作是这样吗?】  ,,2017-08-16 22:58,non-rumor
同学们，治狂犬病真的好贵，珍爱生命，远离猫  [组图共2张] 原图 ,回复@king-lebron:不算流浪猫吧，半流浪。;回复@是我的年头:你是被流浪猫咬了么;回复@king-lebron:光疫苗小四百。;,2017-08-16 22:56,non-rumor
哈哈哈哈哈哈哈哈哈哈哈哈哈哈哈哈哈哈哈哈哈哈哈哈哈哈哈哈哈哈哈哈哈哈哈哈狂犬病没毛病哈哈哈『唐七抄袭背后的性心理学』唐七抄袭背后的性心理学  ,,2017-08-16 22:33,non-rumor
网传一女子狂犬病发作，在吉大二院爬行并尖叫，甚至有人还言传已死亡！女子已被家人领走，医生表示没有经过精确诊断，不能确定女子得了什么病，或者被下药，不能妄加评论，以讹传讹！ 红星竹雨的秒拍视频  ,这不是吸毒了么;@祢伍姐_;谁家狂犬病犯病是学狗叫的;,2017-08-16 22:29,non-rumor
"我市迎接狂犬病防制工作交叉检查  
原始用户",,2017-08-16 22:12,non-rumor
【15名青年性侵一头驴后感染狂犬病 受害驴被处死】15名青年性侵一头驴后感染狂犬病 受害驴被处死  ,驴：再乱来我报警了啊！;。。。。。。无语;这也可以啊;,2017-08-16 22:11,non-rumor
我在看：【【狂犬病发作是这样吗?】有一种誓言叫曾经爆料：长春吉大二院，狂犬病发作，已经无法医治了。让小孩子远离猫狗，被动物咬伤一定要及时打疫苗，千万不能大意。】  【狂犬病发作是这样吗?】  ,,2017-08-17 23:40,non-rumor
日前，在摩洛哥首都拉巴特，15名青少年轮流性侵了一头驴后，感染了狂犬病，警方通知当地所有“接近并仰慕”过这头驴的人都要去接种狂犬疫苗。据当局估计，感染数量可能会高得多，不止这15人，因为有些家庭倾向于将子女带到外地的医院就医，以免羞辱。当局已下令受害驴的主人，将该驴宰杀。  ,,2017-08-17 23:04,non-rumor
#我有一个动物头# 大姑微信发视频，非说狂犬病，吓死我躺枪的狂犬病啊于是赶紧翻出呱呱和大白的合影压压惊  [组图共2张] 原图 ,,2017-08-17 22:56,non-rumor
@外向  原谅我也在群里，你怎么骂人的图不发出来呢？一会儿“伯母挂了”，一会儿“站街钱不够治你的狂犬病”。素质也不错哦  [组图共9张] 原图 ,恩感谢你。是有人先说滚的谢谢您;,2017-08-17 22:54,non-rumor
如今对于狂犬病的科普依旧让我两眼发黑一个晕厥  ,那么怕死为什么还要闯红灯呢;,2017-08-17 22:34,non-rumor
遇到狂犬病患，文明人勿要被咬或咬狗，做好自我保护以免被病毒感染，狗咬了人记得直接举报人身和有害。（一）犬咬伤与狂犬病        犬与人的接触密切，加之犬的流动性大，并具有咬人的行为特点，就成了狂犬病流行中的主要环节。犬咬伤和狂犬病逐年增加，已成为全球性的严重的公共卫生问题。        狂犬病是被感染狂犬病病毒的动物，常见的狗、猫等咬伤、抓伤、舔舐伤口或黏膜而引起的急性传染病。狂犬病病毒存在于这些动物的神经组织和唾液中，当人被病犬咬伤后，病毒经伤口进入人体。        狂犬病主要的临床表现是特有的恐水怕风，咽肌痉挛，进行性瘫痪（麻痹）。一旦发病进展迅速，生存的可能性极小，病死率几乎为100%，对人民生命健康造成严重威胁。 ,回复@C-POP木子:;;可不是嘛;,2017-08-17 22:31,non-rumor
虽然以后半夜不用频繁起床领你撒尿；一日三餐不用伺候你；每天不用照顾你洗澡换床铺；不用担心被你咬了感染或得狂犬病，但是我们一点都开心不起来，你太好养了给啥吃啥，又听话（能听懂我们80%的指示）还早晚陪跑山爬楼梯永不嫌累，加油，鬼鬼  [组图共6张] 原图 ,回复@暖暖的鸡血生活:哈哈扯平了扯平了;我也看到你老公了，嘿嘿;,2017-08-17 22:24,non-rumor
发布了头条文章：《这个狂犬病发作视频是假的！郑大二附院躺枪》 这个狂犬病发作视频是假的！郑大二附院躺枪  ,,2017-08-18 23:29,non-rumor
15名少年轮流性侵驴子 结果集体染上狂犬病 | 联合早报 15名少年轮流性侵驴子 结果集体染上狂犬病  ,,2017-08-18 23:05,non-rumor
"人重要还是宠物重要？我就记得当年我的老板养了一条狗咬了人，他亲自把那狗杀了，后来再不养狗，老板说，宠物这种东西养着不是为了惹事生非的，平时怎么闹，一旦咬了人，万一人家得了狂犬病毁的是一辈子的事。现在是貂，你们如果养不好是对别人的不负责  
原始用户",,2017-08-18 23:02,non-rumor
"天灾人祸意外疾病发生在个体身上没有概率可言的，非0即1,所以遇到猫狗别人说我胆小我认，我确实胆小怕死，最烦听到那种嘲笑着说没事它不咬人，你是狗吗，不是请不要替它保证，狂犬病跟艾滋一样沾上就死，还有说我杞人忧天想太多的，心大的总觉得啥事不会摊上你，多说无用，我继续小心活，您继续大胆走  ",回复@零ling010:木有，几乎全部人都一样，这是正常的，我也是看到、听到、近距离感受到一些才满慢慢意识到的，切肤之痛会长记性，所以说能擦边走过体会到是幸运的，太多人都体会到却为时已晚;;,2017-08-18 22:35,non-rumor
女子被自己的宠物狗咬伤狂犬病发作，送医院时趴在地面上学狗叫～#带你上热门##全民微视频#http,,2017-08-18 22:07,non-rumor
浙二医院，狂犬病晚期，二十多岁的美女啊!养狗还是有风险的，请大家注意哦。 用户6290416249的秒拍视频  ,,2017-08-18 22:00,non-rumor
15名少年轮流性侵驴子 结果集体染上狂犬病 ---摩洛哥近日传出了15名少年集体罹患狂犬病的案例，引起当地民众恐慌，经调查后发现，原来他们轮流性侵了一头驴子，此离谱行为不仅令家长一时不敢置信，也让当地医护人员与警察相当傻眼。英国《太阳报》报道，这15名少年因性侵驴子而染上狂犬病，使得他们与其家属都陷入“低潮与恐慌”的状态，而警方则怀疑，实际感染人数可能会更多，因为有些家长可能觉得，儿子做出这样的行为实在太可耻，会选择偷偷去求诊密医，甚至不敢让他们接受治疗。为了防止疫情扩大，当地政府也已经对驴子饲主下令，要求把这一头被集体性侵的驴子处死，目前也积极追查是否有更多染病者，并且呼吁曾跟动物“亲近”的人士应该尽速通报，避免疫情扩散。狂犬病为人畜共通的疫病，且所有温血动物都会感染，当人被携带病毒的动物感染后，其致死率接近几乎100%。为了防止感染狂犬病，民众不要接触来路不明的野生动物，也记得要每年带家中的犬猫施打疫苗，如果万一被动物咬伤时，一定要尽速送医。 http,,2017-08-18 21:58,non-rumor
今天可以说很悲剧了，FU被税，税金两百多 。我才买了500多的东西啊好生气 我退运了，发现FU要收我25镑的费用更生气了。晚上母上说去吃火锅泡汤从阿姨家回来被狗爪子抓了几下 有红痕没破皮，总感觉要发狂犬病。  ,打疫苗！以及母上也在上海还是你回家了？;请问为什么收费用呀？我买的lf的直接拒收 官博说不用出运费的呀？;;,2017-08-18 21:45,non-rumor
这两日，在摩洛哥，一共有15名七到十五岁的少年因染上狂犬病先后出现在Rabat 和Tánger镇诊所。这等规模的传染病引发了当地不安。经调查，这群少年承认没有被狗或其他动物咬伤，而是强-暴了一只驴  ,,2017-08-18 21:29,non-rumor
"腐国, 英国, 15名青年性侵一头驴后感染狂犬病 受害驴被处死#大鱼号#http",,2017-08-18 21:27,non-rumor
【美术教授被狗咬伤诉称创作源泉被毁索赔2万，法院不予认可】武汉一位美术教授李某路过一家文具店，不料被店主的小狗咬伤。李某认为自己被狗咬伤后精神受到伤害，“创作思维源泉被摧毁”，连一米见方的油画也画不出来了，并担忧注射预防狂犬病疫苗不能百分之百确保安全，为此起诉狗的主人索赔2万元精神抚慰金和医疗费等，并要求书面赔礼道歉。法院审理认为，李某提交的证据可以证明被告文具店老板家的狗咬人，故当由文具店老板承担责任。但被告的狗咬伤李某，未导致严重后果，所以对其提出索要精神抚慰金的要求，法院不予认可。楚天都市报http,我觉得这和拉不出屎怪地球没引力没什么区别;精神损害的确是有的，平白无故挨几针也是无妄之灾，再说的确有疫苗无效导致死亡的案例，心理压力可想而知。狗主自己不拴好狗，赔钱应该的。;理由虽然有点，但我支持索赔，2万太少，至少20万，让那些养狗不上绳狗到处窜的人小心点。;,2017-08-19 12:00,non-rumor
每年超500人死于狂犬病 半数与流浪狗有关 每年超500人死于狂犬病 半数与流浪狗有关  ,,2017-08-19 23:59,non-rumor
在大家眼中，像登革热，狂犬病这些病离我们很遥远。我原本都是这样想，但它们其实无处不在。或许只是一个小小的蚊子包，一个小伤口，都可能给家里带来厄运。请大家认真关注自己的身体，别等厄运来临才后悔！  ,,2017-08-19 23:08,non-rumor
吉林大学附属第二医院，一个25岁女子被自己的宠物狗咬伤狂犬病发作送医院抢救，趴在地面上于当晚死亡，养狗须谨慎 朵色彩妆达人燕儿的秒拍视频  ,,2017-08-19 22:53,non-rumor
昨晚小小仓鼠破洞而逃，这是它们第一次离家出走，（至今还有一只未归）其中一只粘在蟑螂屋里，焦虑又恐慌，为了帮它解围，我一点一点的小心翼翼地帮它逃离，结果被狠狠的咬了一口，出血…伤口各种冲洗、消毒，百度、问询……最后去医院，诊断结果是，老鼠不会传染狂犬病……没事了。期间，感受到了朋友们的关心与担忧，幸福感满满 [组图共3张] 原图 ,,2017-08-19 22:40,non-rumor
浙二医院，狂犬病晚期，二十多岁的美女啊！养狗还是有很大风险的啊……好可怜啊！我喜欢狗，但是我不养狗，一是狗有病毒，二是狗的卫生问题  ,,2017-08-19 22:25,non-rumor
"狂犬病有潜伏期，世界卫生组织通过翔实的研究，多数是20天到2月，最长期限是6年!健康的狗不带毒!医学术语带毒;是有有传染性!不带毒 指的是，即使猫狗携带了狂犬病病毒，在它们没有发病前，是不具备传染性的。  
原始用户",,2017-08-19 21:57,non-rumor
美洋洋（王学群）的连载自传1在前言里为什么说我不幸呢？那是因为在我一岁多的时候就失去了父亲。我的记忆里从来就没有父亲的样子，只是听亲人们说我的父亲曾经是一名军人，一个高大帅气并且聪明能干的男人，在我出生的小镇上的供销社里当经理。父亲爰钓鱼，那年大年初二一大早，父亲带上他心爰的钓竿和我们四姐妹一起去外婆家拜年，正当我们高高兴兴地走着，刚走到太阳冲的三叉路口，突然从山上窜下一只大疯狗，当时它疯狂的咬向我们姐妹几个，父亲为了救我们，用钓鱼竿打那只疯狗，直到鱼竿被打断了，疯狗也没被打走，反倒凶猛的扑向了父亲，死死的咬住了父亲的虎口，直到后来众路人一起合力打死了疯狗，才把父亲的手从疯狗嘴里掰出来，当时整个手已经变成了乌红色，留下了五个深深的血齿印。一年后，父亲因狂犬病发作，丢下我们四姐妹和母亲，从此阴阳两隔。 ,,2017-08-19 21:14,non-rumor
发表了博文《狂犬病疫苗的产生》数千年来，在那些对人类构成威胁的烈性传染病中，狂犬病一直占据着特殊的地位。尽管狂犬病对历史的影响可以说是微乎其微，但在许多国家和地区的文化中，对狂犬病的恐惧却根深蒂固。狂狂犬病疫苗的产生  ,,2017-08-20 23:07,non-rumor
发表了博文《我国当前狂犬病疫情》狂犬病是一种早就被人类充分认识并找到了有效解决办法的疾病。该病的病原体狂犬病毒在遗传上非常稳定，一百多年前法国巴斯德发明的狂犬病疫苗在今天仍然十分有效。其传染源和传播途我国当前狂犬病疫情  ,,2017-08-20 23:02,non-rumor
发表了博文《接种狂犬病疫苗后能饮酒或运动吗？》目前国产狂犬病疫苗的使用说明书中，都包括如下“注意事项”：“忌饮酒、浓茶等刺激性食物及剧烈运动等。”许多网友都提问：“为什么接种了狂犬病疫苗后不能饮酒、不接种狂犬病疫苗后能饮酒或运动吗？  ,,2017-08-20 22:51,non-rumor
"我闹不明白  这个视频也会被新浪官方封，狂犬病而已，这就是所谓的言论自由吗？  
原始用户",,2017-08-20 22:44,non-rumor
今天发现门口有一只小白狗，长得很像小七那只小狐狸，爷爷说前几天跟着奶奶回来的，一直没吃没喝，今天下午终于一点点不动了，因为爷爷已经养了只大狗+我害怕被咬得狂犬病，不然的话真的想养，因为真的非常像小七  ,,2017-08-20 22:28,non-rumor
"我特别喜欢养狗，可是又很害怕狂犬病怎么办？  
原始用户",,2017-08-21 23:54,non-rumor
#亚洲新歌榜# 【注意】路上总会遇到遛狗的人。觉悟高的人遛小型犬也栓狗绳，没觉悟的人就不提了❗ 本来不想发这个视频的，可惜了这个好年纪❗ 据说是吉林大学附属第二医院，一个25岁女子被自己的宠物狗咬伤狂犬病发作，送医院抢救，趴在地面上，于当晚死亡养狗须谨慎，给你的爱犬按时打疫苗，遛狗拴 绳❗ 因为狂犬病一旦发作，无药可医❗真的是心酸养宠物的小伙伴们要注意了#花红益生菌酵素软糖##互粉# http,真的痛心啊;;,2017-08-21 23:22,non-rumor
【伏天虎威】这故事编的，差不点我就信了！特別狂犬病女在地上爬行那个  http,,2017-08-21 23:17,non-rumor
送回原籍医院治疗 上海不接受狂犬病的 《足协杯半决赛次回合开球时间公布 恒大期盼逆转》足协杯半决赛次回合开球时间公布 恒大期盼逆转（来自@新浪体育 客户端。下载地址：http,,2017-08-21 22:50,non-rumor
今天学车时大家说到狂犬病，我说我小时候被一只小猫抓划出一条血痕，但是没有去打疫苗应该怎么办？同车的一个男生说发作之前都可以去打啊，如果你觉得奇怪可以再让猫或者狗咬一次再去打疫苗，这样心里应该比较舒服。我说，这位同学你是来搞笑的吗？  ,回复@沈沁的沁:反正我也不去打了，以后发作了你们小心;最怕疫苗也不起作用，有相关新闻的;,2017-08-21 22:39,non-rumor
#狂犬病# 十几分钟前才知道狂犬病死亡率基本为100％翻了微博上的相关视频有几个小孩子看着很揪心 希望大家注意安全 自己家的宠物记得去打针 为了它也为了你的家人和朋友那么不吃狗肉 也算是一种对自己的保护了尤其是流浪的或者不熟悉的 不要圣母是真的请保护好你自己  再用正确的方式关爱它 原图 ,#狂犬病#已升级超级话题了呦，快来看看吧。进来发帖可以和更多爱好者一起交流，还能获得更多曝光~~戳→ →#狂犬病#;,2017-08-21 22:24,non-rumor
又话打台风，台风前夕更加热，然而我今日估计是狂犬病疫苗起反应，早晚都低烧，饮几多水都唔觉尿急。。。  [组图共2张] 原图 ,,2017-08-21 22:19,non-rumor
"遇到野狗咬自家宠物狗，非常危险，第一家狗可能被直接咬死，第二可能携带狂犬病，第三可能还有流浪狗协同。这个狗主人做的没毛病，第一借助工具打残野狗，避免宠物被咬死，第二始终不触碰野狗避免可能感染狂犬病，第三用木板办野狗推至路边不妨碍他人。整体做的没毛病！不明白媒体和一些人喷什么？！  
原始用户",,2017-08-21 22:14,non-rumor
我一般不跟疯狗见识，因为会得狂犬病，到时候出糗的是自己PS：视频仅作为狂犬病的诠释 木有米字的秒拍视频  ,我是借喻;这是谣言;已辟谣。;,2017-08-22 23:53,non-rumor
小区微信群一女人被自己的宠物狗咬伤了当场狂犬病发作死亡！群里的SB1开始了“让那些养狗的看看！”我说“请大家百度一下狂犬病吧，视频上的女人爬得这么欢应该是得了精神病吧”SB2出动了 “可能是这个女人的狗把别人伤到了，别人让她在地上爬学狗叫”……如果是这样这只狗当初就该把那人咬死#边牧##京都驿宠物欺骗# 原图 ,回复@Zyita:;回复@京都驿真面目曝光:我都是先举报，然后开始辟谣打脸(￢口￢)ノ;还见过视频里狂犬病咬人的[呵呵];,2017-08-22 23:44,non-rumor
网传吉大二院一女子因狂犬病身亡 实属谣言 http,,2017-08-22 23:03,non-rumor
#微博辟谣# 朋友圈都在传一个视频，配文字说在吉林大学附属第二医院，一个25岁女子伤狂犬病发作。发帖人已经飘上了黄丝带，大家也别再瞎传了。  [组图共2张] 原图 ,顶顶顶顶顶顶！！！;狂犬病只可预防，无法治疗，死亡率几乎是100%，但狂犬病发作不可能死那么快。;已经辟谣了，说这个女的是精神病患者;,2017-08-22 22:57,non-rumor
我正在看【如何鉴别狗患有狂犬病_有问必答_寻医问药网】，分享给你，一起看吧！ 如何鉴别狗患有狂犬病_有问必答_寻医问药网 http,,2017-08-22 22:43,non-rumor
摩洛哥的一座小村庄里有15名青少年轮流性侵了一只驴子而感染了具高度传染性的狂犬病。  ,回复@青年时代_轩:百度一下;什么鬼！可怕！;,2017-08-22 22:33,non-rumor
这家伙昨晚被野猫挠了，我有用🌂上的水帮他报仇；今天才知道不是所有大医院都有狂犬病疫苗可以打；今天首次尝试不带包出门发现完全没关系……  [组图共2张] 原图 ,,2017-08-23 23:26,non-rumor
发表了博文《卫生部《狂犬病暴露预防处置工作规范（2009年版）》》卫生部《狂犬病暴露预防处置工作规范（2009年版）》已经颁布2年。在此期间，WHO(世界卫生组织)根据狂犬病疫苗研究领域的最新进展，于卫生部《狂犬病暴露预防处置工作规范（2009年版）》  ,,2017-08-23 23:00,non-rumor
发表了博文《美国和WHO应对狂犬病疫苗短缺的新建议》发布时间：2009-9-24在美国，近几年出现狂犬病疫苗的供应短缺。作为应对措施之一，今年6月24日美国免疫实践咨询委员会（ACIP）提出暂时性建议美国和WHO应对狂犬病疫苗短缺的新建议  ,,2017-08-23 22:47,non-rumor
发表了博文《狂犬病疫苗研究的重大突破：可能用于狂犬病发病后的早期治疗》来源：http,,2017-08-23 22:43,non-rumor
发表了博文《中国的狂犬病控制：问题、进展和建议》武汉生物制品研究所　严家新（在卫生部自然疫源性疾病专家咨询会四届三次会议上的发言）一、解决狂犬病问题的关键和捷径，在于大力推行狗的狂犬病免疫接种。我在去中国的狂犬病控制：问题、进展和建议  ,,2017-08-23 22:33,non-rumor
狂犬病应急救护知识第二课（二）狂犬病暴露后分级处理原则，看图1。（三）应急救护原则（1）应急救护员带双层橡胶手套进行伤口处置。（2）立即用肥皂水或清水冲洗伤口至少15分钟。（3）不包扎伤口，立即到疾控中心注射狂犬疫苗和破伤风抗毒素。（4）对于暴露者，可到医院咨询处置方案。  原图 ,回复@Mickey-陈嬋:;回复@贱婢快滚别碰脏HL最宝贵的HZT:幸运;回复@Mickey-陈嬋:我是教育博主黄V;,2017-08-23 22:09,non-rumor
身边的狗狗，然而今天开会的时候我爸给我发了条微信，狂犬病是人畜共患的疾病。。。。我妈还说以后有宝宝了，奶奶要想带孩子家里有狗是不行的。这个以后肯定也是矛盾，拖一时是一时吧 合肥  显示地图 [组图共6张] 原图 ,,2017-08-24 22:45,non-rumor
疯狗咬你的时候，千万不要咬回去，会得狂犬病的  原图 ,;,2017-08-24 22:42,non-rumor
作为狂犬病重灾区，泥石流多发区，雷电劈人区，这次安全撤出 汉中·大河坎镇  显示地图 [组图共8张] 原图 ,注意安全奥，等你回来;,2017-08-24 22:26,non-rumor
这视频，上火，中国应该尽快完善儿童保护法。为了个视频，就不怕孩子得狂犬病。良心 用户6225336973的秒拍视频  ,,2017-08-24 21:59,non-rumor
人吃了猫肉，是要感染狂犬病毒的，人得了狂犬病以后，是要喝人血的，这是很严重的猫肉里寄生虫又多，希望大家警觉起来。人得了狂犬病，后果很严重的。  [组图共2张] 原图 ,,2017-08-24 21:47,non-rumor
狂犬病的潜伏期非常的长，我们这有个老头十几岁被狗咬了一口，活到86岁那年死了。  原图 ,回复@萌宠部落格:差不多吧！哈哈哈，转起来亲，我们一起科普下狂犬病;;,2017-08-24 21:18,non-rumor
狂犬病是由狂犬病病毒感染引起的一种动物源性传染病。近年来，其报告死亡数一直位居我国法定报告传染病前列，给人民群众生命健康带来严重威胁。尤其是暴露后的预狂犬病是由狂犬病病毒感染引起的一种动物源性传染病。近年来，其报告死亡数一直位居我国法定报告传染病前列，给人民群众生命健康带来严重威胁。为指导基层疾控机构做好狂犬病的预防控制工作，尤其是暴露后的预防处置，降低狂犬病所致死亡。 http,,2017-08-24 20:56,non-rumor
校园街、云山巷又有好几个人被狗🐶咬伤，据疾控中心说，这个季节打狂犬病疫苗的人天天有，哪些部门管理一下，到处是没人管理的狗，有一家养三四只，咬着人还不管@和顺发布 晋中  显示地图 ,,2017-08-24 20:53,non-rumor
我从网上查到狂犬病潜伏期是20年，然后我就笑了，19年前我被邻居的大黑狗咬了一下，现在还不是活的好好的，还有5秒就20年了，见证奇迹的时#内涵段子#   ,,2017-08-24 20:46,non-rumor
"大学生真的很多晚上跑步，还有小朋友。大型犬小型犬都有，经常听见狗互相间打招呼我这种看鬼片都笑的人无所谓，也被狗咬过，打过两回狂犬病疫苗不怕。但是操场上那么多柔弱的妹子，好多都挺害怕的，狗经常黏上来，希望学校管管  
原始用户",,2017-08-25 23:49,non-rumor
1.养狗的和不养狗的根本就是两个世界的人。2.铲屎官夏天不能穿短裤短裙，不然后果就是每次你回到家打开门的一瞬间，他们生扑三分钟的欢迎仪式会导致你双腿一道道伤痕累累，然后你还懒得去打狂犬病疫苗  ,同;,2017-08-25 23:43,non-rumor
近朱者赤近墨者黑  跟疯狗待久了自然就会乱咬 大家真爱生命远离狂犬病患者  ,,2017-08-25 23:39,non-rumor
狂犬病不是精神病！狂犬病百分百可预防！而且只要懂得基本的相处方式，狗也没那么可怕！『疯传女子被自家泰迪咬伤狂犬病发死亡？请别满嘴喷粪污蔑饲主和狗狗！』疯传女子被自家泰迪咬伤狂犬病发死亡？请别满嘴喷粪污蔑饲主和狗狗！  ,,2017-08-25 22:41,non-rumor
流浪狗有可能有了狂犬病的。  保安喂养流浪狗2年 忘带食物被12条恶犬咬死  ,,2017-08-25 22:24,non-rumor
我被注射假狂犬病疫苗而丧失劳力和向政府部门申诉已经十年（其中中央最高层八年）了，至今没解决。一个国家用十年的时间解决不了一起普通的被注射假药案。这就是中国的现实。湖南省郴州市桂东县信访局，违法乱纪打击报复陷害信访群众！将群众信访举报材料，转给被举报人和单位！直接假冒信访群众签名，虚假回复上级政府，欺上瞒下愚弄上级领导和信访群众！致使信访群众冤情长期得不到解决，反而冤上加冤，长期非法扣押身份证、剥夺治病权利等人身自由权利！ 自2006年向朝阳区市政管理委员会举报后，遭到由贪官们组织的6个人团伙，将举报人李庆勇欧打致重伤，接着遭到持枪绑架，在2008年又遭到大型烈性犬对李庆勇进行扑咬，，种种人身故意伤害案。生效的人身故意伤害的判决书，至今8年，法院不给执行生效的人身故意伤害的判决书其背后隐藏着巨大的贪官权力！！！°2016年04月23日 ,,2017-08-25 22:00,non-rumor
被老鼠、兔子等动物咬伤，用不用打狂犬疫苗？被牛、羊、猪等家畜咬伤，用不用打狂犬疫苗？被鸟、鱼、乌龟、蛇等咬伤，用不用打狂犬疫苗？被蝙蝠咬伤，为什么没出血也要注射狂犬病免疫球蛋白？  发布了头条文章：《被老鼠、仓鼠、兔子、鸟、乌龟、蜥蜴等咬伤后是否需要打狂犬疫苗？》 http,你好，我今年6月买了两只仓鼠，他们7月生了小宝宝，9月的时候我被小宝宝咬了，当时就冲水抹药没有打疫苗，10月底我被仓鼠爸爸咬伤，就做了处理后去打了疫苗，请问这样前后两次的处理妥当吗？现在还会有生命危险吗？;王医生您好，小孩三周岁，8月20日，疑似被狗划伤，然后接种了宁波荣安的狂犬疫苗，没有发烧，8月23日在外地接种了大连成大的疫苗，晚上就开始发烧不到38度，27日接种第三针成大疫苗后发烧了十多个小时，最高温度到38.7度，这种情况是在换其他厂家疫苗，还是继续接种成大疫苗？;王医生你好，5月7号地摊上买的一只仓鼠，8月21日晚上不小心被咬破一点点皮，有一丝血，伤口第三天就愈合了，几乎看不见了，25号全身有蚁感瘙痒，不知道我是不是得了狂犬病了？已经7天了，现在这只仓鼠还健康的活着;,2017-08-26 22:51,non-rumor
转 // #天天快报# 《国外小孩被野狗咬伤狂犬病发作，医生拍下他生命最后的时光》国外小孩被野狗咬伤狂犬病发作，医生拍下他生命最后的时光 国外小孩被野狗咬伤狂犬病发作，医生拍下他生命最后的时光 国外小孩被野狗咬伤狂犬病发作，医生拍下他生命最后的时光  ,,2017-08-26 22:40,non-rumor
"翻看这位博主的微博，全都是在针对流浪狗，估计已经被咬得了狂犬病，大家小心别被她咬了  
原始用户",,2017-08-26 22:08,non-rumor
"@狂犬病患猫 差不多被阿丢拉来玩剑三。相遇应该是在学校！一直以为是学长结果是女神丢，  
原始用户",回复@叶砸是个医学狗:还在90级啊;回复@狂犬病患猫:然后女神你的丐萝呢;爱我叶子;,2017-08-26 22:04,non-rumor
今天回来发现电闸被拉了，支付宝交了电费，又找物业恢复。有电了发现门口还贴一张欠费178的水费账单。想起我刚来这住第二天钥匙就断在锁眼里，找修锁师傅换了一巨贵锁芯。有一天屋里还飞进来一只蝙蝠弄得我一晚上担心被咬继而得狂犬病，种种历历在目，不过我终于要离开长春了，希望世界和平🙏  原图 ,回复@南坡自留地:是的，总是要走的;逃离大东北;,2017-08-26 21:55,non-rumor
你肯定会得狂犬病死 因为你无知 无根据说大话  居民报案恶犬出没 警察赶到现场全蹲下了!  ,,2017-08-27 21:40,non-rumor
发表了一篇转载博文《[转载]狂犬病可防可治》[转载]狂犬病可防可治  ,,2017-08-27 21:37,non-rumor
刚才又阅读了一段狂犬病的资料：有个学霸，考上防疫专业的博士研究生，暑假回老家农村。在田里条四五斤的小黑狗，跟着他回家了。正在一家人欢聚吃晚饭时，他腿被小狗咬了一口。他大惊，放下碗筷直奔市医院。父母兄弟等一家人还怪他太小题大作了。他说：“你们不懂，我是专家！”虽然他这么重视，最后还是狂犬病发作不幸离世。这事在当地震动很大，地方各级都组织了打狗队，几乎将所有狗打绝，好几年城乡完全不见狗了。 ,这个故事告诉我们，要积极消灭流浪狗，不要同情心泛滥。;有新闻链接嘛;,2017-08-27 21:03,non-rumor
狂犬病 ﻿                                 科普中国   国家卫生计生委                        ﻿            狂犬病（rabies）是狂犬病毒所致的急性传染病，人兽共患，多见于犬、狼、猫等肉食动物，人多因被病兽咬伤而感染。临床表现为特有的恐水、怕风、咽肌痉挛、进行性瘫痪等。因恐水症状比较突出，故本病又名恐水症（hydrophobia）。狂犬病病毒属于弹状病毒科狂犬病毒属，单股RNA病毒，动物通过互相间的撕咬而传播病毒。我国的狂犬病主要由犬传播，家犬可以成为无症状携带者，所以表面“健康”的犬对人的健康危害很大。对于狂犬病尚缺乏有效的治疗手段，人患狂犬病后的病死率几近100%，患者一般于3～6日内死于呼吸或循环衰竭，故应加强预防措施。﻿             就诊科室~传染科      常见病因由狂犬病毒通过动物传播给人而致常见症状恐水、怕风、发作性咽肌痉挛、呼吸困难等传染性有传播途径病犬、病猫、病狼等 [组图共3张] 原图 ,,2017-08-27 20:38,non-rumor
没错是我不顾国家安危救了你狂犬病哈哈//@Yetoil,,2017-08-28 23:58,non-rumor
某位狂躁症患者还不去看医生啊，小心狂犬病发作  ,,2017-08-28 23:33,non-rumor
#鹿晗粉丝社会垃圾#坐等打脸，一群得了狂犬病的人  ,,2017-08-28 22:55,non-rumor
男神，我想请教一个问题。人狂犬病发作会学狗叫吗？我跟我妈争论，我在网上查的狂犬病症状没有学狗叫这一条，我妈非说她以前在电视上看过一个新闻，说是一个小孩被家里狗咬了，后来狂犬病发作被拴绳子上还在学狗叫，让我说的不要太绝对。男神能给个准信儿吗~@博物杂志  ,回复@链链链链链链链链子哩:傻吧你，那是边叫边扑，有攻击动作的;回复@链链链链链链链链子哩:我妈的意思是狂犬病发作后行为会类犬，她在朋友圈看到一个小男孩被栓着学狗叫的视频，文案说是被家里狗咬了，得了狂犬病。因为之前不小心被公司的猫咪抓伤了，我仔细查过狂犬病，所以我觉得这条朋友圈是那种开篇一张图内容全靠编的假新闻，就跟她争论了一下;回复@smile九命cat:会叫。那是因为难受才叫的。好比有些人生病了很痛苦也叫唤。难道那也是狂犬病？我也是醉醉的。;,2017-08-28 22:23,non-rumor
我现在真的特别特别害怕怕自己得狂犬病特别怕我想找个人告诉我你没事的我特别怕很当年高考一样怕的不行嗯，没事，你会只是感冒了的。你没事  ,,2017-08-28 22:02,non-rumor
今天把儿子差点被大狗撞倒的事跟老家的父亲讲了。父亲也异常愤怒：“ 你们上海大城市那么富，怎么会有那么多狗，农村看家护院才会养狗。我们这里前两年出了几例狂犬病，现在几乎没人养狗，而且养狗的出门必须牵着绳子，没牵绳子城管看到立马就打死了。” 靠，我只想骂人。  ,国家允许一家人养一条，但是监督不力，并且，对于流浪狗，没人管，都是受害者;,2017-08-28 21:39,non-rumor
突然觉得很对不起妈妈，以前有个邻居，一辈子没结婚，据说做小三耽误了，她被人挑唆，有次故意将她的泰迪放在我妈后背上，咬伤我妈，因为她跟派出所有关系，那个西仲路派出所的左警察还收了她的礼，我妈虽然生气，但那时候我不知道狂犬病这么厉害，我还劝我妈算了，换做现在，我非弄死她！！我妈受了好大的委屈！这个女人最近舌头瘫了，遭报应了 ,,2017-08-28 21:25,non-rumor
可怜！8岁小孩不幸得了狂犬病，看着都揪心！ 可怜！8岁小孩不幸得了狂犬病，看着都揪心！  原图 ,,2017-08-28 21:15,non-rumor
本来今天我新男友都发了他的半裸照片邀我去游泳的，但我为了打狂犬病疫苗就拒绝了。没错下面那个就是我新男友。  原图 ,谁啊？;,2017-08-28 21:09,non-rumor
有的人总是片面强调狂犬病毒只大量存在于唾液中，这些人认为只有咬伤才会得狂犬病。我来给大家分析一下：1，病毒大量存在于唾液中，而狗只要舔一下自己的爪子，狗爪子也立刻有了狂犬病毒了。2.从实际的例子来看，被狗抓伤而得狂犬病的情况也很普遍。  ,晚安;,2017-08-28 20:30,non-rumor
