伦敦奥运会等待中…… 我在,,2012/7/27 23:59,non-rumor
奥运会快开幕之时，我谨代表伦敦当局向亲爱的@HamnaHo 小盆友道声生日快乐哈！祝年年岁岁时时刻刻分分秒秒霎霎那那都过的充充实实！实现心中所想，欢喜每一天！[禮物][禮物][cai慶祝]  ,回复@fiona-fighter:谢谢！！;回复@Sunshine__Lv:你们慢慢抢~我飘过~顺便祝一下生日快乐！@HamnaHo;回复@HamnaHo:是我最早吧;,2012/7/27 23:59,non-rumor
#2012伦敦奥运会#logo那些事儿~其实对04年雅典奥运会的视觉形象印象是更深刻的，很纯净、很雅典。但同一家公司的设计， 一个雅致，一个活跃，都相当的契合了国家要给予的印象，已是难得了//@9号品牌设计,,2012/7/28 0:00,non-rumor
真心对奥运会兴趣不大，最吸引我的还是中国足球超级联赛。我在这里,,2012/7/27 23:59,non-rumor
#熬夜看奥运#今晚四点奥运会开幕式，我要起床看，嘻嘻~~  ,hanhanhanhan.taobao.com/ 小店衣服不错 可以逛逛哦~~;,2012/7/27 23:59,non-rumor
本打算看伦敦奥运会开幕，结果突然有事明天要去盈江。还是好好睡觉吧。。。那么多明星梦里见了。。。  ,,2012/7/27 23:59,non-rumor
奥运会又到了，四年又过去了，没想到四年后我还是没所突破。伤心、真想回到四年前的今天…  ,,2012/7/27 23:59,non-rumor
【刘翔：本届奥运会心态最放松】奥运开幕，刘翔却并不在伦敦。正在德国封闭训练的他接受采访时表示，与前两届奥运会相比，这届奥运会心态最为放松。“翔飞人”甚至认为，只要能跑进决赛，就算是成功，“我感觉只要跑进决赛，只要能站在决赛的跑道上就可以了，我就是最棒的，其他的考虑得不多。”  原图 ,打电话问老师地址，竟然不告诉地址;真想把微博上关键字屏蔽加一个“刘翔”，成与不成都不需要我们这些旁观者评价，做好自己，就够了！希望他以后能走的更好[呵呵];是不是刘翔，进了决赛，就有人给广告赞助费了？要求降低了？;,2012/7/28 5:03,non-rumor
发表了博文 《第30届奥运会凌晨4：00在英国伦敦开幕》 -  2012年7月28日（农历六月初十）  星期六  阵雨   清早7：30起床打开电视，奥运直播正在进行火炬传递进主会场。看了一会伦敦奥运 http,,2012/7/28 23:59,non-rumor
发表了博文 《《2012伦敦奥运会盛大开幕》》 -  《2012伦敦奥运会盛大开幕》  《2012伦敦奥运会盛大开幕》   北京时间2012年7月28日凌晨四时，英国伦敦奥林匹克主体育场在这一刻成为了 http,,2012/7/28 23:59,non-rumor
家里没电视'多想天天回家看看奥运会'能不能满足下？  ,,2012/7/28 23:59,non-rumor
我刚刚为奥运中国健儿排队加油了，呐喊一声，即有机会赢得现金红包啊！多排队多呐喊，当然是多得红包咯。【淘宝伦敦奥运会排队抢红包】http,,2012/7/28 23:59,non-rumor
"女排姑娘好样的，每到奥运会，她们总不会让我们失望！加油！  
原始用户",,2012/7/28 23:59,non-rumor
伍艺空间首展日志1：忙到此时，从卫生间洗完澡出来，翻看到手机上陈世和老师回复的短信，才意识到现在是伦敦奥运期间。陈老师今天凌晨5点才睡，下午四点醒来，当然错过了我们的画展和讲座。他表示遗憾，我接受这个理由，呵呵！不管怎么说，奥运会应该更重要。看奥运，是陈老师他们那代人的生活乐趣之一  ,,2012/7/28 23:59,non-rumor
伦敦奥运会：中国队旗开得胜，捷报频传。这能否给明天的股市带来点喜气，从而一扫久来的阴气呢？  ,,2012/7/29 23:59,non-rumor
《【薪太疼字幕组】韩国MBC电视台版本 2012伦敦奥运会 400M自由泳决赛[高清中字]》 转载请注明【薪太疼字幕组】翻译：太疼KIKI 制作：加薪KERRI严禁商用及二改！！！！！！！！ http,三个字：闹麻了！;回复@晓毅啊:还不错;这个版本好看么？;,2012/7/29 23:59,non-rumor
#奥运会射箭女子#……排除其他的，话说韩国队三个女的皮肤真的都不错也……  ,,2012/7/29 23:59,non-rumor
奥运会第一枚金牌叫首金，那么，第一枚银牌呢？@Lionel-小杰 @子浩只是一个梦想 @谁说多啦没有梦 @假装不独裁 @王瑋同学 @丨一千头伤心的奶牛丨 @黄俊杰-黄好好  ,我乜嘢都矛知道;回复@Lionel-小杰:装逼必遭劈;回复@丨一千头伤心的奶牛丨:证明我思想比你们好[挖鼻屎];,2012/7/29 23:59,non-rumor
【伦敦奥运第二起兴奋剂事件】 国际奥委会29日证实，乌兹别克斯坦体操运动员路易扎-加柳里娜药检未过关已被临时禁赛。这是伦敦奥运会开幕以来曝出的第二起兴奋剂阳性事件。加柳里娜的临时禁赛已生效，是否会做出进一步处罚，有待周日她的B瓶尿样检测结果出来以后而定。  ,,2012/7/29 23:59,non-rumor
写啊写啊写啊写，我的课题还没写完不过把香港市场上外资中资私人银行狠狠刨一遍确实让我很过瘾，香港几个月也算业务上有所得，心安了。只是，今晚恐怕又是一个挑灯夜战的不眠夜，偏偏有些人不自觉，从奥运会观众席上打电话来还号称是安慰，明明就是刺激人  ,回复@Nicole_lindsey:是的啊;怎么感觉还在读研究生，课题啊课题，哈哈;回复@高小咪mimi:写不动了;,2012/7/29 23:59,non-rumor
这次奥运会  有很多国家 很多不同的队伍 穿的是李宁的运动服      可是为什么 国队穿的是别的国家的牌子？   难道中国的牌子已经赞助不起中国的队伍了？  中国体育部门是有多富有…     大家心照       求转  ,"我也发现很久了这问题。队服不是李宁的就是鸿星儿克  吐逼那波温的赞助的。妈的自己人是耐克啊迪蛋疼;回复@冯冯冯Pires:你不看看  有多少穿的是nike;回复@冯冯冯Pires:因为我想到   老让我们支持国货   并且还是山寨那种 然后这算什么？  而且  就是这种情况 支撑着类似""国zu""的失败;",2012/7/29 23:59,non-rumor
 @荞麦麦卖萌 一心看奥运会都不睬我了ヽ(*｀д´*)ﾉ@_milagro_  原图 ,,2012/7/29 23:59,non-rumor
刚刚于嘉跟我说，我很幸遇，我上届北京奥运会看的棒球是最后一次在奥运会里有棒球比赛，我竟然看了最后的男子棒球决赛~我为什么要删掉棒球啊！！！@金玉其外金玉其内 @Marteau_sans_Maitre  ,小众项目;因为棒子抗议，棒子怎么能是个球呢？;;,2012/7/31 0:00,non-rumor
【2012年伦敦奥运会：男子体操团体决赛，中国队第一个项目是吊环】 图为冯哲庆祝动作成功  原图 ,,2012/7/30 23:59,non-rumor
我以为，伦敦奥运会的最大收获是微博迫使媒体反省，人们应回归到对英雄的尊重和崇拜，那怕是失败的英雄，而不是对金牌的的崇拜！ //@曹景行,,2012/7/30 23:59,non-rumor
好多我这四届的奥运会看着的运动员，今年都退役了，成了解说员，哎。。伤感  ,,2012/7/30 23:59,non-rumor
美国Nbc电视台录播的奥运会，基本没实况，体操等项目只播美国运动员，昨天罗马尼亚队也有播放，其他国家一概无视，中间无数广告。  ,,2012/7/30 23:59,non-rumor
#2012伦敦奥运会# @丁宁 不错不错 加油啊 稀罕你嘞 小姑娘长得真顺眼  ,,2012/7/31 23:59,non-rumor
条件这么有限，办什么奥运会呢？//@MR-INVISIBLE-A青峰受饥渴,,2012/7/31 23:59,non-rumor
鄙视伦敦奥运会，办得难看不说，还尽是失误，就单单升旗一事，想想都气人，自己没本事拿金牌就算了，还到处诬蔑我们，真TM憋气！不看奥运了！！  ,,2012/7/31 23:59,non-rumor
昨晚熬夜看奥运会男团体操太给力了、今晚受不了，女团体操只能看明天重播了 我在,;,2012/7/31 23:59,non-rumor
虽然我对奥运会不感兴趣，但是还是感动了一下//@郎心铁归不来,,2012/7/31 23:59,non-rumor
从奥运会上就可以看出，中国人的自卑心太重。得个冠军就举国欢呼，失去冠军就上下骂娘。不就是一场体育比赛嘛，有必要上升到民族层面吗？民族自信心不是靠冠军来树立的。  ,也这么觉得;,2012/7/31 23:59,non-rumor
 紫色控有福利了！由于适逢英女王登基６０周年庆典，伦敦奥运会领奖台和服装的颜色全部采用与英国皇室加冕袍一样的紫色。连礼仪小姐妆容都用了紫色哦！伦敦奥组委透露，颁奖台和服装都出自伦敦皇家艺术学院一个学生设计小组之手。喜欢不?  原图 ,,2012/7/31 23:59,non-rumor
这奥运会不在自家门前开就是不爽吖！体操，跳水，男篮明还怎么上班  ,回复@April茵小茵:不过已经很努力了，虽然输得很惨;回复@我是润润妈:应该学棒子，哭着赖那不走;我昨晚看完女团才睡的，小姑娘哭的稀里哗啦的;,2012/7/31 23:59,non-rumor
发现个问题，对于伦敦奥运会！我们是：赢！不行！你肯定用兴奋剂了！；平！也不行！！！国旗给你放下面！！；输！还是不行！！！你消极比赛，对不起体育精神！！！ 那是要怎样？？？（转）  原图 ,那就挺着吧;各种人格爆发了！;;,2012/8/1 22:46,non-rumor
   奥运会非常有的意义，这意义来至于全世界运动员欢聚在一起反复的聆听中国国歌  ,,2012/8/2 0:00,non-rumor
分享图片@爱吃花生米de肥兔子 @Sissi荷塘豬豬 @沈鹭Asuka @囧橙子停在阳光海岸 最近伦敦奥运会。。。  原图 ,;回复@沈鹭Asuka:;回复@囧橙子停在阳光海岸:;,2012/8/1 23:59,non-rumor
视频-伦敦奥运会花美男泛滥 正太卖萌秀腹肌 http,,2012/8/1 23:59,non-rumor
#国羽~羽毛球# 没有上诉，又是什么服从，尊重羽联决定的P话！！失望！太失望了！咱们在奥运会上已经让过多少回了？因为妥协丢的牌子也不少了。还没明白在现在的奥运会上，已经不是你尊重别人就能得到别人的尊重的！！大国就该吃闷亏么？  ,,2012/8/1 23:59,non-rumor
狗屁，中国运动员都尼玛跑去马来西亚？当别人的代表参加奥运会？  ,无所谓啊，在国内遇不到伯乐嘛;,2012/8/1 23:59,non-rumor
奥运会看到现在，真的不得不说几句。第一，伦敦奥组委这个世界人的盛会怎么组织的？第二，同一个世界同一个梦想到伦敦怎么就成了同一个梦想不同的猜想？第三，所谓的规则是黑色的吗？第四，所谓的道德去哪里了？@CCTV奥运风云会 @新浪体育  ,,2012/8/1 23:59,non-rumor
"#锦江之星为伦敦奥运会中国健儿加油！#  
原始用户",,2012/8/1 23:59,non-rumor
 @丁宁 不哭 你依然最棒 第一次看奥运会会有想跟着选手流泪的感觉  ,裁判的错。;回复@张芷睻cci变肉多多:裁判好sb 还有那个刘小霞;回复@冯强Eric:嗯！;,2012/8/1 23:59,non-rumor
起来上个厕所发现王皓又输了…也够背了…最后一届奥运会还是和冠军失之交臂…心酸!你仍然是最棒的  ,,2012/8/2 23:59,non-rumor
王皓，连续三届奥运会乒乓球男单银牌，你已经很棒了，金牌有时没那么重要，精神最重要。  ,,2012/8/2 23:59,non-rumor
王皓你还是最棒的，三届奥运会的坚持不容易，给你祝福和掌声！也恭喜张继科，用时最短的大满贯！恭喜！ 我在,,2012/8/2 23:59,non-rumor
"王皓是奥运史上水平发挥最稳定的选手，连续三届奥运会都打进了决赛，并且都获得了亚军。  
原始用户",,2012/8/2 23:59,non-rumor
伦敦奥运乒乓球男单决赛，首次参加奥运会的张继科以4-1击败王皓，取得金牌。张继科去年曾连获世乒赛和世界杯冠军，这样他就成了中国男乒历史上继刘国梁和孔令辉之后第三位大满贯选手！这也是中国在本届奥运会上获得的第18枚金牌。让我们为他们呐喝彩吧！  原图 ,呜呜呜！我比较喜欢王皓，昨天下午才看的他的比赛，也是4比1击败他国选手。;,2012/8/2 23:59,non-rumor
王皓终究还是没能圆梦 记得我九岁那年看雅典奥运会时就特为他惋惜 所以一直想看见他站在奥运最高领奖台上的样子 可十二年过去了 三届奥运会 每一次他都离冠军那么近 却也都是擦肩而过 哎…下一届…恐怕看不到了他吧…多么遗憾…  ,回复@123是小青年:对啊 不忍看他失落的表情 多希望赢的是他 毕竟真的可能是最后一次机会了;好可惜的说 总是差那么一步;回复@范佳彬:真不想听别人叫他千年老二;,2012/8/2 23:59,non-rumor
“这是王皓第三次获得奥运会亚军，这也是一个奇迹。”这话听着怎么那么别扭..虽然我这场纯粹是来看张继科的......  ,回复@a-Pilgrim:从未被超越;回复@gummycandy:是吧~我只能说想想巴熊~这都不算啥;解说员太黑了。;,2012/8/2 23:59,non-rumor
"我们还是一个不发达的国家，我们难免在筹备奥运会的工作中存在这样和那样的问题但是，中国人想把奥运会办好这颗心是真诚的  
原始用户",,2012/8/2 23:59,non-rumor
悲剧的王皓，连续三届奥运会乒乓男单亚军。。。  ,,2012/8/2 23:59,non-rumor
"说多一句，记得奥运会开初是以业余为宗旨，也即其大部分项目是不允许职业选手参加的，只为保证体育精神的纯洁性。但现在有哪个项目不是被职业选手占领了？即使规则允许，打假球什么的应该在奥运会上发生么？  
原始用户",回复@研究僧Noah:现在很多为了挣钱不择手段，哪里管你顾客不顾客[挖鼻屎]黑心企业无良商户一抓一大把;回覆@Present_Yip:既然为了挣钱，就应该尊重观众，因为他们是顾客。;能挣钱嘛;,2012/8/2 23:59,non-rumor
#2012伦敦奥运会# 王皓，再一次得了亚军，这个结果对他来说多少有些遗憾。讲解员说他第三次获得亚军，也是项记录，听上去有些讽刺的味道。我看好的他虽然没赢，在场上的他还是非常帅气的，继续加油啊。  ,,2012/8/2 23:59,non-rumor
菲尔普斯前两届奥运会一人独得六枚与八枚金牌，而这次居然才拿了一枚，这太不正常了！只有两种可能性：1、前两次他使用了当时科技未能查验出的兴奋剂；2、这次他在故意消极比赛。如果是哪一种，都必须剥夺他的奥运资格，没收奖牌。（via树下野狐）  原图 ,确实应该彻查。为什么西方对这么反常的事视而不见?[挖鼻屎];是要逼死菲尔普斯吗？==;？？;,2012/8/2 20:22,non-rumor
这几句话说的都很好很励志。。送给所有在奥运会上拼搏的中国队员们！！//@八卦_我实在是太CJ了,,2012/8/4 0:00,non-rumor
从开幕式开始每天都在关注奥运会，看到紧张的时刻眼泪都快淌出来[夺冠感动]，运动员们的努力刻苦让人深深佩服，而十年磨一剑坚持付出赢得的荣誉都来之不易。那些诋毁诬蔑之声此时显得是如此的荒谬和可笑！被取消比赛资格的羽毛球队员更是让人遗憾。虽然熬夜又黑眼圈，可我依然要为这样精彩的比赛加油！  ,,2012/8/3 23:59,non-rumor
"在08奥运开幕式之前,参加过一期叫《我们》的奥运专题节目.新华社记者杨明断言08奥运开幕式肯定比不上雅典奥运开幕式, 被刘长春（中国奥运第一人，第一位正式参加奥运会的中国运动员）后代当场骂不是中国 人 http",,2012/8/3 23:59,non-rumor
最新奥运资讯：好幸运能看到我偶像罗杰费德勒在伦敦奥运会网球男子单打半决赛，历经4个多小时的苦战，战胜对手最终挺进决赛！愿能实现金满贯！  ,,2012/8/3 23:59,non-rumor
有人说这次奥运会，中国像甄嬛，总是忍辱负重但是地位却不容忽视，遭到各路羡慕嫉妒恨。美国是花枝招展的华妃，现在很得意，其实家室已经在衰落。英国则像皇后，表面上一副友爱无害的样子，其实最有城府。安陵容绝对的是韩国！ 实力不如人就。。。。  原图 ,,2012/8/3 23:59,non-rumor
奥运会看的我很不爽都是什么破裁判，就是史上最不靠谱的一届奥运会!!!  ,,2012/8/3 23:59,non-rumor
伦敦奥运会到底怎么了？不是乌龙，就是争议，出的这几件大事还都和中国有关系，你们到底想干吗？[左哼哼]  ,,2012/8/3 23:59,non-rumor
以前的奥运会真心没听说有这次这么多乱七八糟的事儿，也许这次曝光的比较多。。。。???  ,微波力量大;回复@wdmdbb:估计会退役吧;回复@超级无敌duozhui曼:要我就选择退役，去国外继续打;,2012/8/3 23:59,non-rumor
#传奇微奥运# 【羽毛球女单王仪涵进决赛 中国提前包揽金银牌】伦敦奥运会女单半决赛结束了第一场较量，中国头号女单王仪涵苦战两局，以21-13和21-13淘汰了印度内瓦尔，由于另一场女单半决赛在中国选手汪鑫和李雪芮之间进行，这样实际上中国已经提前锁定了羽毛球女单项目的金银牌。http,,2012/8/3 23:59,non-rumor
如果在奥运会的赛场上都不能维持公正的话，那为什么大家还要参加这个所谓的体育盛会呢？奥林匹克精神又何在？ 我在,回复@潇萌的地盘:既然不能拥有一颗公正的心，为什么又来当裁判来糟蹋运动员呢？;,2012/8/3 23:59,non-rumor
【中国将就自行车金牌取消提出申诉】记者薛原伦敦消息，中国自行车队在场地自行车馆召开媒体见面会，表示将向国际自盟和国际奥委会提起申诉。在2日晚的场地自行车团体竞速赛中，中国女队在决赛战胜德国队的情况下，被判犯规获银。伦敦奥运会主办方赛后给出的官方解释是“中国队提前接力被取消成绩”。  原图 ,"据中央电视台播报的新闻来说，当时我们中国军团要求裁判调出比赛视频来看，是否犯规，可裁判拒绝这样做。既然你都敢判，还不敢让我们看看究竟呀，难道是嫉妒我们的肤色比你好看;是呀,我一直在琢磨这件事,弄不明白.;好心酸;",2012/8/3 21:36,non-rumor
赢了是打了兴奋剂，输了是消极比赛，平了就将国旗挂在下方，这一届的奥运会是故意针对中国的吗！！！  ,,2012/8/4 23:59,non-rumor
就是伦敦奥运会的那天，全世界人的目光都注视到奥运会，确忽视国内江苏重大事件。事情的真相确无人报道，http,尊敬的网友@萝卜白菜CC ，启辰提醒您，关注伦敦奥运会同时，别忘了参与启辰秒杀哦，中国队每夺一块金牌，你就有机会赢得一台启辰汽车！只需点击：http://t.cn/zWSQ7Cu;大家都进来看看咯;,2012/8/4 23:59,non-rumor
"#买礼包，得门票# #陈翔# 我22，乃有看奥运会比赛么？  
原始用户",,2012/8/4 23:59,non-rumor
@阿斯顿发123321 “方才百无聊赖，无意听说同事们都去参加#我的桌面奥运会#了，私心想若能与你一起携手穿越到@360安全桌面，擂台论剑，草场赛马，并能在泳池轻撇你那婀娜的身姿，虽会耽误下班，倒也不负恩泽。””说人话“”我想和你PK“http,,2012/8/4 23:59,non-rumor
#我的桌面奥运会#12台MacBook Pro、12台iphone 4S、12台iPad、17台优美手机、84台Touch、1450桶润滑油……看别人把大奖赢回家你不心动吗？奖品高达21612件，中奖几率如此之高，难道你不试试运气吗？来，参加我的桌面奥运会，不去伦敦，一样玩转奥运，赢取超级大奖 http,,2012/8/4 23:59,non-rumor
"在奥运会决赛场上发球连网都唔过,日本人真丢脸!  ",,2012/8/4 23:59,non-rumor
看完申花，现在看奥运会男足比赛，巴西🆚洪都拉斯，看看内马尔是怎样玩弄⚽  原图 ,回复@Dirty的KIMO:网上看的;尊敬的网友@兪烱瑋 ，启辰提醒您，关注伦敦奥运会同时，别忘了参与启辰秒杀哦，中国队每夺一块金牌，你就有机会赢得一台启辰汽车！只需点击：http://t.cn/zWSQ7Cu;哪个频道放阿;,2012/8/4 23:59,non-rumor
这种平平淡淡的日子 自己是想要激荡起什么波澜呢 伦敦奥运会进行的如火如荼 却好像与我无关 晚上差不多要睡着的时候 心里面都会默默地念 时间在此刻静止吧 可还是会天亮 醒来后依旧是这种无休止的工作 既然不喜欢 为什么不干干脆脆地走掉 这个梦实现不了 那就换一个吧    原图 ,每一個夢想成真都有一個艱難過程…;,2012/8/4 23:59,non-rumor
伦敦奥运会的今天属于中国军团的一天！频频夺金，中国军团是最伟大的！  ,尊敬的网友@品质铸就品牌-服务成就未来 ，启辰提醒您，关注伦敦奥运会同时，别忘了参与启辰秒杀哦，中国队每夺一块金牌，你就有机会赢得一台启辰汽车！只需点击：http://t.cn/zWSQ7Cu;,2012/8/5 23:59,non-rumor
好困惑，谢杏芳为什么变得这么漂亮？比08年奥运会的时候漂亮千百倍，是整容了咩？还有她旁边坐的那个穿玫红连衣裙的女人，好像莫文蔚，难道莫文蔚也是超级丹的粉丝？哎，我真的觉得我是十万个为什么，从小到大每天脑子里都有无数亟待破解的疑问。  ,回复@黑妹蛇小妞:真的好漂亮好淑女啊，和之前真是判若两人;回复@欢乐黑猫警长:因为不知道的感觉很不好;回复@Sabrina_S:是啊，一开始我也以为不是她，但是镜头好多次给到她，后来我还去搜索她现在的照片，确实判若两人;,2012/8/5 23:59,non-rumor
中国女篮在本届奥运会上的表现真的很不错。。中锋 陈楠 就算在美国队里，我看都能打首发  ,尊敬的网友@show-尛棟 ，启辰提醒您，关注伦敦奥运会同时，别忘了参与启辰秒杀哦，中国队每夺一块金牌，你就有机会赢得一台启辰汽车！只需点击：http://t.cn/zWSQ7Cu;,2012/8/5 23:59,non-rumor
放伦敦奥运会标志加上一个笑脸之后，会是什么？@赓娃娃 @马涛0131 @律清亮  @璀璨岚岚 @YJFCH @啵啵Q亲亲 @杀雪碧swk @sidmeier @Hsueh的 @  原图 ,,2012/8/5 23:59,non-rumor
伦敦奥运会羽毛球林丹夺冠的那场看得我好激动！虽然在新加坡住了这么多年，骨子里还是个不折不扣的中国人  ,回复@侯国琛:哈哈我还一直以为你是新加坡人呢...;回复@曾惜nicole:每天都在给中国队加油呢！;原来你是中国人....;,2012/8/5 23:59,non-rumor
"【什么是父爱】女儿啊，父爱就是""爸爸愿意在收看直播伦敦奥运会上，林丹VS李宗伟这场羽坛巅峰对决的第三场比赛（13",,2012/8/5 23:59,non-rumor
突然想到，这届奥运会羽毛球男女单打冠军都是军人呢  ,,2012/8/5 23:59,non-rumor
"哇哇哇哇哇哇哇！！！！！！！！！太棒了！穆雷终于爆发了！！！我想这或许是本届奥运会英国人最期待的一枚金牌！Congratulations!!!  
原始用户",,2012/8/5 23:59,non-rumor
这届无力吐槽，这届奥运会最不爽的就是中国男篮了，别的不说了，去学学中国女篮，什么叫态度。 我在,回复@坏脾气小姐soraya:不就是卧龙山庄下来的路嘛;回复@坏脾气小姐soraya:恶趣味啊;,2012/8/5 23:59,non-rumor
蔡?/傅海峰获得奥运会羽毛球男双冠军，取得中国代表团第28枚金牌，中国羽毛球队首次包揽五金。 http,,2012/8/5 23:59,non-rumor
我参与了投票【你觉得本届奥运会哪个国家金牌数最多？】　http,,2012/8/5 23:59,non-rumor
中国队金牌数少于美国，但美国的奖牌榜我们仍旧排名第一，两张不同图片代表截然不同的奥运会价值观，我们是不是有些过分“金牌至上”了？奥运会夺块铜牌那也是难上加难，但我们这么多年形成的一种整体印象，拿下金牌就是天下至尊，拿块银牌你啥都不是！  ,如今能想起夺银牌的队员寥寥无几，谭宗亮，王皓，李卓，陈颖，乐茂盛.....还有谁啊？;,2012/8/5 23:59,non-rumor
奥运会就是看世界上谁游得最快、跑得最快、打得最好、耍得最好，就是个大Party，国家奖牌榜应该淡化，别整成全民体育发展的遮羞布  ,在游泳和羽毛球方面，作为业余选手，我一直是相当出色的哦，传递一次正能量，虽然我是交税的，和自费的。;同意皓阳同志的看法，建议@体育总局;,2012/8/5 23:59,non-rumor
一冰，在我们眼中你就是冠军，金牌不一定是最好的~现在的奥运会如此不纯粹~~掺杂太多的成分~·加油~喜欢你干净纯真有点可爱的笑容~~抱抱~~~//@阿阿仔,,2012/8/6 23:59,non-rumor
"此乃我人生二十余年最失败之奥运会，弱国无外交，拿再多金牌人家还是看不起你！！  
原始用户",,2012/8/6 23:59,non-rumor
很想等闭幕式看看罗格会用什么词评价这届奥运会…  ,我申诉一下......;,2012/8/6 23:59,non-rumor
2004奥运会体操男子单杠决赛 涅莫夫遭受不公，全场10分钟嘘声 http,,2012/8/6 23:59,non-rumor
"我都哭了,这次伦敦奥运会裁判感觉有意针对中国选手,真实可恶至极,一冰最棒  
原始用户",,2012/8/6 23:59,non-rumor
奥运会是世界人民在和平年代娱乐精神的体现，重在参与，比赛要有端正的心态。赢的时候嘲笑别人，输的时候输不起，不是健康的心态。发起这个话题的人或组织更是没水平，明显想挑起国人的不满，能伸能屈才是健康的心态  ,这个，我说。那帮没有专业水准的钛合金狗眼裁判们，早就污蔑了奥林匹克神圣的光环了。;别将这些自以为众人皆醉我独醒的话，看比赛了吗？看了还这么说那我建议你去配副高度镜片的眼镜。没看比赛就别给我发在这里装13;结果出来的时候，陈一冰和何可欣都是一脸微笑，还非常有风度地主动去祝贺冠军。他们赢得起也输得起。但是你看到他们在面对我们自己的记者时，终于眼眶含泪的时候，你都不会为他们遭遇到的不公而愤慨而痛心吗？特别是陈一冰，退役一战，如此收场，我们不求别的，只求公平。我们不谈国家，就是为运动员不;,2012/8/6 23:59,non-rumor
真他妈受不了了！！伦敦办得这是啥奥运会啊！！一坨屎！！看完陈一冰的比赛更气的不行！什么他妈玩意儿啊！！！太你妈恶心了！！  ,回复@璐小程:嗯，淡定！彰显我国大度风范！但我们表示强烈抗议！谴责！;回复@becky8885:呵呵，淡定点;回复@璐小程:太至于了！你可能比赛直播看得少，所以特别气愤！;,2012/8/6 23:59,non-rumor
"这届奥运会为什么都不待见中国了，，  
原始用户",,2012/8/6 23:59,non-rumor
这届奥运会裁判都争当主角，运动会，主角就是主角，配角就是配角！  ,,2012/8/6 23:59,non-rumor
刘翔到底有多牛B ？他是地球上目前惟一将世界纪录、奥运会冠军、世界冠军、世界室内锦标赛冠军的“四大满贯”包揽于一身的人，他早已功成名就可以退役。却依然在拼搏，事实上他从未欠过我们什么，相反给过无数惊喜。不管结果怎样，都支持他！刘翔！相反，微博上那些骂刘翔的，黑他的，都什么心态？  原图 ,原谅他吧，一个世纪年龄33的男人。;//@圆梦传奇FC: 从那些黑刘翔的人，可以看出来这些人是多么的病态。如果换成是他们，受伤跑下来试试。给到他的压力太大了。永远支持刘翔他就是成功路上跌倒的你我。;回复@122312421GF:哈哈 影帝;,2012/8/7 18:50,non-rumor
以后中国再办届奥运会，然后取消马术改成溜熊猫，没有熊猫的国家不许参加。溜熊猫人员规格分为男单，男双，女单，女双，混双，男团，女团；距离分为100米，200米，400米，1500米，400米接力；姿势分为左手溜，右手溜，双手溜：共计多少枚奖牌我就不算了  ,,2012/8/7 23:59,non-rumor
刘翔，你的跟腱再硬也承受不起13亿人之重啊，奥运会上谁都可以输，就你不可以，全国人的脚都可以伤，就你没资格，为什么，因为中国的田径实在是太弱了，可又没有这个气度去看着人家把金牌往家里拿，我们要包揽乒羽金牌，还要你去和那些黑人玩命，没办法，谁叫你是中国人呢，趁还有一条腿，赶紧歇了吧  ,[挖鼻屎]我们从小就接受一种叫做「使命感」的教育--能者多劳；既然老天赐予了豹的速度就不能有猫咪眼打盹的状态，凡人仰望英雄没有错；英雄只能和英雄惺惺相惜；刘翔，你尽力了也辛苦了；栏迷，释怀了也成熟了;,2012/8/7 23:59,non-rumor
就是'赶紧灭了她们'我要看福原爱 #2012年伦敦奥运会# //@爱微看,,2012/8/7 23:59,non-rumor
瓷娃娃福原爱终于能在世界大赛上拿到一块奖牌了，和郭跃一样，这可是三届奥运会的老将了，当年一起出道的两个金童，都曾经无限风光前途无量，只可惜两个人现在都被埋没沦落了  ,,2012/8/7 23:59,non-rumor
谁说外国人都表里如一？那帮裁判嘴里的奥林匹克精神都TM是空话！全都说一套做一套，奥运会，哼！都是侧面打压咱们！  ,,2012/8/7 23:59,non-rumor
"我依旧想起雅典奥运会上，刘翔的冲刺以及当时解说员喊着的，刘翔，刘翔，冲刺，刘翔赢了！转眼过去两个四年，在现在商业与金牌牢牢挂钩的社会里，人们的思想是有多复杂，我们没有经历别人所经历的，不能感同身受，但是今天看完刘翔单脚蹦完110米，很是心疼。  
原始用户",,2012/8/7 23:59,non-rumor
#苦逼的中国队#奥运会居然还会被黑了四块金牌，苦逼的人民，被伤的人心啊。。  ,尊敬的网友@不想不行的圆 ，启辰提醒您，关注伦敦奥运会同时，别忘了参与启辰秒杀哦，中国队每夺一块金牌，你就有机会赢得一台启辰汽车！只需点击：http://t.cn/zWSQ7Cu;,2012/8/7 23:59,non-rumor
伦敦奥运会，可笑，陈一冰完美演出被黑，何可欣完美演出被黑，刘翔栏杆提高高度，叶诗文被质疑服药。你们还有什么招数尽管使出来。中国永远都是金牌榜第一，奖牌榜第一  原图 ,,2012/8/7 23:59,non-rumor
现在我才发觉本届奥运会貌似没有足球耶，咋就没听到关于足球的比赛以及直播呢！怎么回事呢？媒体干嘛去了……  ,,2012/8/7 23:59,non-rumor
刘翔到底有多牛B ？他是地球上目前惟一将世界纪录、奥运会冠军、世界冠军、世界室内锦标赛冠军的“四大满贯”包揽于一身的人，他早已功成名就可以退役。却依然在拼搏，事实上他从未欠过我们什么，相反给过无数惊喜。不管结果怎样，都支持他！刘翔！！！（转）[加油] http,我的偶像;必须要;回复@WU-DJ--:跟你这种人扯浪费我流量;,2012/8/8 9:16,non-rumor
我是有多迷今届奥运会每晚不睡觉把想看的都追了，不过第二天上班就杯具罗男子乒乓球团体赛加油！  ,,2012/8/8 23:59,non-rumor
藏獒还蛮可爱了。。。。。。。难道这届奥运会很流行卖萌么，看谁最萌是吧。。。。。。。  ,回复@C_小傻:我知道。。。;回复@SeveN彭鑫V:我没那东西;回复@SeveN彭鑫V:可想给韩国人讲，别喝水了，其实都没出汗吧应该，马上就打完了，想喝打完再喝吧;,2012/8/8 23:59,non-rumor
电视上面回放的奥运会慢动作…我不行了！！哈哈哈哈哈哈哈哈  ,回复@赵书包:腿毛哥哥说他想到赵书包还在厕所躲雨他就不能安心的睡觉;回覆@Juno_Libra:去找腿毛哥哥擁抱去你~;回覆@唐仙贝:好滴;,2012/8/8 23:59,non-rumor
信孚要闻（8.8）——举国体制之外多“奇葩”：1、网易【这些奇葩也来参加奥运会】：美国花游女队无政府资助只好白天训练晚上卖艺表演筹措训练经费；日本射箭选手辞掉大学工作专心训练，负债60万... http,,2012/8/8 23:59,non-rumor
（转）刘翔在#伦敦奥运#110米栏预赛中摔倒遗憾告别奥运，但官方数据显示，刘翔起跑时间为0.123秒，在所有参加比赛的选手中排名第一。刘翔在4年前经历人生谷底后，仍顽强地坚持，在可能是自己最后一届的奥运会上，竭尽全力去拼搏。他值得尊重！http,,2012/8/8 23:59,non-rumor
"阿莉森.菲立克斯 & 姗娅.里查德兹 两人最后一届的奥运会，各自收获200,400冠军，足以让她们刻进美国田径的名人堂!--------这完全就是田径界的惠特妮.休斯顿和玛丽亚.凯莉啊，实力和美貌的完美融合!我爱你们!  ",回复@野蛮人一号:;我也爱的'你懂的'费里克斯的完美步伐;,2012/8/9 23:59,non-rumor
"噗，哈哈哈，奥运会的出糗程度和我们的恶搞能力成正比……  
原始用户",,2012/8/9 23:59,non-rumor
“能够进入奥运会，我就已经没有压力了，获得这枚银牌我已经很开心。我缺乏这样的大赛经验，今天我已经发挥了自己最好的水平，关键是在这次奥运会我已经获得了成长。”--任灿灿 不以金牌论成败，多么积极的心态，每一个能够登上奥运赛场的人都是英雄，只要超越了自己就是成功！ 一起把爱传出去！  ,,2012/8/9 23:59,non-rumor
虽然没有熬夜看奥运会吧，但是今晚翻了翻网上网友视频的集锦。太坑爹了吧？！尼玛伦敦是不是四年不够你准备奥运会的呀？！尼玛评委裁判都脑子进水泥了呀！尼玛看不惯我们中国呀？凭什么别的国家申诉就能要回金牌银牌，中国就是等着安排啊！还是曾小贤说的好，北京奥运会开的这么牛，你们伦敦还开个球呀  ,,2012/8/9 23:59,non-rumor
 @百合受不了伦敦奇葩奥运会 压错男主最痛苦了。顺便你这个名字就是考虑了这么久的结果么  ,回复@百合受不了伦敦奇葩奥运会:对了我现在因为一书萌上都市言情了。但是找了几本都没让我满意的看几章就弃了。翻来翻去都觉得没劲。古代又看厌了现代又没好的难道注定我要继续回归BL怀抱了么！！！;回复@百合受不了伦敦奇葩奥运会:就是我之前不是说我看了一小说改编电视剧片花（就是我说小哇角色不是太适合）后又想重温重温，然后想当初我希望是男主的那个最终尘埃落定不是男主。这人是个凤凰男所以我觉得小哇不是很适合。不过我觉得在电视剧里可能这个会变男主;,2012/8/9 23:59,non-rumor
奥运专题十三：伦敦奥运会的比赛场馆分布在伦敦奥林匹克公园、伦敦市区以及英国其他地区。其中用于足球比赛的场馆就包括考文垂市体育场、格拉斯哥汉普顿公园球场、卡迪夫千年体育场、曼彻斯特老特拉福德球场、纽卡斯尔圣詹姆斯公园球场和伦敦温布利体育场。  原图 ,,2012/8/9 23:59,non-rumor
#CCTV5# CCA国际版权与北京华像万千文化成功为央视CCTV5套引进《伦敦文化与体育》些列纪录片已经在奥运会期间播出， 值得骄傲的团队，继续加油。  原图 ,祝贺，为你们加油！;;,2012/8/9 23:59,non-rumor
靠！会告状了不起啊！！奥运会都不让看！声音都关的几乎静音了！！！一觉醒来不爽就开始赶人啊！！！！又不是你房间！！！  ,,2012/8/9 23:59,non-rumor
"偶吧！偶吧！偶吧！！！竟然在这个时候更博！2的好可爱啊，哈哈，久违了的感觉，你砸还没睡觉捏，还是在看奥运会？@minoz-萍子 @Minoz凯月  
原始用户",昨晚我实在太困了没看到;,2012/8/9 23:59,non-rumor
#百变大咖秀#太搞笑了，最近#2012伦敦奥运会#都木有时间支持芒果台了绝对的娱乐效果…今晚木有啥兴趣大大的项目，so，速速碎觉，养精蓄锐[打哈气][睡觉]@何菲_童鞋  明天使劲嗨皮打算私奔的@苏晓魂老头 明天你就陪你家大爷吧  ,,2012/8/9 23:59,non-rumor
中国和英国现在有四笔账要算：鸦片战争，火烧圆明园，伦敦奥运会……还有……英语四六级！（奥运微吧）~~点击关注@顶尖内涵图 只为博你一笑   原图 ,这个四笔账说的好经典啊！完全支持！其他的都好一点，就是最后一个！从一级就该找他们算帐了;//@周立啵脱口秀精选:中国和英国现在有四笔账要算：鸦片战争，火烧圆明园，伦敦奥运会……还有……英语四六级;今晚如何;,2012/8/9 9:00,non-rumor
奥运专题十四：韦茅斯-波特兰港将举办伦敦奥运会和残奥会的帆船比赛。该场馆也是2012年伦敦奥运会首个建设完工的场馆。这座场馆包含了韦茅斯-波特兰国立帆船学院和毗邻的商业码头，曾举办过2006年世界青年帆船锦标赛。  原图 ,,2012/8/10 23:59,non-rumor
看了篇报道太损了：内容是强烈要求奥运会闭幕仪式由刘翔单脚举国旗出任旗手！  ,回复@诱诱甜橙:恩，不过好希望旗手是张继科，他太帅了，爱屎了，哈哈哈;回复@马小超:蒙古著名淫乱网络女歌手啊;回复 @Remond-熊缭乱:宝音达赖是谁;,2012/8/10 23:59,non-rumor
"#心系汶川，助威中国# 努力、坚持，是生活中必不可少的一种信念，这也是一种奥运精神，团结、奋斗，也是奥运精神的展现，让我们一起心连心，为汶川加油， 祝福奥运会带来更多的精彩！ @沃尔玛魅力加油站 @巴黎欧莱雅@hoolahoop @皮皮俏妞 @章珠贝贝  
原始用户",,2012/8/10 23:59,non-rumor
当我们都在讨论着受伤的刘翔时，是否有人会想起冠军阴影下的他----史冬鹏？伦敦奥运会上，我没有看见他的采访，难道没有得到过冠军就会那么容易被遗忘吗？他一直跟刘翔一起奔跑着，可是……  原图 ,,2012/8/10 23:59,non-rumor
"August 9, 2012 - 伦敦奥运会男子200米决赛中，博尔特以19秒32的成绩夺得金牌，成功卫冕，伦敦碗体育场。该项目三枚奖牌均由牙买加选手获得。摄影师：Lucy Nicholson http",,2012/8/10 23:59,non-rumor
操TMD的伦敦奥运会！！！裁判都TMD是瞎子吗？回来看49公斤级的重播！她娘的！@我就是我邹市明 被那个半主场作战的爱尔兰，用手拽，用膝盖顶！你TMD当是散打还是摔跤啊！狗日的裁判瞎了他的狗眼了！！！冯喆用四川话说：龟儿子裁判！老子用贵州话说：砍血脑壳的烂死裁判！  ,回复@T-Naview:大家保持林丹口型！;请用林丹口型;,2012/8/10 23:59,non-rumor
"August 9, 2012 - 伦敦奥运会女子沙滩排球决赛中，美国队员 April Ross 和同胞 Kerri Walsh 激战正酣，伦敦皇家骑兵卫队阅兵场。老将 Walsh/Treanor 最终击败 Ros http",,2012/8/10 23:59,non-rumor
看到冠军澳大利亚小将霍顿嘲讽孙杨的新闻，我想到两个人，一个是韩国的朴泰桓，一个是同样来自澳大利亚的麦克沃伊。1，本届奥运会400米自由泳通过预赛后，有媒体请霍顿回应所谓”孙杨溅水花干扰霍顿训练“的报道时，他出言不逊的说，我根本没空理他，也不想去尊重一个drug cheat。2，孙杨和朴泰桓曾经是这个项目最强劲的对手，两个人早在8年前就进行过强强对话，但两人赛场外更像是一对好基友。现在朴泰桓早已不复当年，这次甚至都没能进入决赛，但我看了一段他本届奥运的采访，朴泰桓千辛万苦重返泳坛，目标之一，就是想再跟孙杨会一会，再拍一张合影，因为在同一泳池比赛，这样的机会，越来越少了……看到这一段时，又唏嘘又感动。3，同样是来自澳大利亚的麦克沃伊，如果看过2015年世界游泳锦标赛的朋友，对他和宁泽涛的那场比赛一定印象深刻。那一场宁泽涛是冠军，麦克沃伊仅以0.11秒屈居亚军，然而他赛后没有丝毫不开心，直勾勾的盯着宁泽涛看，嘴角上扬，眼神简直写满了爱意，还拍了拍小手，对宁泽涛表示祝贺。这是气度。总觉得英雄之间的关系，应该是这样，在赛场上是对手，是巅峰对决，是拼尽全力要赢你，在场外，是朋友，是我英雄你好汉，是惺惺相惜，是互相尊重和爱慕。而非抵毁和不屑。怎么说呢，名次固然重要，人品才分高低吧。（图1：霍顿嘲讽孙杨的新闻；图2：孙杨为朴泰桓庆生；图3：麦克沃伊爱意满满） [组图共3张] 原图 ,有本事的人才能“英雄惜英雄”……霍顿那是啥玩意儿;这才是素养;麦克沃伊发微博@宁泽涛 说东京见...😭 😭 😭 评论配图;,2016/8/7 11:52,non-rumor
发布了头条文章：《师伟：论奥运首金》 ——金牌的争夺是奥运会的主要看点。 师伟：论奥运首金  ,回复@江西病猫:那是少数落后分子，不能作为妇女的代表;师总，哈哈，可惜撒泼打赖抗法袭警的主力军也是妇女！;博主对奥运金牌太着相了，霉体嗨是生意需要，体育的嗨是产业需要，老百姓嗨那是乐呵，别拔高到啥战争吧，没看到国家最高层之前是大掌柜二掌柜的出面打气，如今派个管吹鼓的刘长老出来饯行意思即可，穷叮当没自信的时候会靠金牌撑面子，俄罗斯受压迫受委屈普京要出来打气。奥运对国民就个大趴蹄。;,2016/8/8 23:59,non-rumor
【中国第3金！湖南湘西伢子龙清泉打破世界纪录夺冠】里约奥运会男子举重56公斤级决赛，龙清泉以307公斤的总成绩获得冠军，时隔8年之后再次获得该项目的金牌，这也是中国代表团本届奥运会获得的第三枚金牌。这就是中国力量！  [组图共9张] 原图 ,,2016/8/8 23:59,non-rumor
我艹……又是奥运会了😳😳😳距离2008北京奥运居然过去8……年......了......😭😭😭  原图 ,,2016/8/8 23:59,non-rumor
回到心爱的船上尽情享受奥运会，第一天比赛两轮稳定发挥跑了3、4。可惜第二轮输掉了抗议审理。在距离迎风标约两条船长时左右舷犯规，绕完标后做了两圈解脱。上岸后被美国Paige抗议转圈太晚，仲裁取消了我第二轮的成绩。有点心痛，但必须接受事实。我现在能做的就是怎么把后面五天的比赛发挥到极致。拼尽全力冲完终点，哪怕就地倒下也满心欢喜。 http,做事别太里约;做最真的自己，相信自己。;加油(ง •̀_•́)ง;,2016/8/9 7:14,non-rumor
"奥运七点开幕，早晨必须关注国家下午两点半再刷三宝动态若是被国家推到风口浪尖上添福宝从今以后有可能再也不会出现在咱们面前尤其是北京应援的妹子一点要注意明早7点北京直播里约奥运开幕注意早上关注国家，下午关注爱豆别再说什么和奥运会抢头条了记住了，谢谢  
原始用户",,2016/8/9 23:59,non-rumor
这样的奥运会，我们怎么看，不过，中国的队员们，你们是最棒的！#里约奥运会#  原图 ,,2016/8/9 23:59,non-rumor
#里约奥运#里约奥运会，最垃圾的一届奥运会，没有之一！！！垃圾外媒！垃圾黑判！没有职业道德！还有那些恶意抹黑、恶意申诉的外国运动员，没有运动精神，简直恶心透了！ 中国运动健儿们，加油！！！尽你所能！  ,,2016/8/9 23:59,non-rumor
从奥运会看出来了，想要和一个专业的最强者站在一起竞技，必须付出整个青春的时间。 //@来去之间,看得我也好紧张…~ //@来去之间:;,2016/8/9 23:59,non-rumor
“采访到吴敏霞的男朋友，记者一脸懵逼了哈哈哈。 ” #里约奥运会# 一起来看~(使用#秒拍#录制) http,,2016/8/9 23:59,non-rumor
回想四年前的轮蹲奥运会吊环决赛，我们选手表现得完美无缺，却被裁判以“太完美了”为理由判巴西选手冠军，从那时起我就对所谓的奥林匹克失望了你是位优秀的运动员，或许里约裁判的理由也是“你太完美了”。请相信你在我们心中是真正的冠军//@吕斌,,2016/8/9 23:59,non-rumor
为什么对于运动员的关注仅存在于奥运会期间呢？为国争光应该比起那些唱歌或者影视界的名人更来的伟大吧。  原图 ,,2016/8/9 23:59,non-rumor
#里约奥运会# 两场论，杜兰特真实命中率高达94.7%，而效率值达到41.6竟然只排第三，第二位是考辛斯，另外，第一的数据是什么鬼？😂😂😂  原图 ,,2016/8/9 23:59,non-rumor
"独木桥1221：在奥运会拳击比赛中，选手吕斌 全程吊打对手！即将宣布结果时，本应获得冠军的吕斌还沉浸在胜利的喜悦中，最后裁判却让来自肯尼亚的选手获胜，赛后记者采访了现场许多观看比赛的观众都认为吕斌应该获胜。同志们请转发起来  
原始用户",,2016/8/9 23:59,non-rumor
"儿时常问大人为什么游泳击剑马术这些运动决赛看不见中国，大人说因为这是富人运动。这话记忆犹新。今年的奥运会，从开始就各种被调侃，估计孩子们都不知道在漫长的依靠乒乓羽毛体操这类比赛来冲金的日子里中国人对金牌的执着，以及何谓富人运动。而今多样化的金牌构成，坦然的态度，想感谢我的祖国  
原始用户",,2016/8/9 23:59,non-rumor
"#聚焦2016里约奥运会# 乒乓球是中国队的强项啊，加油！[加油啊]@思想汇聚人生 @一句话囧言囧语 @新浪湖北 @湖北之声 @央视新闻  
原始用户",,2016/8/9 23:59,non-rumor
"#P#August 10, 2016 - 2016里约奥运会女子双人10米跳台决赛，中国选手陈若琳与刘蕙瑕正在完成比赛动作，巴西里约热内卢。两人以354分的成绩获得该项目冠军，这是中国代表团连续5届获得该项目奥运金牌。23岁的陈若琳自2008年开始参加奥运会，创造了奥运会 @iDaily每日视野 http",,2016/8/10 23:59,non-rumor
#丁宁里约奥运会加油# 洪荒之力使出来👊👊👊 //@不眠伐开心,,2016/8/10 23:59,non-rumor
"丁宁加油！！！伦敦奥运会的时候真的超心疼，都快看哭了！！！转眼四年了，我只想说丁宁加油，丁宁加油，丁宁加油！！！  
原始用户",,2016/8/10 23:59,non-rumor
奥运会开始了咱们也要运动起来//@动漫行者,,2016/8/10 23:59,non-rumor
哎，有那么些培养运动员的钱，修修健身场地，现在打场网球花钱都难找地方，别说免费得了 球迷必进，我正在#里约奥运会第5比赛日全景直播#聊天，聊球交友赢奖品！http,,2016/8/10 23:59,non-rumor
#一起看奥运#【此刻，你愿为这个名字转发吗？林丹！！】今晚7,讽刺;可是你出轨了;讽刺;,2016/8/11 17:25,non-rumor
#里约奥运会# 【中国再添1银1铜！女子50米步枪三姿 张彬彬、杜丽分获银牌、铜牌】在刚刚结束的女子50米步枪三姿决赛中，首次征战奥运会的中国小将张彬彬发挥稳定，夺得银牌，老将杜丽获得铜牌。德国选手恩莱德以458.6环、仅0.2环的优势摘得金牌。给杜丽和张彬彬点赞！  [组图共2张] 原图 ,给力~牛人;;向为国争光的运动员致敬！;,2016/8/11 23:59,non-rumor
"这两天关注奥运会去了感觉都冷落了我老公  
原始用户",,2016/8/11 23:59,non-rumor
每次看《爵迹》物料，总有种演员得罪原力得罪造型师得罪P图师的感觉~心塞塞的~那宣传物料简直就半成品，倒是把手头发皮肤文络肌肉做好了放出来呀。刚看完奥运会国球，解说有句话对，人还是要向前看！  ,,2016/8/11 23:59,non-rumor
#2016巴西里约奥运会#什么奥运，什么足球，这才是巴西生猛的“日常生活”！ @赢联APP@2016巴西里约奥运会http,,2016/8/11 23:59,non-rumor
从西安回来后，喉咙就开始疼痛，今天陪父亲母亲吃了饭，午睡醒来后，声音就沙哑了，甚至不能说成句的话，许久不曾失声，无论喝多少的水，都无用，姐姐和陈孩子在看奥运会比赛，我坐在一边看书，独木舟偶然的一句话，触动了痛处，引起了短暂的咳嗽，睡前依旧拿出本子书写纪录点滴，心情总不可抑制凉薄。  原图 ,回复@夏落落summer:嗯嗯，我又躲回这里悲伤了;一切都会好起来的。;越来越久的凄凉，会对生活丧失了所有热情。;,2016/8/11 23:59,non-rumor
奥运会的运动做们颜值太高了，从孙杨，宁泽涛到张继科，每次都忍不住去看直播，现在我连马龙都觉得好帅，因为觉得长得像我宇哥@宇哥考研  原图 ,,2016/8/11 23:59,non-rumor
#一起看奥运#【教练刘国梁训练张继科视频曝光 网友：眼睛根本跟不上球速。。】里约奥运会，中国乒乓球队包揽男单女单的金银牌。你看到了他们的风光，然而能了解他们的努力吗？一段张继科训练时的视频↓↓你们感受下~http,@松仁玉米菲;@松仁玉米菲 教练我只服刘国梁。。。;我科最帅;,2016/8/12 20:14,non-rumor
2008-2016千言万语也无法描述此刻的心情！只为再看你最后一届奥运会！等待你的谢幕，安全就好，不再受伤，不要受伤！平安归来！仅此！@何雯娜  ,,2016/8/12 23:59,non-rumor
首次来到南美大陆的奥运会，前几日带来一场如同南美风情的大秀的里约奥运会开幕式，被誉为史上“最性感开幕式”…… 这个时候，就该迷醉在南美风情里  ,回复@斯比克儿:美美美~;回复@--想说听说别说--:;回复@遇树林丰项目:[奥运金牌];,2016/8/12 23:59,non-rumor
在家补了一天的 W.两个世界，第八集因为里约奥运会停播了，只能不停的回顾第七集～甜的简直～花式虐狗啊  [组图共2张] 原图 ,坐等下班...;回复@MaYooii:私我有哦🐣🐣;,2016/8/12 23:59,non-rumor
最近最讨厌的事情之一，奥运会 梅河口·光明街区  显示地图 ,回复@享受生活用户5999749723:哈哈;好大气的理由;回复@享受生活用户5999749723:被刷屏啊。。;,2016/8/12 23:59,non-rumor
"等我们杰伦发一条微博真的有千年等一回的错觉！anyway，嫂子生日快乐！！！#昆凌生日快乐##2016里约奥运会#  
原始用户",,2016/8/12 23:59,non-rumor
【唐嫣雅典奥运闭幕式上跳舞视频曝光 大屏幕上还有关晓彤】2004雅典奥运会闭幕式上，当时还在中戏念大二的#唐嫣# 被选中参加了中国8分钟闭幕表演。大闭幕上播放的北京奥运会宣传片中，还有#关晓彤# ！你能认出来么？唐嫣曾在雅典奥运闭幕式上跳舞 大屏幕上竟然还有关晓彤 160813  [组图共3张] 原图 ,祝福 祝我珠宝大卖事事顺利;@花街的琴囡 臭姑;能选上的不光是漂亮还得身材够好，身高够高啊;,2016/8/13 15:38,non-rumor
#BWF世界羽联##里约奥运羽毛球# 徐晨/马晋战胜了伦敦奥运会铜牌得主丹麦组合尼尔森/佩德森，成功晋级后，@MJ0507 说道：“这三天没有人知道我们经历了什么，每一天都要顶住压力去想着赢球。半年前我就提过退役，但是队伍需要我就留下来接着打。” 另外马晋还感谢了林丹昨天的开导@徐晨XUCHEN 则表示：“今天与马晋积极调整了心态，希望能做好眼前。” http,徐晨马晋的1/4比赛是什么时候？;加油哦！！尽力就好！！;马晋声音很好听;,2016/8/13 23:59,non-rumor
"怎么我一夸人，那人就被淘汰了😂解说也是逗：""第一轮世界纪录走了，第二轮奥运会记录走了，现在第四轮世界排名第一也走了""  ",,2016/8/13 23:59,non-rumor
"棒棒的，加油加油！其实我觉得奥运会不应该总给老将压力，应该更多的去关注新人。  
原始用户",,2016/8/13 23:59,non-rumor
#SOAR发售# NIKE WOMEN’S MOMENTS IN OLYMPIC CITY PACK就是为了纪念属于女性运动员的历史时刻而设计的城市版运动鞋。洛杉矶：源自洛杉矶奥运会第一次参加女子马拉松比赛夺金的JOAN BENOIT的，洛杉矶 CORTEZ ULTRA LOTC QS，零售价：¥699。于2016-8-14早上11：00正式发售，欢迎前来选购。@AJCLUB @NikeSportswear [组图共9张] 原图 ,,2016/8/13 23:59,non-rumor
借着里约奥运会我也来运动一下 香港特别行政区·Manly 秒拍视频 .  显示地图 ,哈哈哈哈哈哈，我刚看见这视频、太逗了！“咣”把你一扔，姥姥太逗了;,2016/8/13 23:59,non-rumor
每次看奥运会运动员拼命冲刺的那一刻，我都激动的要哭…  原图 ,,2016/8/13 23:59,non-rumor
#围观里约奥运会#谢震业百米第一轮小组第一晋级，张培萌小组第七。  原图 ,,2016/8/13 23:59,non-rumor
这次奥运代表团，总体心里压力太大，整体发挥不好，应该是进来几届奥运会成绩比较差的一次。压力呀  ,,2016/8/13 23:59,non-rumor
